decision_rank,model_id,decision,family,symbol,timeframe,train_return,validation_return,locked_oos_return,ready_for_paper,ready_for_real,real_money_execution,rejection_reasons
1,a30fb_donchian_atr_2h_solusdt_lb12_atr0p5_hold4_3p0x_0p15_4ee824f8,no_promotion_shadow_or_reject,donchian_atr_volatility_breakout,SOLUSDT,2h,0.37159208103659314,0.3438555036641264,-0.05206271535044571,False,False,False,locked_oos_return_not_positive;locked_oos_return_per_turnover_proxy_bps_-28.924_not_above_10.000
2,a30fb_donchian_atr_2h_solusdt_lb12_atr0p5_hold8_3p0x_0p15_57756910,no_promotion_shadow_or_reject,donchian_atr_volatility_breakout,SOLUSDT,2h,0.3061937585844712,0.31686017074192296,-0.04808445482640955,False,False,False,train_return_below_validation_return;train_validation_return_ratio_0.9663_below_1.00;locked_oos_return_not_positive;locked_oos_return_per_turnover_proxy_bps_-29.682_not_above_10.000
3,a30fb_voladj_trend_4h_ethusdt_lb6_z1p0_hold12_cool2_adx20_low_vol_q75_3p0x_0p15_6f053d44,no_promotion_shadow_or_reject,volatility_adjusted_trend_persistence,ETHUSDT,4h,0.3334865431937457,0.2850697772163153,-0.07646702582753273,False,False,False,locked_oos_return_not_positive;locked_oos_return_per_turnover_proxy_bps_-53.102_not_above_10.000
4,a30fb_donchian_atr_2h_solusdt_lb12_atr0p5_hold4_3p0x_0p1_da028a8b,no_promotion_shadow_or_reject,donchian_atr_volatility_breakout,SOLUSDT,2h,0.24276072824379025,0.21940816240057281,-0.034728271130099686,False,False,False,locked_oos_return_not_positive;locked_oos_return_per_turnover_proxy_bps_-28.940_not_above_10.000
5,a30fb_donchian_atr_2h_solusdt_lb12_atr0p5_hold4_2p0x_0p15_d9c47291,no_promotion_shadow_or_reject,donchian_atr_volatility_breakout,SOLUSDT,2h,0.24276072824379002,0.2194081624005726,-0.034728271130099686,False,False,False,locked_oos_return_not_positive;locked_oos_return_per_turnover_proxy_bps_-28.940_not_above_10.000
6,a30fb_donchian_atr_1h_solusdt_lb24_atr0p5_hold4_3p0x_0p15_ec23855f,no_promotion_shadow_or_reject,donchian_atr_volatility_breakout,SOLUSDT,1h,0.2425764533388226,0.2288348858724043,-0.05353375248085812,False,False,False,locked_oos_return_not_positive;locked_oos_return_per_turnover_proxy_bps_-24.784_not_above_10.000
7,a30fb_donchian_atr_1h_solusdt_lb24_atr0p5_hold8_3p0x_0p15_fb1a9c9c,no_promotion_shadow_or_reject,donchian_atr_volatility_breakout,SOLUSDT,1h,0.24388344516412896,0.2974783507991672,-0.059834618480185675,False,False,False,train_return_below_validation_return;train_validation_return_ratio_0.8198_below_1.00;locked_oos_return_not_positive;locked_oos_return_per_turnover_proxy_bps_-28.906_not_above_10.000
8,a30fb_donchian_atr_2h_solusdt_lb12_atr0p5_hold12_3p0x_0p15_e7f253e9,no_promotion_shadow_or_reject,donchian_atr_volatility_breakout,SOLUSDT,2h,0.4803266591710089,0.2192393055187447,-0.03587503252508073,False,False,False,locked_oos_return_not_positive;locked_oos_return_per_turnover_proxy_bps_-22.145_not_above_10.000
9,a30fb_donchian_atr_2h_solusdt_lb12_atr0p5_hold8_3p0x_0p1_7418ea24,no_promotion_shadow_or_reject,donchian_atr_volatility_breakout,SOLUSDT,2h,0.20358108871158342,0.20300159482505498,-0.03201399511463454,False,False,False,locked_oos_return_not_positive;locked_oos_return_per_turnover_proxy_bps_-29.643_not_above_10.000
10,a30fb_donchian_atr_2h_solusdt_lb12_atr0p5_hold8_2p0x_0p15_272b8c55,no_promotion_shadow_or_reject,donchian_atr_volatility_breakout,SOLUSDT,2h,0.20358108871158254,0.20300159482505475,-0.03201399511463454,False,False,False,locked_oos_return_not_positive;locked_oos_return_per_turnover_proxy_bps_-29.643_not_above_10.000
11,a30fb_voladj_trend_4h_ethusdt_lb6_z1p0_hold12_cool2_adx20_low_vol_q75_2p0x_0p15_dbbfdf4d,no_promotion_shadow_or_reject,volatility_adjusted_trend_persistence,ETHUSDT,4h,0.2214237223564628,0.18396672139881298,-0.05111993407180071,False,False,False,locked_oos_return_not_positive;locked_oos_return_per_turnover_proxy_bps_-53.250_not_above_10.000
12,a30fb_voladj_trend_4h_ethusdt_lb6_z1p0_hold12_cool2_adx20_low_vol_q75_3p0x_0p1_d44b8900,no_promotion_shadow_or_reject,volatility_adjusted_trend_persistence,ETHUSDT,4h,0.22142372235646235,0.18396672139881298,-0.05111993407180071,False,False,False,locked_oos_return_not_positive;locked_oos_return_per_turnover_proxy_bps_-53.250_not_above_10.000
13,a30fb_donchian_atr_1h_solusdt_lb24_atr0p5_hold8_3p0x_0p1_c1ed07ee,no_promotion_shadow_or_reject,donchian_atr_volatility_breakout,SOLUSDT,1h,0.1653072812363494,0.19130641924199598,-0.04000451752028866,False,False,False,train_return_below_validation_return;train_validation_return_ratio_0.8641_below_1.00;locked_oos_return_not_positive;locked_oos_return_per_turnover_proxy_bps_-28.989_not_above_10.000
14,a30fb_donchian_atr_1h_solusdt_lb24_atr0p5_hold8_2p0x_0p15_3f7fee50,no_promotion_shadow_or_reject,donchian_atr_volatility_breakout,SOLUSDT,1h,0.16530728123634852,0.19130641924199598,-0.040004517520288885,False,False,False,train_return_below_validation_return;train_validation_return_ratio_0.8641_below_1.00;locked_oos_return_not_positive;locked_oos_return_per_turnover_proxy_bps_-28.989_not_above_10.000
15,a30fb_voladj_trend_4h_ethusdt_lb6_z1p5_hold12_cool0_adx20_low_vol_q75_3p0x_0p15_9f5581c8,no_promotion_shadow_or_reject,volatility_adjusted_trend_persistence,ETHUSDT,4h,0.5380969131655582,0.18790247031868512,-0.08298903666367963,False,False,False,validation_mdd_0.1533_above_0.12;locked_oos_return_not_positive;locked_oos_return_per_turnover_proxy_bps_-68.304_not_above_10.000
16,a30fb_ma_slope_adx_6h_bnbusdt_fast12_slow48_adx15p0_3p0x_0p15_b2b87090,no_promotion_shadow_or_reject,ma_slope_adx_trend_filter,BNBUSDT,6h,0.15245758849542712,0.16164084943128576,0.008599209759897253,False,False,False,train_trade_event_count_75_below_80;validation_trade_event_count_13_below_30;locked_oos_trade_event_count_11_below_20;train_return_below_validation_return;train_validation_return_ratio_0.9432_below_1.00
17,a30fb_voladj_trend_1h_ethusdt_lb6_z2p0_hold8_cool0_none_3p0x_0p15_401ba955,no_promotion_shadow_or_reject,volatility_adjusted_trend_persistence,ETHUSDT,1h,0.2538271732384323,0.17942483364485673,-0.047648144164183615,False,False,False,locked_oos_return_not_positive;train_return_per_turnover_proxy_bps_7.531_not_above_10.000;locked_oos_return_per_turnover_proxy_bps_-11.146_not_above_10.000
18,a30fb_donchian_atr_1h_solusdt_lb24_atr0p5_hold4_3p0x_0p1_22fb2800,no_promotion_shadow_or_reject,donchian_atr_volatility_breakout,SOLUSDT,1h,0.1644302719599764,0.1488283901282319,-0.03571342260685262,False,False,False,locked_oos_return_not_positive;locked_oos_return_per_turnover_proxy_bps_-24.801_not_above_10.000
19,a30fb_donchian_atr_1h_solusdt_lb24_atr0p5_hold4_2p0x_0p15_e2ef9371,no_promotion_shadow_or_reject,donchian_atr_volatility_breakout,SOLUSDT,1h,0.16443027195997573,0.1488283901282319,-0.03571342260685284,False,False,False,locked_oos_return_not_positive;locked_oos_return_per_turnover_proxy_bps_-24.801_not_above_10.000
20,a30fb_voladj_trend_4h_solusdt_lb6_z2p0_hold8_cool0_adx20_low_vol_q75_3p0x_0p15_26080cd3,no_promotion_shadow_or_reject,volatility_adjusted_trend_persistence,SOLUSDT,4h,0.15699377257630265,0.1611964336297993,-0.02954808310693846,False,False,False,train_return_below_validation_return;train_validation_return_ratio_0.9739_below_1.00;locked_oos_return_not_positive;locked_oos_return_per_turnover_proxy_bps_-31.268_not_above_10.000
21,a30fb_donchian_atr_2h_solusdt_lb12_atr0p5_hold12_3p0x_0p1_9b890e18,no_promotion_shadow_or_reject,donchian_atr_volatility_breakout,SOLUSDT,2h,0.30914477536012264,0.14279109226607845,-0.02373682157331647,False,False,False,locked_oos_return_not_positive;locked_oos_return_per_turnover_proxy_bps_-21.979_not_above_10.000
22,a30fb_donchian_atr_2h_solusdt_lb12_atr0p5_hold12_2p0x_0p15_bc6550db,no_promotion_shadow_or_reject,donchian_atr_volatility_breakout,SOLUSDT,2h,0.30914477536012197,0.14279109226607822,-0.02373682157331647,False,False,False,locked_oos_return_not_positive;locked_oos_return_per_turnover_proxy_bps_-21.979_not_above_10.000
23,a30fb_voladj_trend_1h_ethusdt_lb6_z1p5_hold8_cool2_low_vol_q70_3p0x_0p15_722119b7,no_promotion_shadow_or_reject,volatility_adjusted_trend_persistence,ETHUSDT,1h,0.16766140724186784,0.1623414137802075,-0.018510034818397414,False,False,False,locked_oos_return_not_positive;train_return_per_turnover_proxy_bps_3.806_not_above_10.000;locked_oos_return_per_turnover_proxy_bps_-3.344_not_above_10.000
24,a30fb_voladj_trend_1h_ethusdt_lb6_z1p5_hold8_cool2_none_3p0x_0p15_c3e3b688,no_promotion_shadow_or_reject,volatility_adjusted_trend_persistence,ETHUSDT,1h,0.3743533288415548,0.16219046707772722,-0.02131880482666071,False,False,False,locked_oos_return_not_positive;train_return_per_turnover_proxy_bps_8.639_not_above_10.000;locked_oos_return_per_turnover_proxy_bps_-4.049_not_above_10.000
25,a30fb_voladj_trend_4h_ethusdt_lb6_z1p5_hold12_cool2_adx20_low_vol_q75_3p0x_0p15_445f5c19,no_promotion_shadow_or_reject,volatility_adjusted_trend_persistence,ETHUSDT,4h,0.469843097981296,0.15604478193643145,-0.0824583853571279,False,False,False,validation_mdd_0.1579_above_0.12;locked_oos_return_not_positive;locked_oos_return_per_turnover_proxy_bps_-67.867_not_above_10.000
26,a30fb_voladj_trend_4h_ethusdt_lb6_z2p0_hold8_cool0_adx20_low_vol_q75_3p0x_0p15_8dac0b97,no_promotion_shadow_or_reject,volatility_adjusted_trend_persistence,ETHUSDT,4h,0.22692477414335088,0.14395556633617956,-0.06847576641234088,False,False,False,locked_oos_return_not_positive;locked_oos_return_per_turnover_proxy_bps_-54.346_not_above_10.000
27,a30fb_voladj_trend_1h_ethusdt_lb6_z2p0_hold8_cool0_adx15_3p0x_0p15_a7a51cc3,no_promotion_shadow_or_reject,volatility_adjusted_trend_persistence,ETHUSDT,1h,0.1597623777877326,0.15178842498906597,-0.047648144164183615,False,False,False,locked_oos_return_not_positive;train_return_per_turnover_proxy_bps_4.740_not_above_10.000;locked_oos_return_per_turnover_proxy_bps_-11.146_not_above_10.000
28,a30fb_voladj_trend_4h_ethusdt_lb6_z2p0_hold8_cool2_adx20_low_vol_q75_3p0x_0p15_445f45c1,no_promotion_shadow_or_reject,volatility_adjusted_trend_persistence,ETHUSDT,4h,0.23304142657700178,0.14535152390681838,-0.06847576641234088,False,False,False,validation_mdd_0.1330_above_0.12;locked_oos_return_not_positive;locked_oos_return_per_turnover_proxy_bps_-54.346_not_above_10.000
29,a30fb_ma_slope_adx_6h_bnbusdt_fast12_slow48_adx15p0_2p0x_0p15_44fd2aa6,no_promotion_shadow_or_reject,ma_slope_adx_trend_filter,BNBUSDT,6h,0.10567928316641995,0.1065822736696056,0.006004565716199117,False,False,False,train_trade_event_count_75_below_80;validation_trade_event_count_13_below_30;locked_oos_trade_event_count_11_below_20;train_return_below_validation_return;train_validation_return_ratio_0.9915_below_1.00
30,a30fb_ma_slope_adx_6h_bnbusdt_fast12_slow48_adx15p0_3p0x_0p1_f2c7647a,no_promotion_shadow_or_reject,ma_slope_adx_trend_filter,BNBUSDT,6h,0.10567928316641995,0.10658227366960582,0.006004565716199117,False,False,False,train_trade_event_count_75_below_80;validation_trade_event_count_13_below_30;locked_oos_trade_event_count_11_below_20;train_return_below_validation_return;train_validation_return_ratio_0.9915_below_1.00
31,a30fb_voladj_trend_4h_ethusdt_lb6_z1p5_hold12_cool0_low_vol_q70_3p0x_0p15_ff54045e,no_promotion_shadow_or_reject,volatility_adjusted_trend_persistence,ETHUSDT,4h,0.5151580475492543,0.145843562886959,-0.080741700684834,False,False,False,validation_mdd_0.1533_above_0.12;locked_oos_return_not_positive;locked_oos_return_per_turnover_proxy_bps_-66.454_not_above_10.000
32,a30fb_voladj_trend_4h_solusdt_lb6_z2p0_hold8_cool0_none_3p0x_0p15_324d5d68,no_promotion_shadow_or_reject,volatility_adjusted_trend_persistence,SOLUSDT,4h,0.15154206959775207,0.12126215403514773,-0.07465884370853049,False,False,False,locked_oos_return_not_positive;locked_oos_return_per_turnover_proxy_bps_-79.004_not_above_10.000
33,a30fb_voladj_trend_4h_bnbusdt_lb6_z1p0_hold4_cool0_adx20_low_vol_q75_3p0x_0p15_44805c63,no_promotion_shadow_or_reject,volatility_adjusted_trend_persistence,BNBUSDT,4h,0.1296534983200257,0.12499011460182041,-0.07579576770477103,False,False,False,locked_oos_return_not_positive;train_return_per_turnover_proxy_bps_6.876_not_above_10.000;locked_oos_return_per_turnover_proxy_bps_-33.687_not_above_10.000
34,a30fb_voladj_trend_4h_solusdt_lb6_z2p0_hold8_cool0_adx15_3p0x_0p15_7da92294,no_promotion_shadow_or_reject,volatility_adjusted_trend_persistence,SOLUSDT,4h,0.1318134933594557,0.12126215403514773,-0.07465884370853049,False,False,False,locked_oos_return_not_positive;locked_oos_return_per_turnover_proxy_bps_-79.004_not_above_10.000
35,a30fb_voladj_trend_4h_ethusdt_lb6_z2p0_hold8_cool2_low_vol_q70_3p0x_0p15_59b88ed3,no_promotion_shadow_or_reject,volatility_adjusted_trend_persistence,ETHUSDT,4h,0.14645362077543456,0.14535152390681838,-0.07848590630840813,False,False,False,validation_mdd_0.1330_above_0.12;locked_oos_return_not_positive;locked_oos_return_per_turnover_proxy_bps_-62.290_not_above_10.000
36,a30fb_voladj_trend_4h_bnbusdt_lb6_z1p0_hold4_cool2_adx20_low_vol_q75_3p0x_0p15_894c7050,no_promotion_shadow_or_reject,volatility_adjusted_trend_persistence,BNBUSDT,4h,0.1838544535035762,0.12154983253206786,-0.0808741065849915,False,False,False,locked_oos_return_not_positive;locked_oos_return_per_turnover_proxy_bps_-37.442_not_above_10.000
37,a30fb_voladj_trend_4h_ethusdt_lb6_z1p5_hold12_cool0_adx20_low_vol_q75_2p0x_0p15_d4234e7d,no_promotion_shadow_or_reject,volatility_adjusted_trend_persistence,ETHUSDT,4h,0.34243978734976754,0.12351013067499994,-0.05567983986546343,False,False,False,locked_oos_return_not_positive;locked_oos_return_per_turnover_proxy_bps_-68.741_not_above_10.000
38,a30fb_voladj_trend_4h_ethusdt_lb6_z1p5_hold12_cool0_adx20_low_vol_q75_3p0x_0p1_95c23a97,no_promotion_shadow_or_reject,volatility_adjusted_trend_persistence,ETHUSDT,4h,0.3424397873497671,0.12351013067499994,-0.05567983986546343,False,False,False,locked_oos_return_not_positive;locked_oos_return_per_turnover_proxy_bps_-68.741_not_above_10.000
39,a30fb_voladj_trend_1h_ethusdt_lb6_z1p5_hold8_cool0_low_vol_q70_3p0x_0p15_cc24e98f,no_promotion_shadow_or_reject,volatility_adjusted_trend_persistence,ETHUSDT,1h,0.2785409375143697,0.14515806254162622,-0.049474691456887876,False,False,False,locked_oos_return_not_positive;train_return_per_turnover_proxy_bps_6.110_not_above_10.000;locked_oos_return_per_turnover_proxy_bps_-8.393_not_above_10.000
40,a30fb_voladj_trend_4h_solusdt_lb6_z2p0_hold8_cool0_adx20_low_vol_q75_2p0x_0p15_9725f6bc,no_promotion_shadow_or_reject,volatility_adjusted_trend_persistence,SOLUSDT,4h,0.11018652933961848,0.10610634124952889,-0.019393391282326422,False,False,False,locked_oos_return_not_positive;locked_oos_return_per_turnover_proxy_bps_-30.783_not_above_10.000
41,a30fb_voladj_trend_4h_solusdt_lb6_z2p0_hold8_cool0_adx20_low_vol_q75_3p0x_0p1_44d653ce,no_promotion_shadow_or_reject,volatility_adjusted_trend_persistence,SOLUSDT,4h,0.11018652933961826,0.10610634124952889,-0.019393391282326422,False,False,False,locked_oos_return_not_positive;locked_oos_return_per_turnover_proxy_bps_-30.783_not_above_10.000
42,a30fb_voladj_trend_4h_ethusdt_lb6_z1p0_hold12_cool2_none_3p0x_0p15_6ef53f13,no_promotion_shadow_or_reject,volatility_adjusted_trend_persistence,ETHUSDT,4h,0.35758113148544335,0.13521514800211532,-0.13022638400896702,False,False,False,validation_mdd_0.1460_above_0.12;locked_oos_return_not_positive;locked_oos_return_per_turnover_proxy_bps_-90.435_not_above_10.000
43,a30fb_voladj_trend_4h_ethusdt_lb6_z1p0_hold12_cool2_adx15_3p0x_0p15_07e42ba2,no_promotion_shadow_or_reject,volatility_adjusted_trend_persistence,ETHUSDT,4h,0.3538360753076306,0.13521514800211532,-0.13022638400896702,False,False,False,validation_mdd_0.1460_above_0.12;locked_oos_return_not_positive;locked_oos_return_per_turnover_proxy_bps_-90.435_not_above_10.000
44,a30fb_voladj_trend_1h_ethusdt_lb6_z1p5_hold8_cool2_adx15_3p0x_0p15_15496d61,no_promotion_shadow_or_reject,volatility_adjusted_trend_persistence,ETHUSDT,1h,0.3852336281004871,0.13805094320695677,-0.03325071005588087,False,False,False,locked_oos_return_not_positive;train_return_per_turnover_proxy_bps_8.908_not_above_10.000;locked_oos_return_per_turnover_proxy_bps_-6.315_not_above_10.000
45,a30fb_donchian_atr_1h_solusdt_lb24_atr0p5_hold12_3p0x_0p15_d39848d5,no_promotion_shadow_or_reject,donchian_atr_volatility_breakout,SOLUSDT,1h,0.15540681650352783,0.29769337419264863,-0.07247126308455876,False,False,False,train_return_below_validation_return;train_validation_return_ratio_0.5220_below_1.00;locked_oos_return_not_positive;locked_oos_return_per_turnover_proxy_bps_-36.602_not_above_10.000
46,a30fb_voladj_trend_1h_ethusdt_lb6_z1p5_hold8_cool0_none_3p0x_0p15_80d7d304,no_promotion_shadow_or_reject,volatility_adjusted_trend_persistence,ETHUSDT,1h,0.45241067369356935,0.14061747878037645,-0.0494632853783481,False,False,False,locked_oos_return_not_positive;locked_oos_return_per_turnover_proxy_bps_-9.084_not_above_10.000
47,a30fb_voladj_trend_1h_ethusdt_lb6_z2p0_hold8_cool0_none_3p0x_0p1_451bf79e,no_promotion_shadow_or_reject,volatility_adjusted_trend_persistence,ETHUSDT,1h,0.16906443070295274,0.1177916088204023,-0.03177634454995559,False,False,False,locked_oos_return_not_positive;train_return_per_turnover_proxy_bps_7.524_not_above_10.000;locked_oos_return_per_turnover_proxy_bps_-11.150_not_above_10.000
48,a30fb_voladj_trend_1h_ethusdt_lb6_z2p0_hold8_cool0_none_2p0x_0p15_fddbf5bf,no_promotion_shadow_or_reject,volatility_adjusted_trend_persistence,ETHUSDT,1h,0.16906443070295385,0.11779160882040118,-0.03177634454995559,False,False,False,locked_oos_return_not_positive;train_return_per_turnover_proxy_bps_7.524_not_above_10.000;locked_oos_return_per_turnover_proxy_bps_-11.150_not_above_10.000
49,a30fb_voladj_trend_6h_solusdt_lb24_z1p0_hold8_cool2_none_3p0x_0p15_ef2052f8,no_promotion_shadow_or_reject,volatility_adjusted_trend_persistence,SOLUSDT,6h,0.12987065263721131,0.1120418392042064,-0.028326625271741124,False,False,False,validation_trade_event_count_17_below_30;locked_oos_trade_event_count_15_below_20;locked_oos_return_not_positive;locked_oos_return_per_turnover_proxy_bps_-41.965_not_above_10.000
50,a30fb_voladj_trend_6h_solusdt_lb24_z1p0_hold8_cool0_none_3p0x_0p15_160ba328,no_promotion_shadow_or_reject,volatility_adjusted_trend_persistence,SOLUSDT,6h,0.12591615198700534,0.1120418392042064,-0.020574037189937444,False,False,False,validation_trade_event_count_17_below_30;locked_oos_trade_event_count_15_below_20;locked_oos_return_not_positive;locked_oos_return_per_turnover_proxy_bps_-30.480_not_above_10.000
51,a30fb_voladj_trend_4h_ethusdt_lb6_z2p0_hold8_cool0_low_vol_q70_3p0x_0p15_6c8fd1a9,no_promotion_shadow_or_reject,volatility_adjusted_trend_persistence,ETHUSDT,4h,0.16894205359195236,0.12355396890365267,-0.07848590630840813,False,False,False,validation_mdd_0.1330_above_0.12;locked_oos_return_not_positive;locked_oos_return_per_turnover_proxy_bps_-62.290_not_above_10.000
52,a30fb_voladj_trend_4h_bnbusdt_lb6_z1p0_hold12_cool0_adx20_low_vol_q75_3p0x_0p15_d320b504,no_promotion_shadow_or_reject,volatility_adjusted_trend_persistence,BNBUSDT,4h,0.2634506915745727,0.10047540367754348,-0.05128692779311539,False,False,False,locked_oos_return_not_positive;locked_oos_return_per_turnover_proxy_bps_-39.300_not_above_10.000
53,a30fb_voladj_trend_4h_ethusdt_lb6_z1p5_hold12_cool2_adx20_low_vol_q75_2p0x_0p15_042316a4,no_promotion_shadow_or_reject,volatility_adjusted_trend_persistence,ETHUSDT,4h,0.3021862653128513,0.10329154735808754,-0.05531549909029898,False,False,False,locked_oos_return_not_positive;locked_oos_return_per_turnover_proxy_bps_-68.291_not_above_10.000
54,a30fb_voladj_trend_4h_ethusdt_lb6_z1p5_hold12_cool2_adx20_low_vol_q75_3p0x_0p1_068bfdda,no_promotion_shadow_or_reject,volatility_adjusted_trend_persistence,ETHUSDT,4h,0.30218626531285064,0.10329154735808754,-0.05531549909029898,False,False,False,locked_oos_return_not_positive;locked_oos_return_per_turnover_proxy_bps_-68.291_not_above_10.000
55,a30fb_voladj_trend_4h_btcusdt_lb12_z1p0_hold4_cool0_low_vol_q70_3p0x_0p15_6ee8568c,no_promotion_shadow_or_reject,volatility_adjusted_trend_persistence,BTCUSDT,4h,0.1641505744105054,0.10186602158880165,-0.02792265779831138,False,False,False,locked_oos_return_not_positive;locked_oos_return_per_turnover_proxy_bps_-14.430_not_above_10.000
56,a30fb_voladj_trend_1h_ethusdt_lb6_z2p0_hold8_cool2_adx15_3p0x_0p15_969eb4e7,no_promotion_shadow_or_reject,volatility_adjusted_trend_persistence,ETHUSDT,1h,0.14219423306504386,0.12371770507632984,-0.026517416829976548,False,False,False,locked_oos_return_not_positive;train_return_per_turnover_proxy_bps_4.311_not_above_10.000;locked_oos_return_per_turnover_proxy_bps_-6.476_not_above_10.000
57,a30fb_voladj_trend_4h_ethusdt_lb6_z2p0_hold8_cool0_adx20_low_vol_q75_3p0x_0p1_3264ff82,no_promotion_shadow_or_reject,volatility_adjusted_trend_persistence,ETHUSDT,4h,0.15130594599977254,0.09528516440756207,-0.04583136386595166,False,False,False,locked_oos_return_not_positive;locked_oos_return_per_turnover_proxy_bps_-54.561_not_above_10.000
58,a30fb_voladj_trend_4h_ethusdt_lb6_z2p0_hold8_cool0_adx20_low_vol_q75_2p0x_0p15_d36d50fe,no_promotion_shadow_or_reject,volatility_adjusted_trend_persistence,ETHUSDT,4h,0.1513059459997732,0.09528516440756207,-0.04583136386595166,False,False,False,locked_oos_return_not_positive;locked_oos_return_per_turnover_proxy_bps_-54.561_not_above_10.000
59,a30fb_voladj_trend_1h_ethusdt_lb6_z2p0_hold8_cool2_none_3p0x_0p15_4a3109fd,no_promotion_shadow_or_reject,volatility_adjusted_trend_persistence,ETHUSDT,1h,0.12882427777563765,0.1506805751985345,-0.026517416829976548,False,False,False,train_return_below_validation_return;train_validation_return_ratio_0.8549_below_1.00;locked_oos_return_not_positive;train_return_per_turnover_proxy_bps_3.895_not_above_10.000;locked_oos_return_per_turnover_proxy_bps_-6.476_not_above_10.000
60,a30fb_voladj_trend_6h_solusdt_lb24_z1p0_hold12_cool0_none_3p0x_0p15_1f2e1a68,no_promotion_shadow_or_reject,volatility_adjusted_trend_persistence,SOLUSDT,6h,0.1448608120514301,0.09672209458568015,-0.0035219127810893758,False,False,False,train_trade_event_count_76_below_80;validation_trade_event_count_17_below_30;locked_oos_trade_event_count_13_below_20;locked_oos_return_not_positive;locked_oos_return_per_turnover_proxy_bps_-6.020_not_above_10.000
61,a30fb_voladj_trend_4h_ethusdt_lb6_z2p0_hold8_cool2_adx20_low_vol_q75_3p0x_0p1_15177fe7,no_promotion_shadow_or_reject,volatility_adjusted_trend_persistence,ETHUSDT,4h,0.15479643710918412,0.0961767361802337,-0.04583136386595166,False,False,False,locked_oos_return_not_positive;locked_oos_return_per_turnover_proxy_bps_-54.561_not_above_10.000
62,a30fb_voladj_trend_4h_ethusdt_lb6_z2p0_hold8_cool2_adx20_low_vol_q75_2p0x_0p15_3c88f9f5,no_promotion_shadow_or_reject,volatility_adjusted_trend_persistence,ETHUSDT,4h,0.15479643710918523,0.09617673618023348,-0.04583136386595166,False,False,False,locked_oos_return_not_positive;locked_oos_return_per_turnover_proxy_bps_-54.561_not_above_10.000
63,a30fb_voladj_trend_4h_ethusdt_lb6_z1p5_hold12_cool0_low_vol_q70_2p0x_0p15_b75785d3,no_promotion_shadow_or_reject,volatility_adjusted_trend_persistence,ETHUSDT,4h,0.3292179275185043,0.09684120184945932,-0.05413825710073861,False,False,False,locked_oos_return_not_positive;locked_oos_return_per_turnover_proxy_bps_-66.837_not_above_10.000
64,a30fb_voladj_trend_4h_ethusdt_lb6_z1p5_hold12_cool0_low_vol_q70_3p0x_0p1_15a3d70f,no_promotion_shadow_or_reject,volatility_adjusted_trend_persistence,ETHUSDT,4h,0.32921792751850454,0.09684120184945932,-0.05413825710073861,False,False,False,locked_oos_return_not_positive;locked_oos_return_per_turnover_proxy_bps_-66.837_not_above_10.000
65,a30fb_voladj_trend_6h_solusdt_lb24_z1p0_hold12_cool2_none_3p0x_0p15_9da290b0,no_promotion_shadow_or_reject,volatility_adjusted_trend_persistence,SOLUSDT,6h,0.1448608120514301,0.09517348795415348,-0.0035219127810893758,False,False,False,train_trade_event_count_76_below_80;validation_trade_event_count_17_below_30;locked_oos_trade_event_count_13_below_20;locked_oos_return_not_positive;locked_oos_return_per_turnover_proxy_bps_-6.020_not_above_10.000
66,a30fb_voladj_trend_4h_ethusdt_lb6_z1p5_hold12_cool2_low_vol_q70_3p0x_0p15_e99e3ffb,no_promotion_shadow_or_reject,volatility_adjusted_trend_persistence,ETHUSDT,4h,0.48047460534285635,0.11511382869298048,-0.08020974890116506,False,False,False,validation_mdd_0.1579_above_0.12;locked_oos_return_not_positive;locked_oos_return_per_turnover_proxy_bps_-66.016_not_above_10.000
67,a30fb_voladj_trend_4h_ethusdt_lb6_z1p5_hold12_cool0_none_3p0x_0p15_842ad312,no_promotion_shadow_or_reject,volatility_adjusted_trend_persistence,ETHUSDT,4h,0.49908394794657496,0.1187907199381677,-0.074728142605619,False,False,False,validation_mdd_0.1682_above_0.12;locked_oos_return_not_positive;locked_oos_return_per_turnover_proxy_bps_-61.505_not_above_10.000
68,a30fb_voladj_trend_4h_ethusdt_lb6_z1p5_hold12_cool0_adx15_3p0x_0p15_5dfd0236,no_promotion_shadow_or_reject,volatility_adjusted_trend_persistence,ETHUSDT,4h,0.4533290102358809,0.1187907199381677,-0.074728142605619,False,False,False,validation_mdd_0.1682_above_0.12;locked_oos_return_not_positive;locked_oos_return_per_turnover_proxy_bps_-61.505_not_above_10.000
69,a30fb_donchian_atr_1h_solusdt_lb24_atr0p5_hold12_3p0x_0p1_b69455a3,no_promotion_shadow_or_reject,donchian_atr_volatility_breakout,SOLUSDT,1h,0.10960286324365498,0.19146109096608188,-0.048604619620105316,False,False,False,train_return_below_validation_return;train_validation_return_ratio_0.5725_below_1.00;locked_oos_return_not_positive;locked_oos_return_per_turnover_proxy_bps_-36.822_not_above_10.000
70,a30fb_donchian_atr_1h_solusdt_lb24_atr0p5_hold12_2p0x_0p15_992d7052,no_promotion_shadow_or_reject,donchian_atr_volatility_breakout,SOLUSDT,1h,0.10960286324365431,0.19146109096608188,-0.04860461962010554,False,False,False,train_return_below_validation_return;train_validation_return_ratio_0.5725_below_1.00;locked_oos_return_not_positive;locked_oos_return_per_turnover_proxy_bps_-36.822_not_above_10.000
71,a30fb_voladj_trend_6h_solusdt_lb6_z1p0_hold8_cool0_none_3p0x_0p15_e8c08a4c,no_promotion_shadow_or_reject,volatility_adjusted_trend_persistence,SOLUSDT,6h,0.20597040379023857,0.11385448732689984,-0.10058281048093476,False,False,False,validation_mdd_0.1344_above_0.12;locked_oos_return_not_positive;locked_oos_return_per_turnover_proxy_bps_-72.102_not_above_10.000
72,a30fb_voladj_trend_1h_ethusdt_lb6_z1p5_hold8_cool2_low_vol_q70_3p0x_0p1_ae3cff79,no_promotion_shadow_or_reject,volatility_adjusted_trend_persistence,ETHUSDT,1h,0.11520201936596108,0.10694381219371829,-0.0120865157477692,False,False,False,locked_oos_return_not_positive;train_return_per_turnover_proxy_bps_3.922_not_above_10.000;locked_oos_return_per_turnover_proxy_bps_-3.275_not_above_10.000
73,a30fb_voladj_trend_1h_ethusdt_lb6_z1p5_hold8_cool2_low_vol_q70_2p0x_0p15_f80a1626,no_promotion_shadow_or_reject,volatility_adjusted_trend_persistence,ETHUSDT,1h,0.1152020193659613,0.10694381219371785,-0.0120865157477692,False,False,False,locked_oos_return_not_positive;train_return_per_turnover_proxy_bps_3.922_not_above_10.000;locked_oos_return_per_turnover_proxy_bps_-3.275_not_above_10.000
74,a30fb_voladj_trend_1h_ethusdt_lb6_z1p5_hold8_cool2_none_3p0x_0p1_f05fbdff,no_promotion_shadow_or_reject,volatility_adjusted_trend_persistence,ETHUSDT,1h,0.24440690044603897,0.10712405897580823,-0.01396894371202817,False,False,False,locked_oos_return_not_positive;train_return_per_turnover_proxy_bps_8.460_not_above_10.000;locked_oos_return_per_turnover_proxy_bps_-3.980_not_above_10.000
75,a30fb_voladj_trend_1h_ethusdt_lb6_z1p5_hold8_cool2_none_2p0x_0p15_d7acaa38,no_promotion_shadow_or_reject,volatility_adjusted_trend_persistence,ETHUSDT,1h,0.24440690044603874,0.10712405897580779,-0.01396894371202817,False,False,False,locked_oos_return_not_positive;train_return_per_turnover_proxy_bps_8.460_not_above_10.000;locked_oos_return_per_turnover_proxy_bps_-3.980_not_above_10.000
76,a30fb_voladj_trend_4h_solusdt_lb6_z2p0_hold8_cool0_none_2p0x_0p15_7dbc5991,no_promotion_shadow_or_reject,volatility_adjusted_trend_persistence,SOLUSDT,4h,0.1083989779368173,0.08078267045772569,-0.049992426846953486,False,False,False,locked_oos_return_not_positive;locked_oos_return_per_turnover_proxy_bps_-79.353_not_above_10.000
77,a30fb_voladj_trend_4h_solusdt_lb6_z2p0_hold8_cool0_none_3p0x_0p1_58353233,no_promotion_shadow_or_reject,volatility_adjusted_trend_persistence,SOLUSDT,4h,0.10839897793681708,0.08078267045772569,-0.049992426846953486,False,False,False,locked_oos_return_not_positive;locked_oos_return_per_turnover_proxy_bps_-79.353_not_above_10.000
78,a30fb_voladj_trend_4h_solusdt_lb6_z2p0_hold8_cool0_adx15_2p0x_0p15_35400822,no_promotion_shadow_or_reject,volatility_adjusted_trend_persistence,SOLUSDT,4h,0.09563144659088052,0.08078267045772569,-0.049992426846953486,False,False,False,locked_oos_return_not_positive;locked_oos_return_per_turnover_proxy_bps_-79.353_not_above_10.000
79,a30fb_voladj_trend_4h_solusdt_lb6_z2p0_hold8_cool0_adx15_3p0x_0p1_96bbd1e8,no_promotion_shadow_or_reject,volatility_adjusted_trend_persistence,SOLUSDT,4h,0.09563144659087963,0.08078267045772569,-0.049992426846953486,False,False,False,locked_oos_return_not_positive;locked_oos_return_per_turnover_proxy_bps_-79.353_not_above_10.000
80,a30fb_voladj_trend_4h_ethusdt_lb6_z2p0_hold8_cool2_low_vol_q70_3p0x_0p1_48e467da,no_promotion_shadow_or_reject,volatility_adjusted_trend_persistence,ETHUSDT,4h,0.10003419825425697,0.0961767361802337,-0.05268428624430688,False,False,False,locked_oos_return_not_positive;locked_oos_return_per_turnover_proxy_bps_-62.719_not_above_10.000
81,a30fb_voladj_trend_4h_ethusdt_lb6_z2p0_hold8_cool2_low_vol_q70_2p0x_0p15_3aba1b0f,no_promotion_shadow_or_reject,volatility_adjusted_trend_persistence,ETHUSDT,4h,0.10003419825425763,0.09617673618023348,-0.05268428624430688,False,False,False,locked_oos_return_not_positive;locked_oos_return_per_turnover_proxy_bps_-62.719_not_above_10.000
82,a30fb_voladj_trend_4h_bnbusdt_lb24_z1p5_hold12_cool0_adx20_low_vol_q75_3p0x_0p15_122f98fe,no_promotion_shadow_or_reject,volatility_adjusted_trend_persistence,BNBUSDT,4h,0.2350909206369498,0.06809682723104693,-0.023689455948140203,False,False,False,train_trade_event_count_69_below_80;validation_trade_event_count_20_below_30;locked_oos_trade_event_count_6_below_20;locked_oos_return_not_positive;locked_oos_return_per_turnover_proxy_bps_-87.739_not_above_10.000
83,a30fb_voladj_trend_4h_bnbusdt_lb24_z1p5_hold12_cool2_adx20_low_vol_q75_3p0x_0p15_4fe8bbfc,no_promotion_shadow_or_reject,volatility_adjusted_trend_persistence,BNBUSDT,4h,0.2350909206369498,0.06809682723104693,-0.023689455948140203,False,False,False,train_trade_event_count_69_below_80;validation_trade_event_count_20_below_30;locked_oos_trade_event_count_6_below_20;locked_oos_return_not_positive;locked_oos_return_per_turnover_proxy_bps_-87.739_not_above_10.000
84,a30fb_voladj_trend_4h_bnbusdt_lb6_z1p0_hold4_cool2_low_vol_q70_3p0x_0p15_e6291e56,no_promotion_shadow_or_reject,volatility_adjusted_trend_persistence,BNBUSDT,4h,0.125531604237326,0.09243889943179595,-0.06524526068878123,False,False,False,locked_oos_return_not_positive;train_return_per_turnover_proxy_bps_7.098_not_above_10.000;locked_oos_return_per_turnover_proxy_bps_-30.206_not_above_10.000
85,a30fb_voladj_trend_4h_bnbusdt_lb6_z1p0_hold12_cool0_low_vol_q70_3p0x_0p15_af03bde6,no_promotion_shadow_or_reject,volatility_adjusted_trend_persistence,BNBUSDT,4h,0.10329029805572376,0.13690765141468852,-0.05128692779311539,False,False,False,train_return_below_validation_return;train_validation_return_ratio_0.7545_below_1.00;locked_oos_return_not_positive;train_return_per_turnover_proxy_bps_9.369_not_above_10.000;locked_oos_return_per_turnover_proxy_bps_-39.300_not_above_10.000
86,a30fb_voladj_trend_4h_ethusdt_lb6_z1p0_hold12_cool2_none_3p0x_0p1_6857fe86,no_promotion_shadow_or_reject,volatility_adjusted_trend_persistence,ETHUSDT,4h,0.2370544305434319,0.09024317636497647,-0.08831123184222045,False,False,False,locked_oos_return_not_positive;locked_oos_return_per_turnover_proxy_bps_-91.991_not_above_10.000
87,a30fb_voladj_trend_4h_ethusdt_lb6_z1p0_hold12_cool2_none_2p0x_0p15_f729880e,no_promotion_shadow_or_reject,volatility_adjusted_trend_persistence,ETHUSDT,4h,0.23705443054343167,0.09024317636497647,-0.08831123184222045,False,False,False,locked_oos_return_not_positive;locked_oos_return_per_turnover_proxy_bps_-91.991_not_above_10.000
88,a30fb_voladj_trend_4h_ethusdt_lb6_z1p0_hold12_cool2_adx15_2p0x_0p15_d5302f52,no_promotion_shadow_or_reject,volatility_adjusted_trend_persistence,ETHUSDT,4h,0.23474225928887127,0.09024317636497647,-0.08831123184222045,False,False,False,locked_oos_return_not_positive;locked_oos_return_per_turnover_proxy_bps_-91.991_not_above_10.000
89,a30fb_voladj_trend_4h_ethusdt_lb6_z1p0_hold12_cool2_adx15_3p0x_0p1_45b1fe77,no_promotion_shadow_or_reject,volatility_adjusted_trend_persistence,ETHUSDT,4h,0.23474225928887105,0.09024317636497647,-0.08831123184222045,False,False,False,locked_oos_return_not_positive;locked_oos_return_per_turnover_proxy_bps_-91.991_not_above_10.000
90,a30fb_voladj_trend_1h_ethusdt_lb6_z2p0_hold8_cool0_adx15_3p0x_0p1_8ef5eb09,no_promotion_shadow_or_reject,volatility_adjusted_trend_persistence,ETHUSDT,1h,0.10958653027520393,0.10028242515661723,-0.03177634454995559,False,False,False,locked_oos_return_not_positive;train_return_per_turnover_proxy_bps_4.877_not_above_10.000;locked_oos_return_per_turnover_proxy_bps_-11.150_not_above_10.000
91,a30fb_voladj_trend_1h_ethusdt_lb6_z2p0_hold8_cool0_adx15_2p0x_0p15_89dc9519,no_promotion_shadow_or_reject,volatility_adjusted_trend_persistence,ETHUSDT,1h,0.10958653027520371,0.10028242515661723,-0.03177634454995559,False,False,False,locked_oos_return_not_positive;train_return_per_turnover_proxy_bps_4.877_not_above_10.000;locked_oos_return_per_turnover_proxy_bps_-11.150_not_above_10.000
92,a30fb_voladj_trend_4h_ethusdt_lb6_z1p5_hold8_cool2_low_vol_q70_3p0x_0p15_2700a3b6,no_promotion_shadow_or_reject,volatility_adjusted_trend_persistence,ETHUSDT,4h,0.13173975634999446,0.11349296385461671,-0.06698036901343374,False,False,False,validation_mdd_0.1353_above_0.12;locked_oos_return_not_positive;locked_oos_return_per_turnover_proxy_bps_-49.615_not_above_10.000
93,a30fb_voladj_trend_4h_bnbusdt_lb6_z1p0_hold4_cool0_adx20_low_vol_q75_2p0x_0p15_6180d564,no_promotion_shadow_or_reject,volatility_adjusted_trend_persistence,BNBUSDT,4h,0.08797963895209482,0.08241047377359223,-0.05102819859469809,False,False,False,locked_oos_return_not_positive;train_return_per_turnover_proxy_bps_6.999_not_above_10.000;locked_oos_return_per_turnover_proxy_bps_-34.019_not_above_10.000
94,a30fb_voladj_trend_4h_bnbusdt_lb6_z1p0_hold4_cool0_adx20_low_vol_q75_3p0x_0p1_02a4b63b,no_promotion_shadow_or_reject,volatility_adjusted_trend_persistence,BNBUSDT,4h,0.08797963895209482,0.08241047377359223,-0.05102819859469809,False,False,False,locked_oos_return_not_positive;train_return_per_turnover_proxy_bps_6.999_not_above_10.000;locked_oos_return_per_turnover_proxy_bps_-34.019_not_above_10.000
95,a30fb_voladj_trend_4h_ethusdt_lb6_z1p0_hold12_cool2_low_vol_q70_3p0x_0p15_db57ab8c,no_promotion_shadow_or_reject,volatility_adjusted_trend_persistence,ETHUSDT,4h,0.7143869435299985,0.10764400284458131,-0.09361255121494005,False,False,False,validation_mdd_0.1624_above_0.12;locked_oos_return_not_positive;locked_oos_return_per_turnover_proxy_bps_-65.009_not_above_10.000
96,a30fb_voladj_trend_4h_bnbusdt_lb6_z1p0_hold4_cool2_adx20_low_vol_q75_2p0x_0p15_2f116699,no_promotion_shadow_or_reject,volatility_adjusted_trend_persistence,BNBUSDT,4h,0.12219657735830403,0.08019591965771089,-0.054510430096526674,False,False,False,locked_oos_return_not_positive;locked_oos_return_per_turnover_proxy_bps_-37.854_not_above_10.000
97,a30fb_voladj_trend_4h_bnbusdt_lb6_z1p0_hold4_cool2_adx20_low_vol_q75_3p0x_0p1_48c5912d,no_promotion_shadow_or_reject,volatility_adjusted_trend_persistence,BNBUSDT,4h,0.1221965773583038,0.08019591965771089,-0.054510430096526674,False,False,False,locked_oos_return_not_positive;locked_oos_return_per_turnover_proxy_bps_-37.854_not_above_10.000
98,a30fb_voladj_trend_1h_ethusdt_lb6_z1p5_hold8_cool0_adx15_3p0x_0p15_a93faa8a,no_promotion_shadow_or_reject,volatility_adjusted_trend_persistence,ETHUSDT,1h,0.38166426335196135,0.11692604124374384,-0.06444436760621974,False,False,False,locked_oos_return_not_positive;train_return_per_turnover_proxy_bps_8.524_not_above_10.000;locked_oos_return_per_turnover_proxy_bps_-11.643_not_above_10.000
99,a30fb_voladj_trend_6h_solusdt_lb24_z1p0_hold8_cool2_none_3p0x_0p1_cb50b126,no_promotion_shadow_or_reject,volatility_adjusted_trend_persistence,SOLUSDT,6h,0.09666895110834939,0.07520738719012332,-0.0185640705147454,False,False,False,validation_trade_event_count_17_below_30;locked_oos_trade_event_count_15_below_20;locked_oos_return_not_positive;locked_oos_return_per_turnover_proxy_bps_-41.253_not_above_10.000
100,a30fb_voladj_trend_6h_solusdt_lb24_z1p0_hold8_cool2_none_2p0x_0p15_b21de25b,no_promotion_shadow_or_reject,volatility_adjusted_trend_persistence,SOLUSDT,6h,0.09666895110834894,0.07520738719012332,-0.01856407051474529,False,False,False,validation_trade_event_count_17_below_30;locked_oos_trade_event_count_15_below_20;locked_oos_return_not_positive;locked_oos_return_per_turnover_proxy_bps_-41.253_not_above_10.000
189,a30fb_voladj_trend_6h_solusdt_lb6_z1p5_hold8_cool2_adx20_low_vol_q75_3p0x_0p15_a70db3e2,no_promotion_shadow_or_reject,volatility_adjusted_trend_persistence,SOLUSDT,6h,0.2119379573622835,0.08164711132995706,0.0269858970717769,False,False,False,validation_mdd_0.1582_above_0.12
211,a30fb_voladj_trend_4h_bnbusdt_lb24_z1p5_hold4_cool0_adx20_low_vol_q75_3p0x_0p15_2c3d91a0,no_promotion_shadow_or_reject,volatility_adjusted_trend_persistence,BNBUSDT,4h,0.2734065686710143,0.03886578589909706,0.010371921524480632,False,False,False,train_trade_event_count_71_below_80;validation_trade_event_count_26_below_30;locked_oos_trade_event_count_8_below_20
212,a30fb_voladj_trend_4h_bnbusdt_lb24_z1p5_hold4_cool2_adx20_low_vol_q75_3p0x_0p15_0d0e37de,no_promotion_shadow_or_reject,volatility_adjusted_trend_persistence,BNBUSDT,4h,0.2734065686710143,0.03886578589909706,0.010371921524480632,False,False,False,train_trade_event_count_71_below_80;validation_trade_event_count_26_below_30;locked_oos_trade_event_count_8_below_20
240,a30fb_voladj_trend_4h_bnbusdt_lb24_z1p5_hold8_cool0_adx20_low_vol_q75_3p0x_0p15_0c2b80b7,no_promotion_shadow_or_reject,volatility_adjusted_trend_persistence,BNBUSDT,4h,0.256027373331811,0.0411739147838619,0.004577617997604921,False,False,False,train_trade_event_count_69_below_80;validation_trade_event_count_26_below_30;locked_oos_trade_event_count_8_below_20
241,a30fb_voladj_trend_4h_bnbusdt_lb24_z1p5_hold8_cool2_adx20_low_vol_q75_3p0x_0p15_a3867c45,no_promotion_shadow_or_reject,volatility_adjusted_trend_persistence,BNBUSDT,4h,0.25958126388370983,0.0411739147838619,0.004577617997604921,False,False,False,train_trade_event_count_69_below_80;validation_trade_event_count_26_below_30;locked_oos_trade_event_count_8_below_20
244,a30fb_voladj_trend_6h_solusdt_lb6_z1p5_hold8_cool2_adx20_low_vol_q75_3p0x_0p1_e295f93a,paper_testnet_candidate_after_fill_preflight,volatility_adjusted_trend_persistence,SOLUSDT,6h,0.1445403062026802,0.05546889503033259,0.018229983401978345,True,False,False,
245,a30fb_voladj_trend_6h_solusdt_lb6_z1p5_hold8_cool2_adx20_low_vol_q75_2p0x_0p15_f0c8eb5b,paper_testnet_candidate_after_fill_preflight,volatility_adjusted_trend_persistence,SOLUSDT,6h,0.1445403062026791,0.05546889503033259,0.018229983401978345,True,False,False,
250,a30fb_donchian_atr_30m_ethusdt_lb12_atr0p5_hold8_3p0x_0p15_6d5fd55a,train_dominant_shadow_until_execution_efficiency,donchian_atr_volatility_breakout,ETHUSDT,30m,0.1529755231779606,0.07633487974566577,0.00202942362421088,False,False,False,train_return_per_turnover_proxy_bps_3.719_not_above_10.000;validation_return_per_turnover_proxy_bps_7.641_not_above_10.000;locked_oos_return_per_turnover_proxy_bps_0.425_not_above_10.000
274,a30fb_voladj_trend_4h_bnbusdt_lb24_z1p5_hold4_cool0_adx20_low_vol_q75_2p0x_0p15_2c0733c5,no_promotion_shadow_or_reject,volatility_adjusted_trend_persistence,BNBUSDT,4h,0.17670538087256205,0.026070460263037276,0.006954536153811475,False,False,False,train_trade_event_count_71_below_80;validation_trade_event_count_26_below_30;locked_oos_trade_event_count_8_below_20
275,a30fb_voladj_trend_4h_bnbusdt_lb24_z1p5_hold4_cool0_adx20_low_vol_q75_3p0x_0p1_15babdd7,no_promotion_shadow_or_reject,volatility_adjusted_trend_persistence,BNBUSDT,4h,0.17670538087256205,0.026070460263037276,0.006954536153811475,False,False,False,train_trade_event_count_71_below_80;validation_trade_event_count_26_below_30;locked_oos_trade_event_count_8_below_20
276,a30fb_voladj_trend_4h_bnbusdt_lb24_z1p5_hold4_cool2_adx20_low_vol_q75_2p0x_0p15_202112d3,no_promotion_shadow_or_reject,volatility_adjusted_trend_persistence,BNBUSDT,4h,0.17670538087256205,0.026070460263037276,0.006954536153811475,False,False,False,train_trade_event_count_71_below_80;validation_trade_event_count_26_below_30;locked_oos_trade_event_count_8_below_20
277,a30fb_voladj_trend_4h_bnbusdt_lb24_z1p5_hold4_cool2_adx20_low_vol_q75_3p0x_0p1_096f1c65,no_promotion_shadow_or_reject,volatility_adjusted_trend_persistence,BNBUSDT,4h,0.17670538087256205,0.026070460263037276,0.006954536153811475,False,False,False,train_trade_event_count_71_below_80;validation_trade_event_count_26_below_30;locked_oos_trade_event_count_8_below_20
290,a30fb_voladj_trend_4h_bnbusdt_lb24_z1p5_hold8_cool0_adx20_low_vol_q75_2p0x_0p15_4b634ee0,no_promotion_shadow_or_reject,volatility_adjusted_trend_persistence,BNBUSDT,4h,0.1662101751835141,0.02767502958177248,0.003110728089799508,False,False,False,train_trade_event_count_69_below_80;validation_trade_event_count_26_below_30;locked_oos_trade_event_count_8_below_20
291,a30fb_voladj_trend_4h_bnbusdt_lb24_z1p5_hold8_cool0_adx20_low_vol_q75_3p0x_0p1_6f84f176,no_promotion_shadow_or_reject,volatility_adjusted_trend_persistence,BNBUSDT,4h,0.1662101751835141,0.02767502958177248,0.003110728089799508,False,False,False,train_trade_event_count_69_below_80;validation_trade_event_count_26_below_30;locked_oos_trade_event_count_8_below_20
292,a30fb_voladj_trend_4h_bnbusdt_lb24_z1p5_hold8_cool2_adx20_low_vol_q75_2p0x_0p15_6b541da8,no_promotion_shadow_or_reject,volatility_adjusted_trend_persistence,BNBUSDT,4h,0.16840785970241834,0.02767502958177248,0.003110728089799508,False,False,False,train_trade_event_count_69_below_80;validation_trade_event_count_26_below_30;locked_oos_trade_event_count_8_below_20
293,a30fb_voladj_trend_4h_bnbusdt_lb24_z1p5_hold8_cool2_adx20_low_vol_q75_3p0x_0p1_2316e01e,no_promotion_shadow_or_reject,volatility_adjusted_trend_persistence,BNBUSDT,4h,0.16840785970241834,0.02767502958177248,0.003110728089799508,False,False,False,train_trade_event_count_69_below_80;validation_trade_event_count_26_below_30;locked_oos_trade_event_count_8_below_20
332,a30fb_voladj_trend_4h_trxusdt_lb6_z1p5_hold12_cool2_low_vol_q70_3p0x_0p15_144859db,train_dominant_shadow_until_execution_efficiency,volatility_adjusted_trend_persistence,TRXUSDT,4h,0.17448202025522286,0.035094263820031335,0.0031013449267609516,False,False,False,locked_oos_return_per_turnover_proxy_bps_2.377_not_above_10.000
345,a30fb_voladj_trend_4h_solusdt_lb24_z1p0_hold12_cool2_low_vol_q70_3p0x_0p15_b1f89590,no_promotion_shadow_or_reject,volatility_adjusted_trend_persistence,SOLUSDT,4h,0.1515916279644176,0.06914455823994126,0.028213348694228202,False,False,False,locked_oos_trade_event_count_19_below_20;validation_mdd_0.1742_above_0.12
348,a30fb_voladj_trend_4h_trxusdt_lb6_z1p5_hold12_cool2_adx20_low_vol_q75_3p0x_0p15_2f65923b,train_dominant_shadow_until_execution_efficiency,volatility_adjusted_trend_persistence,TRXUSDT,4h,0.18586538576479672,0.032841644841804074,0.0031013449267609516,False,False,False,locked_oos_return_per_turnover_proxy_bps_2.377_not_above_10.000
353,a30fb_voladj_trend_4h_solusdt_lb24_z1p0_hold12_cool2_low_vol_q70_2p0x_0p15_15c83ddf,no_promotion_shadow_or_reject,volatility_adjusted_trend_persistence,SOLUSDT,4h,0.10564387168891431,0.046979872849371995,0.01916538470225526,False,False,False,locked_oos_trade_event_count_19_below_20
354,a30fb_voladj_trend_4h_solusdt_lb24_z1p0_hold12_cool2_low_vol_q70_3p0x_0p1_2e1a5102,no_promotion_shadow_or_reject,volatility_adjusted_trend_persistence,SOLUSDT,4h,0.10564387168891409,0.04697987284937177,0.019165384702255484,False,False,False,locked_oos_trade_event_count_19_below_20
355,a30fb_voladj_trend_4h_bnbusdt_lb12_z2p0_hold4_cool2_low_vol_q70_3p0x_0p15_ec826339,no_promotion_shadow_or_reject,volatility_adjusted_trend_persistence,BNBUSDT,4h,0.0889988737002041,0.04168801277105727,0.014828249322150988,False,False,False,locked_oos_trade_event_count_11_below_20
364,a30fb_donchian_atr_4h_solusdt_lb24_atr0p5_hold8_3p0x_0p1_ceb2bdc0,no_promotion_shadow_or_reject,donchian_atr_volatility_breakout,SOLUSDT,4h,0.041521270810103594,0.044946304866345654,0.010035287918122027,False,False,False,validation_trade_event_count_14_below_30;locked_oos_trade_event_count_9_below_20;train_return_below_validation_return;train_validation_return_ratio_0.9238_below_1.00
365,a30fb_donchian_atr_4h_solusdt_lb24_atr0p5_hold8_2p0x_0p15_4262b2e4,no_promotion_shadow_or_reject,donchian_atr_volatility_breakout,SOLUSDT,4h,0.04152127081010293,0.044946304866345654,0.010035287918121805,False,False,False,validation_trade_event_count_14_below_30;locked_oos_trade_event_count_9_below_20;train_return_below_validation_return;train_validation_return_ratio_0.9238_below_1.00
378,a30fb_voladj_trend_4h_bnbusdt_lb12_z2p0_hold4_cool0_low_vol_q70_3p0x_0p15_98b5a9e1,no_promotion_shadow_or_reject,volatility_adjusted_trend_persistence,BNBUSDT,4h,0.07240709397871248,0.04168801277105727,0.016612508800623482,False,False,False,locked_oos_trade_event_count_11_below_20
404,a30fb_voladj_trend_4h_solusdt_lb24_z1p0_hold12_cool0_low_vol_q70_2p0x_0p15_f1947726,no_promotion_shadow_or_reject,volatility_adjusted_trend_persistence,SOLUSDT,4h,0.11075263801255386,0.04316427870045225,0.0207753229167138,False,False,False,locked_oos_trade_event_count_19_below_20
405,a30fb_voladj_trend_4h_solusdt_lb24_z1p0_hold12_cool0_low_vol_q70_3p0x_0p1_ff4736db,no_promotion_shadow_or_reject,volatility_adjusted_trend_persistence,SOLUSDT,4h,0.11075263801255342,0.04316427870045225,0.020775322916714023,False,False,False,locked_oos_trade_event_count_19_below_20
423,a30fb_voladj_trend_4h_solusdt_lb24_z1p0_hold12_cool0_low_vol_q70_3p0x_0p15_538c57a0,no_promotion_shadow_or_reject,volatility_adjusted_trend_persistence,SOLUSDT,4h,0.15952027714154582,0.06329749726890044,0.030652541297524483,False,False,False,locked_oos_trade_event_count_19_below_20;validation_mdd_0.1742_above_0.12
441,a30fb_voladj_trend_4h_bnbusdt_lb12_z2p0_hold4_cool2_low_vol_q70_2p0x_0p15_b66b2649,no_promotion_shadow_or_reject,volatility_adjusted_trend_persistence,BNBUSDT,4h,0.05928711918479457,0.028012207084405993,0.009910058164889213,False,False,False,locked_oos_trade_event_count_11_below_20
442,a30fb_voladj_trend_4h_bnbusdt_lb12_z2p0_hold4_cool2_low_vol_q70_3p0x_0p1_a3b3a69c,no_promotion_shadow_or_reject,volatility_adjusted_trend_persistence,BNBUSDT,4h,0.05928711918479457,0.028012207084405993,0.009910058164889213,False,False,False,locked_oos_trade_event_count_11_below_20
449,a30fb_donchian_atr_30m_ethusdt_lb12_atr0p5_hold8_3p0x_0p1_c8b080a8,train_dominant_shadow_until_execution_efficiency,donchian_atr_volatility_breakout,ETHUSDT,30m,0.10557789618796765,0.05152168244751887,0.0015700336255648484,False,False,False,train_return_per_turnover_proxy_bps_3.850_not_above_10.000;validation_return_per_turnover_proxy_bps_7.736_not_above_10.000;locked_oos_return_per_turnover_proxy_bps_0.494_not_above_10.000
450,a30fb_donchian_atr_30m_ethusdt_lb12_atr0p5_hold8_2p0x_0p15_dd6d5130,train_dominant_shadow_until_execution_efficiency,donchian_atr_volatility_breakout,ETHUSDT,30m,0.10557789618796765,0.051521682447517314,0.0015700336255648484,False,False,False,train_return_per_turnover_proxy_bps_3.850_not_above_10.000;validation_return_per_turnover_proxy_bps_7.736_not_above_10.000;locked_oos_return_per_turnover_proxy_bps_0.494_not_above_10.000
452,a30fb_voladj_trend_4h_trxusdt_lb6_z1p5_hold12_cool2_low_vol_q70_3p0x_0p1_6fa819a1,train_dominant_shadow_until_execution_efficiency,volatility_adjusted_trend_persistence,TRXUSDT,4h,0.11565714434561447,0.02347651127150807,0.002120933332841579,False,False,False,locked_oos_return_per_turnover_proxy_bps_2.438_not_above_10.000
453,a30fb_voladj_trend_4h_trxusdt_lb6_z1p5_hold12_cool2_low_vol_q70_2p0x_0p15_1ea8ea41,train_dominant_shadow_until_execution_efficiency,volatility_adjusted_trend_persistence,TRXUSDT,4h,0.11565714434561425,0.02347651127150807,0.002120933332841579,False,False,False,locked_oos_return_per_turnover_proxy_bps_2.438_not_above_10.000
458,a30fb_voladj_trend_4h_trxusdt_lb6_z1p5_hold12_cool2_adx15_3p0x_0p15_cca555d7,paper_testnet_candidate_after_fill_preflight,volatility_adjusted_trend_persistence,TRXUSDT,4h,0.1349142742436873,0.029576296641619093,0.011824956187697966,True,False,False,
459,a30fb_voladj_trend_4h_trxusdt_lb6_z1p5_hold12_cool2_none_3p0x_0p15_c555caef,paper_testnet_candidate_after_fill_preflight,volatility_adjusted_trend_persistence,TRXUSDT,4h,0.13277671699059757,0.029576296641619093,0.011824956187697966,True,False,False,
460,a30fb_voladj_trend_4h_bnbusdt_lb12_z2p0_hold4_cool0_low_vol_q70_2p0x_0p15_0ce85167,no_promotion_shadow_or_reject,volatility_adjusted_trend_persistence,BNBUSDT,4h,0.04850883212589885,0.028012207084405993,0.011093708647715417,False,False,False,locked_oos_trade_event_count_11_below_20
461,a30fb_voladj_trend_4h_bnbusdt_lb12_z2p0_hold4_cool0_low_vol_q70_3p0x_0p1_a0e2210d,no_promotion_shadow_or_reject,volatility_adjusted_trend_persistence,BNBUSDT,4h,0.04850883212589863,0.028012207084405993,0.011093708647715417,False,False,False,locked_oos_trade_event_count_11_below_20
469,a30fb_voladj_trend_4h_trxusdt_lb6_z1p5_hold12_cool2_adx20_low_vol_q75_2p0x_0p15_63f1d28c,train_dominant_shadow_until_execution_efficiency,volatility_adjusted_trend_persistence,TRXUSDT,4h,0.12290735798302266,0.021985848611739245,0.002120933332841579,False,False,False,locked_oos_return_per_turnover_proxy_bps_2.438_not_above_10.000
470,a30fb_voladj_trend_4h_trxusdt_lb6_z1p5_hold12_cool2_adx20_low_vol_q75_3p0x_0p1_c9c4ba31,train_dominant_shadow_until_execution_efficiency,volatility_adjusted_trend_persistence,TRXUSDT,4h,0.12290735798302266,0.021985848611739245,0.002120933332841579,False,False,False,locked_oos_return_per_turnover_proxy_bps_2.438_not_above_10.000
508,a30fb_donchian_atr_4h_solusdt_lb24_atr0p5_hold8_3p0x_0p15_58f3e37f,no_promotion_shadow_or_reject,donchian_atr_volatility_breakout,SOLUSDT,4h,0.05150948634759911,0.0665269259074952,0.014717221604055197,False,False,False,validation_trade_event_count_14_below_30;locked_oos_trade_event_count_9_below_20;train_return_below_validation_return;train_validation_return_ratio_0.7743_below_1.00;validation_mdd_0.1327_above_0.12
512,a30fb_voladj_trend_4h_trxusdt_lb6_z1p5_hold12_cool2_adx15_2p0x_0p15_b3875185,no_promotion_shadow_or_reject,volatility_adjusted_trend_persistence,TRXUSDT,4h,0.09056259971007674,0.019860017961934595,0.007931809336055418,False,False,False,validation_return_0.0199_below_0.02
513,a30fb_voladj_trend_4h_trxusdt_lb6_z1p5_hold12_cool2_adx15_3p0x_0p1_566c20e6,no_promotion_shadow_or_reject,volatility_adjusted_trend_persistence,TRXUSDT,4h,0.09056259971007674,0.019860017961934595,0.007931809336055418,False,False,False,validation_return_0.0199_below_0.02
516,a30fb_voladj_trend_4h_trxusdt_lb6_z1p5_hold12_cool2_none_3p0x_0p1_d75d9e4e,no_promotion_shadow_or_reject,volatility_adjusted_trend_persistence,TRXUSDT,4h,0.089234770873726,0.019860017961934595,0.007931809336055418,False,False,False,validation_return_0.0199_below_0.02
517,a30fb_voladj_trend_4h_trxusdt_lb6_z1p5_hold12_cool2_none_2p0x_0p15_19dee726,no_promotion_shadow_or_reject,volatility_adjusted_trend_persistence,TRXUSDT,4h,0.08923477087372556,0.019860017961934595,0.007931809336055418,False,False,False,validation_return_0.0199_below_0.02
531,a30fb_voladj_trend_6h_solusdt_lb12_z1p5_hold12_cool0_adx20_low_vol_q75_2p0x_0p15_769d3a48,no_promotion_shadow_or_reject,volatility_adjusted_trend_persistence,SOLUSDT,6h,0.09282887834720777,0.03522254102528821,0.016682660843551522,False,False,False,validation_trade_event_count_28_below_30;locked_oos_trade_event_count_11_below_20;validation_mdd_0.1340_above_0.12
532,a30fb_voladj_trend_6h_solusdt_lb12_z1p5_hold12_cool0_adx20_low_vol_q75_3p0x_0p1_a22e4f89,no_promotion_shadow_or_reject,volatility_adjusted_trend_persistence,SOLUSDT,6h,0.09282887834720821,0.03522254102528799,0.016682660843551522,False,False,False,validation_trade_event_count_28_below_30;locked_oos_trade_event_count_11_below_20;validation_mdd_0.1340_above_0.12
550,a30fb_voladj_trend_6h_solusdt_lb6_z1p5_hold4_cool0_adx20_low_vol_q75_3p0x_0p1_daf5e909,train_dominant_shadow_until_execution_efficiency,volatility_adjusted_trend_persistence,SOLUSDT,6h,0.07733130543280553,0.03814821657697465,0.002862201390626984,False,False,False,locked_oos_return_per_turnover_proxy_bps_3.078_not_above_10.000
551,a30fb_voladj_trend_6h_solusdt_lb6_z1p5_hold4_cool0_adx20_low_vol_q75_2p0x_0p15_2bdd46d9,train_dominant_shadow_until_execution_efficiency,volatility_adjusted_trend_persistence,SOLUSDT,6h,0.07733130543280509,0.03814821657697465,0.002862201390626984,False,False,False,locked_oos_return_per_turnover_proxy_bps_3.078_not_above_10.000
557,a30fb_voladj_trend_6h_solusdt_lb24_z1p0_hold8_cool2_adx20_low_vol_q75_2p0x_0p15_e4ffc4f0,no_promotion_shadow_or_reject,volatility_adjusted_trend_persistence,SOLUSDT,6h,0.02163534527054667,0.04539336146960271,0.004998452271234077,False,False,False,train_trade_event_count_70_below_80;validation_trade_event_count_20_below_30;locked_oos_trade_event_count_10_below_20;train_return_below_validation_return;train_validation_return_ratio_0.4766_below_1.00
558,a30fb_voladj_trend_6h_solusdt_lb24_z1p0_hold8_cool2_adx20_low_vol_q75_3p0x_0p1_ae76f02b,no_promotion_shadow_or_reject,volatility_adjusted_trend_persistence,SOLUSDT,6h,0.02163534527054667,0.04539336146960271,0.004998452271234077,False,False,False,train_trade_event_count_70_below_80;validation_trade_event_count_20_below_30;locked_oos_trade_event_count_10_below_20;train_return_below_validation_return;train_validation_return_ratio_0.4766_below_1.00
582,a30fb_voladj_trend_6h_solusdt_lb12_z1p5_hold12_cool2_adx20_low_vol_q75_2p0x_0p15_a8577049,no_promotion_shadow_or_reject,volatility_adjusted_trend_persistence,SOLUSDT,6h,0.06789342843041157,0.03522254102528821,0.016682660843551522,False,False,False,validation_trade_event_count_28_below_30;locked_oos_trade_event_count_11_below_20;validation_mdd_0.1340_above_0.12
583,a30fb_voladj_trend_6h_solusdt_lb12_z1p5_hold12_cool2_adx20_low_vol_q75_3p0x_0p1_2f229870,no_promotion_shadow_or_reject,volatility_adjusted_trend_persistence,SOLUSDT,6h,0.06789342843041246,0.03522254102528799,0.016682660843551522,False,False,False,validation_trade_event_count_28_below_30;locked_oos_trade_event_count_11_below_20;validation_mdd_0.1340_above_0.12
592,a30fb_voladj_trend_6h_ethusdt_lb6_z1p5_hold12_cool2_low_vol_q70_3p0x_0p1_8193015d,no_promotion_shadow_or_reject,volatility_adjusted_trend_persistence,ETHUSDT,6h,0.07997714612016771,0.039069252203833615,0.009755649131033994,False,False,False,validation_mdd_0.1362_above_0.12
593,a30fb_voladj_trend_6h_ethusdt_lb6_z1p5_hold12_cool2_low_vol_q70_2p0x_0p15_f23b1ee4,no_promotion_shadow_or_reject,volatility_adjusted_trend_persistence,ETHUSDT,6h,0.07997714612016749,0.039069252203833615,0.009755649131033994,False,False,False,validation_mdd_0.1362_above_0.12
613,a30fb_voladj_trend_6h_ethusdt_lb24_z1p5_hold8_cool0_adx20_low_vol_q75_2p0x_0p15_6a158a5c,no_promotion_shadow_or_reject,volatility_adjusted_trend_persistence,ETHUSDT,6h,0.06816893481911879,0.00756934219771388,0.01666487966879049,False,False,False,train_trade_event_count_38_below_80;validation_trade_event_count_14_below_30;locked_oos_trade_event_count_2_below_20;validation_return_0.0076_below_0.02
614,a30fb_voladj_trend_6h_ethusdt_lb24_z1p5_hold8_cool0_adx20_low_vol_q75_3p0x_0p1_4421e485,no_promotion_shadow_or_reject,volatility_adjusted_trend_persistence,ETHUSDT,6h,0.06816893481911857,0.00756934219771388,0.01666487966879049,False,False,False,train_trade_event_count_38_below_80;validation_trade_event_count_14_below_30;locked_oos_trade_event_count_2_below_20;validation_return_0.0076_below_0.02
615,a30fb_voladj_trend_6h_ethusdt_lb24_z1p5_hold8_cool2_adx20_low_vol_q75_2p0x_0p15_18727599,no_promotion_shadow_or_reject,volatility_adjusted_trend_persistence,ETHUSDT,6h,0.06482146867970573,0.00756934219771388,0.01666487966879049,False,False,False,train_trade_event_count_38_below_80;validation_trade_event_count_14_below_30;locked_oos_trade_event_count_2_below_20;validation_return_0.0076_below_0.02
616,a30fb_voladj_trend_6h_ethusdt_lb24_z1p5_hold8_cool2_adx20_low_vol_q75_3p0x_0p1_b457bd8e,no_promotion_shadow_or_reject,volatility_adjusted_trend_persistence,ETHUSDT,6h,0.06482146867970551,0.00756934219771388,0.01666487966879049,False,False,False,train_trade_event_count_38_below_80;validation_trade_event_count_14_below_30;locked_oos_trade_event_count_2_below_20;validation_return_0.0076_below_0.02
649,a30fb_donchian_atr_4h_solusdt_lb24_atr0p5_hold12_2p0x_0p15_8969fc0c,no_promotion_shadow_or_reject,donchian_atr_volatility_breakout,SOLUSDT,4h,0.027218407378346354,0.037371188357883556,0.00938115493685876,False,False,False,validation_trade_event_count_14_below_30;locked_oos_trade_event_count_9_below_20;train_return_below_validation_return;train_validation_return_ratio_0.7283_below_1.00
650,a30fb_donchian_atr_4h_solusdt_lb24_atr0p5_hold12_3p0x_0p1_eea9d52b,no_promotion_shadow_or_reject,donchian_atr_volatility_breakout,SOLUSDT,4h,0.027218407378346354,0.037371188357883334,0.009381154936858982,False,False,False,validation_trade_event_count_14_below_30;locked_oos_trade_event_count_9_below_20;train_return_below_validation_return;train_validation_return_ratio_0.7283_below_1.00
664,a30fb_voladj_trend_6h_solusdt_lb6_z1p0_hold4_cool2_adx15_2p0x_0p15_b543cc65,train_dominant_shadow_until_execution_efficiency,volatility_adjusted_trend_persistence,SOLUSDT,6h,0.03661147301282974,0.03149949512936523,7.457854928127894e-05,False,False,False,train_return_per_turnover_proxy_bps_4.730_not_above_10.000;locked_oos_return_per_turnover_proxy_bps_0.080_not_above_10.000
665,a30fb_voladj_trend_6h_solusdt_lb6_z1p0_hold4_cool2_adx15_3p0x_0p1_e40ddc15,train_dominant_shadow_until_execution_efficiency,volatility_adjusted_trend_persistence,SOLUSDT,6h,0.03661147301282974,0.03149949512936523,7.457854928127894e-05,False,False,False,train_return_per_turnover_proxy_bps_4.730_not_above_10.000;locked_oos_return_per_turnover_proxy_bps_0.080_not_above_10.000
675,a30fb_voladj_trend_6h_solusdt_lb12_z1p5_hold12_cool0_adx20_low_vol_q75_3p0x_0p15_326b10d2,no_promotion_shadow_or_reject,volatility_adjusted_trend_persistence,SOLUSDT,6h,0.13018075988424105,0.05065759560226857,0.024809070433278624,False,False,False,validation_trade_event_count_28_below_30;locked_oos_trade_event_count_11_below_20;validation_mdd_0.1950_above_0.12
694,a30fb_voladj_trend_6h_ethusdt_lb24_z1p5_hold8_cool0_low_vol_q70_2p0x_0p15_0261ae5a,no_promotion_shadow_or_reject,volatility_adjusted_trend_persistence,ETHUSDT,6h,0.09751874993739018,0.00722208584065287,0.01666487966879049,False,False,False,train_trade_event_count_46_below_80;validation_trade_event_count_16_below_30;locked_oos_trade_event_count_2_below_20;validation_return_0.0072_below_0.02
695,a30fb_voladj_trend_6h_ethusdt_lb24_z1p5_hold8_cool0_low_vol_q70_3p0x_0p1_2ecddfe0,no_promotion_shadow_or_reject,volatility_adjusted_trend_persistence,ETHUSDT,6h,0.09751874993739018,0.00722208584065287,0.01666487966879049,False,False,False,train_trade_event_count_46_below_80;validation_trade_event_count_16_below_30;locked_oos_trade_event_count_2_below_20;validation_return_0.0072_below_0.02
696,a30fb_voladj_trend_6h_ethusdt_lb24_z1p5_hold8_cool2_low_vol_q70_2p0x_0p15_51582d39,no_promotion_shadow_or_reject,volatility_adjusted_trend_persistence,ETHUSDT,6h,0.09325665419810347,0.00722208584065287,0.01666487966879049,False,False,False,train_trade_event_count_46_below_80;validation_trade_event_count_16_below_30;locked_oos_trade_event_count_2_below_20;validation_return_0.0072_below_0.02
697,a30fb_voladj_trend_6h_ethusdt_lb24_z1p5_hold8_cool2_low_vol_q70_3p0x_0p1_109e8d1e,no_promotion_shadow_or_reject,volatility_adjusted_trend_persistence,ETHUSDT,6h,0.09325665419810347,0.00722208584065287,0.01666487966879049,False,False,False,train_trade_event_count_46_below_80;validation_trade_event_count_16_below_30;locked_oos_trade_event_count_2_below_20;validation_return_0.0072_below_0.02
798,a30fb_voladj_trend_6h_solusdt_lb12_z1p5_hold12_cool2_adx20_low_vol_q75_3p0x_0p15_3cdf467e,no_promotion_shadow_or_reject,volatility_adjusted_trend_persistence,SOLUSDT,6h,0.09208043274692645,0.05065759560226857,0.024809070433278624,False,False,False,validation_trade_event_count_28_below_30;locked_oos_trade_event_count_11_below_20;validation_mdd_0.1950_above_0.12
804,a30fb_voladj_trend_6h_ethusdt_lb6_z1p5_hold12_cool2_low_vol_q70_3p0x_0p15_7666623d,no_promotion_shadow_or_reject,volatility_adjusted_trend_persistence,ETHUSDT,6h,0.11145725355732328,0.05613903004594789,0.013918621927148989,False,False,False,validation_mdd_0.1984_above_0.12
829,a30fb_voladj_trend_6h_ethusdt_lb24_z1p5_hold8_cool0_adx20_low_vol_q75_3p0x_0p15_1bee4ddb,no_promotion_shadow_or_reject,volatility_adjusted_trend_persistence,ETHUSDT,6h,0.10138400807306835,0.010344288354233733,0.024907786838568757,False,False,False,train_trade_event_count_38_below_80;validation_trade_event_count_14_below_30;locked_oos_trade_event_count_2_below_20;validation_return_0.0103_below_0.02
830,a30fb_voladj_trend_6h_ethusdt_lb24_z1p5_hold8_cool2_adx20_low_vol_q75_3p0x_0p15_05c8723f,no_promotion_shadow_or_reject,volatility_adjusted_trend_persistence,ETHUSDT,6h,0.09621461324683667,0.010344288354233733,0.024907786838568757,False,False,False,train_trade_event_count_38_below_80;validation_trade_event_count_14_below_30;locked_oos_trade_event_count_2_below_20;validation_return_0.0103_below_0.02
891,a30fb_voladj_trend_6h_ethusdt_lb24_z1p5_hold8_cool0_low_vol_q70_3p0x_0p15_04577d20,no_promotion_shadow_or_reject,volatility_adjusted_trend_persistence,ETHUSDT,6h,0.1467461855536567,0.009821051460008556,0.024907786838568757,False,False,False,train_trade_event_count_46_below_80;validation_trade_event_count_16_below_30;locked_oos_trade_event_count_2_below_20;validation_return_0.0098_below_0.02
892,a30fb_voladj_trend_6h_ethusdt_lb24_z1p5_hold8_cool2_low_vol_q70_3p0x_0p15_1026ae3e,no_promotion_shadow_or_reject,volatility_adjusted_trend_persistence,ETHUSDT,6h,0.14007714270324234,0.009821051460008556,0.024907786838568757,False,False,False,train_trade_event_count_46_below_80;validation_trade_event_count_16_below_30;locked_oos_trade_event_count_2_below_20;validation_return_0.0098_below_0.02
990,a30fb_voladj_trend_6h_btcusdt_lb6_z1p0_hold8_cool2_low_vol_q70_3p0x_0p15_45cc03c1,train_dominant_shadow_until_execution_efficiency,volatility_adjusted_trend_persistence,BTCUSDT,6h,0.1693120806601467,0.02718447561261539,0.009459417187737573,False,False,False,locked_oos_return_per_turnover_proxy_bps_7.786_not_above_10.000
1074,a30fb_voladj_trend_6h_solusdt_lb6_z1p0_hold4_cool2_adx20_low_vol_q75_3p0x_0p1_17e2cff4,train_dominant_shadow_until_execution_efficiency,volatility_adjusted_trend_persistence,SOLUSDT,6h,0.2330525528289773,0.02316442175431721,0.0013030699299083626,False,False,False,locked_oos_return_per_turnover_proxy_bps_1.174_not_above_10.000
1075,a30fb_voladj_trend_6h_solusdt_lb6_z1p0_hold4_cool2_adx20_low_vol_q75_2p0x_0p15_aa03a778,train_dominant_shadow_until_execution_efficiency,volatility_adjusted_trend_persistence,SOLUSDT,6h,0.23305255282897708,0.02316442175431721,0.0013030699299083626,False,False,False,locked_oos_return_per_turnover_proxy_bps_1.174_not_above_10.000
1162,a30fb_voladj_trend_6h_solusdt_lb6_z1p5_hold8_cool0_adx20_low_vol_q75_2p0x_0p15_42a64a56,no_promotion_shadow_or_reject,volatility_adjusted_trend_persistence,SOLUSDT,6h,0.1950313566045767,0.018642848599633943,0.01791724235365133,False,False,False,validation_return_0.0186_below_0.02;validation_mdd_0.1311_above_0.12
1163,a30fb_voladj_trend_6h_solusdt_lb6_z1p5_hold8_cool0_adx20_low_vol_q75_3p0x_0p1_2c38a1cf,no_promotion_shadow_or_reject,volatility_adjusted_trend_persistence,SOLUSDT,6h,0.19503135660457738,0.01864284859963372,0.01791724235365133,False,False,False,validation_return_0.0186_below_0.02;validation_mdd_0.1311_above_0.12
1252,a30fb_voladj_trend_30m_ethusdt_lb12_z1p0_hold12_cool0_adx15_2p0x_0p15_cf558d73,train_dominant_shadow_until_execution_efficiency,volatility_adjusted_trend_persistence,ETHUSDT,30m,0.1544075587845697,0.025474712195438842,0.005584970145426915,False,False,False,train_return_per_turnover_proxy_bps_3.264_not_above_10.000;validation_return_per_turnover_proxy_bps_2.229_not_above_10.000;locked_oos_return_per_turnover_proxy_bps_0.926_not_above_10.000
1253,a30fb_voladj_trend_30m_ethusdt_lb12_z1p0_hold12_cool0_adx15_3p0x_0p1_f19d6bab,train_dominant_shadow_until_execution_efficiency,volatility_adjusted_trend_persistence,ETHUSDT,30m,0.15440755878456813,0.025474712195438842,0.005584970145426915,False,False,False,train_return_per_turnover_proxy_bps_3.264_not_above_10.000;validation_return_per_turnover_proxy_bps_2.229_not_above_10.000;locked_oos_return_per_turnover_proxy_bps_0.926_not_above_10.000
1264,a30fb_voladj_trend_6h_solusdt_lb6_z1p5_hold12_cool2_adx20_low_vol_q75_2p0x_0p15_6e105e50,no_promotion_shadow_or_reject,volatility_adjusted_trend_persistence,SOLUSDT,6h,0.2064649098045921,0.015040269529213113,0.01591181392477492,False,False,False,locked_oos_trade_event_count_17_below_20;validation_return_0.0150_below_0.02;validation_mdd_0.1389_above_0.12
1265,a30fb_voladj_trend_6h_solusdt_lb6_z1p5_hold12_cool2_adx20_low_vol_q75_3p0x_0p1_bc9f2fe4,no_promotion_shadow_or_reject,volatility_adjusted_trend_persistence,SOLUSDT,6h,0.20646490980459276,0.015040269529213113,0.01591181392477492,False,False,False,locked_oos_trade_event_count_17_below_20;validation_return_0.0150_below_0.02;validation_mdd_0.1389_above_0.12
1320,a30fb_voladj_trend_30m_ethusdt_lb12_z1p0_hold12_cool0_adx15_3p0x_0p15_723a6596,train_dominant_shadow_until_execution_efficiency,volatility_adjusted_trend_persistence,ETHUSDT,30m,0.22543958693239396,0.0358188121385159,0.00775984146591524,False,False,False,train_return_per_turnover_proxy_bps_3.177_not_above_10.000;validation_return_per_turnover_proxy_bps_2.089_not_above_10.000;locked_oos_return_per_turnover_proxy_bps_0.858_not_above_10.000
1394,a30fb_voladj_trend_6h_solusdt_lb6_z1p5_hold12_cool0_adx15_3p0x_0p1_320f9c55,no_promotion_shadow_or_reject,volatility_adjusted_trend_persistence,SOLUSDT,6h,0.05803967209713545,0.01854005770638656,0.00809318787502633,False,False,False,locked_oos_trade_event_count_17_below_20;validation_return_0.0185_below_0.02;validation_mdd_0.1334_above_0.12
1395,a30fb_voladj_trend_6h_solusdt_lb6_z1p5_hold12_cool0_adx15_2p0x_0p15_20cc7e5b,no_promotion_shadow_or_reject,volatility_adjusted_trend_persistence,SOLUSDT,6h,0.05803967209713523,0.01854005770638656,0.00809318787502633,False,False,False,locked_oos_trade_event_count_17_below_20;validation_return_0.0185_below_0.02;validation_mdd_0.1334_above_0.12
1669,a30fb_voladj_trend_6h_solusdt_lb6_z1p5_hold8_cool0_adx20_low_vol_q75_3p0x_0p15_702d4894,no_promotion_shadow_or_reject,volatility_adjusted_trend_persistence,SOLUSDT,6h,0.29294798372743935,0.02523787936520172,0.026480098350905923,False,False,False,validation_mdd_0.1911_above_0.12
1927,a30fb_voladj_trend_6h_solusdt_lb6_z1p5_hold12_cool2_adx20_low_vol_q75_3p0x_0p15_99412af1,no_promotion_shadow_or_reject,volatility_adjusted_trend_persistence,SOLUSDT,6h,0.30880368631136546,0.0197984797541646,0.023314906621640485,False,False,False,locked_oos_trade_event_count_17_below_20;validation_return_0.0198_below_0.02;validation_mdd_0.2019_above_0.12
2081,a30fb_voladj_trend_6h_solusdt_lb6_z1p5_hold12_cool0_adx15_3p0x_0p15_b8b2b78c,no_promotion_shadow_or_reject,volatility_adjusted_trend_persistence,SOLUSDT,6h,0.07231803581860508,0.024752883185700014,0.011509054048226997,False,False,False,locked_oos_trade_event_count_17_below_20;validation_mdd_0.1945_above_0.12
2236,a30fb_donchian_atr_2h_solusdt_lb12_atr0p25_hold12_3p0x_0p15_0d17e65e,no_promotion_shadow_or_reject,donchian_atr_volatility_breakout,SOLUSDT,2h,0.06982805924090663,0.3740647700509965,-0.02992005537937481,False,False,False,train_return_below_validation_return;train_validation_return_ratio_0.1867_below_1.00;locked_oos_return_not_positive;train_return_per_turnover_proxy_bps_5.314_not_above_10.000;locked_oos_return_per_turnover_proxy_bps_-15.111_not_above_10.000
