source_id,source_url,source_published_at,retrieved_at,source_hash,cache_path,prior_available_at,feature_available_at,release_lag_policy,cleanliness_label,historical_metric_evidence_class,access_status,http_status,prior_type,derived_feature_specs,usage_policy
arxiv_deepm_regime_robust_macro,https://arxiv.org/abs/2601.05975,2026-01-09T00:00:00Z,2026-07-02T14:21:38Z,873d18bbce8e661166501a1474937f4e7cf306ad699c54adf154f1bccbc7722e,/home/hoky/Quants-agent/LuminaQuant/var/reports/ultragoal_full_pool_strategy/g003_external_prior_cache/arxiv_deepm_regime_robust_macro.source,2026-01-10T00:00:00Z,2026-07-02T14:21:38Z,P1D,source_pinned_clean,research_diagnostic_only,retrieved,200,strategy_design_prior,strict_lagged_cross_sectional_attention_proxy;macro_graph_sector_prior;worst_window_robust_utility_penalty,research_design_prior_only; candidate definitions must be frozen in G004 before evaluation; no imported external performance metric may be used as historical proof.
arxiv_trendfolios_multi_asset_trend,https://arxiv.org/abs/2506.09330,2025-06-11T00:00:00Z,2026-07-02T14:21:38Z,9bcd5889b0b8e17385779121391b55e84347786006df278a6602721c90dde42a,/home/hoky/Quants-agent/LuminaQuant/var/reports/ultragoal_full_pool_strategy/g003_external_prior_cache/arxiv_trendfolios_multi_asset_trend.source,2025-06-12T00:00:00Z,2026-07-02T14:21:38Z,P1D,source_pinned_clean,research_diagnostic_only,retrieved,200,portfolio_design_prior,multi_asset_trend_signal;inverse_volatility_weighting;drawdown_volatility_risk_budget,research_design_prior_only; candidate definitions must be frozen in G004 before evaluation; no imported external performance metric may be used as historical proof.
arxiv_hmm_rl_regime_allocation,https://arxiv.org/abs/2605.27848,2026-05-27T00:00:00Z,2026-07-02T14:21:38Z,7f471e90e39aae810d91b3469b44bc2eaf26cc03ef012ac4ebafe5f7d82b2c8b,/home/hoky/Quants-agent/LuminaQuant/var/reports/ultragoal_full_pool_strategy/g003_external_prior_cache/arxiv_hmm_rl_regime_allocation.source,2026-05-28T00:00:00Z,2026-07-02T14:21:38Z,P1D,source_pinned_clean,research_diagnostic_only,retrieved,200,regime_allocation_prior,three_state_hmm_regime_proxy;one_day_lagged_regime_allocation;stress_regime_defensive_weighting,research_design_prior_only; candidate definitions must be frozen in G004 before evaluation; no imported external performance metric may be used as historical proof.
arxiv_adaptivetrend_crypto,https://arxiv.org/abs/2602.11708,2026-02-12T00:00:00Z,2026-07-02T14:21:38Z,bbd3899cf0ab2113717d9078a697c1bd9ac30359334ebc9139e1f89b9cb3ecd3,/home/hoky/Quants-agent/LuminaQuant/var/reports/ultragoal_full_pool_strategy/g003_external_prior_cache/arxiv_adaptivetrend_crypto.source,2026-02-13T00:00:00Z,2026-07-02T14:21:38Z,P1D,source_pinned_clean,research_diagnostic_only,retrieved,200,strategy_design_prior,adaptive_trailing_stop_volatility_regime;rolling_sharpe_asset_selection;asymmetric_long_short_allocation,research_design_prior_only; candidate definitions must be frozen in G004 before evaluation; no imported external performance metric may be used as historical proof.
binance_usdm_exchange_info_docs,https://developers.binance.com/docs/derivatives/usds-margined-futures/market-data/rest-api/Exchange-Information,2026-07-02T06:58:44Z,2026-07-02T14:21:38Z,a8bcf3c0bff97a842a13a91984414a6586b957781bbc1f5e8424f1cd22140953,/home/hoky/Quants-agent/LuminaQuant/var/reports/ultragoal_full_pool_strategy/g003_external_prior_cache/binance_usdm_exchange_info_docs.source,2026-07-02T06:58:44Z,2026-07-02T14:21:38Z,P0D,source_pinned_clean,schema_metadata_only_not_alpha_evidence,retrieved,200,source_schema_prior,exchange_status_filter;contract_type_filter;tradfi_underlying_subtype_filter,research_design_prior_only; candidate definitions must be frozen in G004 before evaluation; no imported external performance metric may be used as historical proof.
binance_usdm_funding_rate_docs,https://developers.binance.com/docs/derivatives/usds-margined-futures/market-data/rest-api/Get-Funding-Rate-History,2026-07-02T06:58:44Z,2026-07-02T14:21:38Z,685cedd147266aff6efd6c25af3f066e3232fb50ee3caff1710ed98a8e4dfc7f,/home/hoky/Quants-agent/LuminaQuant/var/reports/ultragoal_full_pool_strategy/g003_external_prior_cache/binance_usdm_funding_rate_docs.source,2026-07-02T06:58:44Z,2026-07-02T14:21:38Z,P0D,source_pinned_clean,schema_metadata_only_not_alpha_evidence,retrieved,200,source_schema_prior,funding_rate;funding_mark_price;funding_fee_quote_per_unit,research_design_prior_only; candidate definitions must be frozen in G004 before evaluation; no imported external performance metric may be used as historical proof.
yahoo_chart_spy_research_probe,https://query1.finance.yahoo.com/v8/finance/chart/SPY?range=5d&interval=1d,,2026-07-02T14:21:38Z,a7297ef147d939f907816a0597fa96bf6ce4f4e542b493b996bed904c4b013e5,/home/hoky/Quants-agent/LuminaQuant/var/reports/ultragoal_full_pool_strategy/g003_external_prior_cache/yahoo_chart_spy_research_probe.source,,2026-07-02T14:21:38Z,unknown,source_pinned_no_published_at,research_diagnostic_only,retrieved,200,external_data_probe,tradfi_proxy_return_diagnostic,research_design_prior_only; candidate definitions must be frozen in G004 before evaluation; no imported external performance metric may be used as historical proof.
stooq_spy_daily_research_probe,https://stooq.com/q/d/l/?s=spy.us&i=d,,2026-07-02T14:21:38Z,9ae218e23f11a657558dac8ee054130cb991fbd1466725e7e22ef618676517c2,/home/hoky/Quants-agent/LuminaQuant/var/reports/ultragoal_full_pool_strategy/g003_external_prior_cache/stooq_spy_daily_research_probe.source,,2026-07-02T14:21:38Z,unknown,source_pinned_no_published_at,research_diagnostic_only,retrieved,200,external_data_probe,tradfi_proxy_return_diagnostic,research_design_prior_only; candidate definitions must be frozen in G004 before evaluation; no imported external performance metric may be used as historical proof.
sec_companyfacts_aapl_probe,https://data.sec.gov/api/xbrl/companyfacts/CIK0000320193.json,,2026-07-02T14:21:38Z,31f9ab4398402faabc733178497af89dbf94dd5038c6e36d4c894317de8a4647,/home/hoky/Quants-agent/LuminaQuant/var/reports/ultragoal_full_pool_strategy/g003_external_prior_cache/sec_companyfacts_aapl_probe.source,,2026-07-02T14:21:38Z,unknown,source_pinned_no_published_at,research_diagnostic_only,retrieved,200,external_fundamental_probe,fundamental_release_lag_diagnostic,research_design_prior_only; candidate definitions must be frozen in G004 before evaluation; no imported external performance metric may be used as historical proof.
