decision_rank,model_id,decision,family,symbol,timeframe,validation_return,locked_oos_return,ready_for_paper,ready_for_real,real_money_execution,rejection_reasons
1,htf_trend_4h_trxusdt_lb48_th0p005_5p0x_0p15_3a7d84a7,no_promotion_shadow_or_reject,htf_trend_persistence,TRXUSDT,4h,0.15026180067313355,0.04497061776098321,False,False,False,train_return_not_positive;train_validation_return_ratio_-0.5612_below_0.50;train_return_per_turnover_proxy_bps_-4.805_not_above_10.000
2,htf_trend_4h_trxusdt_lb48_th0p01_5p0x_0p15_aef61c2e,no_promotion_shadow_or_reject,htf_trend_persistence,TRXUSDT,4h,0.12794697224765805,0.03258952122499714,False,False,False,train_return_not_positive;train_validation_return_ratio_-0.7379_below_0.50;train_return_per_turnover_proxy_bps_-5.828_not_above_10.000
3,htf_trend_4h_trxusdt_lb48_th0p005_4p0x_0p15_f6ce2c65,no_promotion_shadow_or_reject,htf_trend_persistence,TRXUSDT,4h,0.11876042572341139,0.03594408924120973,False,False,False,train_return_not_positive;train_validation_return_ratio_-0.5569_below_0.50;train_return_per_turnover_proxy_bps_-4.711_not_above_10.000
4,htf_trend_4h_trxusdt_lb48_th0p02_5p0x_0p15_f6f8a7f3,no_promotion_shadow_or_reject,htf_trend_persistence,TRXUSDT,4h,0.10283489537197354,0.022986881057853736,False,False,False,train_return_not_positive;train_validation_return_ratio_-0.0236_below_0.50;train_return_per_turnover_proxy_bps_-0.174_not_above_10.000
5,htf_trend_6h_trxusdt_lb24_th0p005_5p0x_0p15_1a827f30,no_promotion_shadow_or_reject,htf_trend_persistence,TRXUSDT,6h,0.10618336752914992,0.05275205115398762,False,False,False,train_return_not_positive;train_validation_return_ratio_-0.9688_below_0.50;train_return_per_turnover_proxy_bps_-7.883_not_above_10.000
6,htf_trend_4h_trxusdt_lb48_th0p005_5p0x_0p1_5dbaa18a,no_promotion_shadow_or_reject,htf_trend_persistence,TRXUSDT,4h,0.09817024265623342,0.029934878090458916,False,False,False,train_return_not_positive;train_validation_return_ratio_-0.5537_below_0.50;train_return_per_turnover_proxy_bps_-4.646_not_above_10.000
7,htf_trend_4h_trxusdt_lb48_th0p01_4p0x_0p15_9ce33833,no_promotion_shadow_or_reject,htf_trend_persistence,TRXUSDT,4h,0.10135836488354633,0.02610701908705959,False,False,False,train_return_not_positive;train_validation_return_ratio_-0.7343_below_0.50;train_return_per_turnover_proxy_bps_-5.743_not_above_10.000
8,htf_trend_6h_trxusdt_lb24_th0p01_5p0x_0p15_25faedd5,no_promotion_shadow_or_reject,htf_trend_persistence,TRXUSDT,6h,0.10017718284800625,0.05911340978336588,False,False,False,train_return_not_positive;train_validation_return_ratio_-0.9349_below_0.50;train_return_per_turnover_proxy_bps_-7.614_not_above_10.000
9,htf_funding_squeeze_4h_solusdt_lb12_-2e-05_5p0x_0p1_87d2143b,no_promotion_shadow_or_reject,funding_squeeze_continuation,SOLUSDT,4h,0.09983312649266196,-0.012379021853784922,False,False,False,locked_oos_trade_event_count_10_below_20;train_return_not_positive;train_validation_return_ratio_-1.4558_below_0.50;locked_oos_return_not_positive;train_return_per_turnover_proxy_bps_-22.360_not_above_10.000;locked_oos_return_per_turnover_proxy_bps_-24.758_not_above_10.000
10,htf_trend_1h_ethusdt_lb12_th0p02_5p0x_0p15_06c0f486,no_promotion_shadow_or_reject,htf_trend_persistence,ETHUSDT,1h,0.10225426210086841,0.007397855587636171,False,False,False,train_return_not_positive;train_validation_return_ratio_-0.9335_below_0.50;train_return_per_turnover_proxy_bps_-1.823_not_above_10.000;locked_oos_return_per_turnover_proxy_bps_2.055_not_above_10.000
11,htf_trend_4h_trxusdt_lb24_th0p005_5p0x_0p15_fb8db9ec,no_promotion_shadow_or_reject,htf_trend_persistence,TRXUSDT,4h,0.09428972343134423,0.04819388989776452,False,False,False,train_return_not_positive;train_validation_return_ratio_-1.3296_below_0.50;train_return_per_turnover_proxy_bps_-6.851_not_above_10.000
12,htf_trend_4h_trxusdt_lb12_th0p005_5p0x_0p15_413555ef,no_promotion_shadow_or_reject,htf_trend_persistence,TRXUSDT,4h,0.07950005726872589,-0.0027346286502398787,False,False,False,locked_oos_return_not_positive;train_return_per_turnover_proxy_bps_3.470_not_above_10.000;locked_oos_return_per_turnover_proxy_bps_-0.848_not_above_10.000
13,htf_trend_4h_trxusdt_lb48_th0p02_4p0x_0p15_a39b183b,no_promotion_shadow_or_reject,htf_trend_persistence,TRXUSDT,4h,0.0816678604739185,0.018453693803322402,False,False,False,train_return_not_positive;train_validation_return_ratio_-0.0049_below_0.50;train_return_per_turnover_proxy_bps_-0.036_not_above_10.000
14,htf_trend_4h_trxusdt_lb48_th0p01_5p0x_0p1_13f5be87,no_promotion_shadow_or_reject,htf_trend_persistence,TRXUSDT,4h,0.0839140421021829,0.021775041250509775,False,False,False,train_return_not_positive;train_validation_return_ratio_-0.7314_below_0.50;train_return_per_turnover_proxy_bps_-5.683_not_above_10.000
15,htf_trend_6h_trxusdt_lb24_th0p005_4p0x_0p15_1e0836ad,no_promotion_shadow_or_reject,htf_trend_persistence,TRXUSDT,6h,0.08430222593995507,0.042143499484118774,False,False,False,train_return_not_positive;train_validation_return_ratio_-0.9597_below_0.50;train_return_per_turnover_proxy_bps_-7.750_not_above_10.000
16,htf_trend_6h_trxusdt_lb48_th0p01_5p0x_0p15_8d1bc21e,no_promotion_shadow_or_reject,htf_trend_persistence,TRXUSDT,6h,0.09171479445470476,-0.0033404692763366883,False,False,False,validation_trade_event_count_24_below_30;train_return_not_positive;train_validation_return_ratio_-1.2218_below_0.50;locked_oos_return_not_positive;train_return_per_turnover_proxy_bps_-9.166_not_above_10.000;locked_oos_return_per_turnover_proxy_bps_-1.310_not_above_10.000
17,htf_trend_4h_trxusdt_lb48_th0p005_4p0x_0p1_0ff30e48,no_promotion_shadow_or_reject,htf_trend_persistence,TRXUSDT,4h,0.07790400888193316,0.02393274371587628,False,False,False,train_return_not_positive;train_validation_return_ratio_-0.5502_below_0.50;train_return_per_turnover_proxy_bps_-4.579_not_above_10.000
18,htf_funding_squeeze_2h_solusdt_lb24_0p0_5p0x_0p1_7a6bd91d,no_promotion_shadow_or_reject,funding_squeeze_continuation,SOLUSDT,2h,0.08905830179842344,-0.04542343971810947,False,False,False,train_return_not_positive;train_validation_return_ratio_-1.5106_below_0.50;locked_oos_return_not_positive;train_return_per_turnover_proxy_bps_-12.692_not_above_10.000;locked_oos_return_per_turnover_proxy_bps_-41.294_not_above_10.000
19,htf_trend_1h_solusdt_lb48_th0p005_5p0x_0p15_6a878af4,no_promotion_shadow_or_reject,htf_trend_persistence,SOLUSDT,1h,0.11150231600796223,-0.1394595397463203,False,False,False,train_return_not_positive;train_validation_return_ratio_-1.5776_below_0.50;locked_oos_return_not_positive;train_return_per_turnover_proxy_bps_-3.303_not_above_10.000;locked_oos_return_per_turnover_proxy_bps_-19.369_not_above_10.000
20,htf_trend_6h_trxusdt_lb24_th0p01_4p0x_0p15_8863c59a,no_promotion_shadow_or_reject,htf_trend_persistence,TRXUSDT,6h,0.0795839282373616,0.047172087334260926,False,False,False,train_return_not_positive;train_validation_return_ratio_-0.9230_below_0.50;train_return_per_turnover_proxy_bps_-7.465_not_above_10.000
21,htf_funding_squeeze_2h_solusdt_lb24_5e-05_5p0x_0p1_0383e6bd,no_promotion_shadow_or_reject,funding_squeeze_continuation,SOLUSDT,2h,0.09030781346190286,-0.04191696338328699,False,False,False,train_return_not_positive;train_validation_return_ratio_-1.4523_below_0.50;locked_oos_return_not_positive;train_return_per_turnover_proxy_bps_-8.862_not_above_10.000;locked_oos_return_per_turnover_proxy_bps_-29.941_not_above_10.000
22,htf_funding_squeeze_2h_solusdt_lb24_-2e-05_5p0x_0p1_6cea1402,no_promotion_shadow_or_reject,funding_squeeze_continuation,SOLUSDT,2h,0.08640049044945108,-0.002111070136209592,False,False,False,locked_oos_trade_event_count_12_below_20;train_return_not_positive;train_validation_return_ratio_-1.8495_below_0.50;locked_oos_return_not_positive;train_return_per_turnover_proxy_bps_-18.368_not_above_10.000;locked_oos_return_per_turnover_proxy_bps_-3.518_not_above_10.000
23,htf_funding_squeeze_4h_solusdt_lb12_0p0_5p0x_0p1_db3de3e3,no_promotion_shadow_or_reject,funding_squeeze_continuation,SOLUSDT,4h,0.08521034809378336,-0.03319900559523037,False,False,False,locked_oos_trade_event_count_14_below_20;train_return_not_positive;train_validation_return_ratio_-1.6744_below_0.50;locked_oos_return_not_positive;train_return_per_turnover_proxy_bps_-18.292_not_above_10.000;locked_oos_return_per_turnover_proxy_bps_-47.427_not_above_10.000
24,htf_trend_1h_ethusdt_lb12_th0p04_5p0x_0p15_4de5b1f1,no_promotion_shadow_or_reject,htf_trend_persistence,ETHUSDT,1h,0.06421463178100928,-0.010620649253575865,False,False,False,locked_oos_return_not_positive;train_return_per_turnover_proxy_bps_6.616_not_above_10.000;locked_oos_return_per_turnover_proxy_bps_-7.080_not_above_10.000
25,htf_funding_squeeze_4h_solusdt_lb12_-2e-05_4p0x_0p1_d8acba14,no_promotion_shadow_or_reject,funding_squeeze_continuation,SOLUSDT,4h,0.07934701945488709,-0.009900720073121816,False,False,False,locked_oos_trade_event_count_10_below_20;train_return_not_positive;train_validation_return_ratio_-1.4789_below_0.50;locked_oos_return_not_positive;train_return_per_turnover_proxy_bps_-22.566_not_above_10.000;locked_oos_return_per_turnover_proxy_bps_-24.752_not_above_10.000
26,htf_trend_1h_ethusdt_lb12_th0p02_4p0x_0p15_4c0efe1c,no_promotion_shadow_or_reject,htf_trend_persistence,ETHUSDT,1h,0.08170937187555838,0.0060646994378639185,False,False,False,train_return_not_positive;train_validation_return_ratio_-0.9027_below_0.50;train_return_per_turnover_proxy_bps_-1.761_not_above_10.000;locked_oos_return_per_turnover_proxy_bps_2.106_not_above_10.000
27,htf_trend_6h_trxusdt_lb48_th0p005_5p0x_0p15_f6c41521,no_promotion_shadow_or_reject,htf_trend_persistence,TRXUSDT,6h,0.08571666247290488,0.002285853745374933,False,False,False,validation_trade_event_count_24_below_30;train_return_not_positive;train_validation_return_ratio_-1.3375_below_0.50;train_return_per_turnover_proxy_bps_-8.637_not_above_10.000;locked_oos_return_per_turnover_proxy_bps_1.016_not_above_10.000
28,htf_trend_4h_trxusdt_lb48_th0p02_5p0x_0p1_dede70d0,no_promotion_shadow_or_reject,htf_trend_persistence,TRXUSDT,4h,0.06772430501025628,0.015413414657354574,False,False,False,train_validation_return_ratio_0.0078_below_0.50;train_return_per_turnover_proxy_bps_0.056_not_above_10.000
29,htf_trend_2h_trxusdt_lb48_th0p005_5p0x_0p15_b59ca1f5,no_promotion_shadow_or_reject,htf_trend_persistence,TRXUSDT,2h,0.07627710608003624,0.03973159840004348,False,False,False,train_return_not_positive;train_validation_return_ratio_-1.0328_below_0.50;train_return_per_turnover_proxy_bps_-3.001_not_above_10.000;locked_oos_return_per_turnover_proxy_bps_9.460_not_above_10.000
30,htf_funding_squeeze_2h_solusdt_lb6_-2e-05_5p0x_0p1_67052918,no_promotion_shadow_or_reject,funding_squeeze_continuation,SOLUSDT,2h,0.09224560344060295,-0.013395798016542892,False,False,False,locked_oos_trade_event_count_10_below_20;train_return_not_positive;train_validation_return_ratio_-1.8337_below_0.50;locked_oos_return_not_positive;train_return_per_turnover_proxy_bps_-11.507_not_above_10.000;locked_oos_return_per_turnover_proxy_bps_-26.792_not_above_10.000
31,htf_trend_4h_trxusdt_lb24_th0p005_4p0x_0p15_777478b2,no_promotion_shadow_or_reject,htf_trend_persistence,TRXUSDT,4h,0.07494792151506746,0.03848748323316542,False,False,False,train_return_not_positive;train_validation_return_ratio_-1.3281_below_0.50;train_return_per_turnover_proxy_bps_-6.799_not_above_10.000
32,htf_funding_squeeze_4h_solusdt_lb12_5e-05_5p0x_0p1_8bbad391,no_promotion_shadow_or_reject,funding_squeeze_continuation,SOLUSDT,4h,0.09483036706858061,-0.02031015539152159,False,False,False,locked_oos_trade_event_count_16_below_20;train_return_not_positive;train_validation_return_ratio_-1.9550_below_0.50;locked_oos_return_not_positive;train_return_per_turnover_proxy_bps_-16.553_not_above_10.000;locked_oos_return_per_turnover_proxy_bps_-25.388_not_above_10.000
33,htf_trend_6h_trxusdt_lb24_th0p005_5p0x_0p1_de2b572b,no_promotion_shadow_or_reject,htf_trend_persistence,TRXUSDT,6h,0.06989520688060713,0.035086609874411145,False,False,False,train_return_not_positive;train_validation_return_ratio_-0.9529_below_0.50;train_return_per_turnover_proxy_bps_-7.656_not_above_10.000
34,htf_trend_4h_trxusdt_lb12_th0p005_4p0x_0p15_873db3ff,no_promotion_shadow_or_reject,htf_trend_persistence,TRXUSDT,4h,0.06328833401321465,-0.0021366659207835426,False,False,False,locked_oos_return_not_positive;train_return_per_turnover_proxy_bps_3.557_not_above_10.000;locked_oos_return_per_turnover_proxy_bps_-0.828_not_above_10.000
35,htf_trend_6h_trxusdt_lb48_th0p02_5p0x_0p15_a2f6d62d,no_promotion_shadow_or_reject,htf_trend_persistence,TRXUSDT,6h,0.07862614630027154,-0.007121675325685972,False,False,False,validation_trade_event_count_14_below_30;train_return_not_positive;train_validation_return_ratio_-1.6848_below_0.50;locked_oos_return_not_positive;train_return_per_turnover_proxy_bps_-11.775_not_above_10.000;locked_oos_return_per_turnover_proxy_bps_-3.391_not_above_10.000
36,htf_trend_4h_trxusdt_lb48_th0p01_4p0x_0p1_5a3f2000,no_promotion_shadow_or_reject,htf_trend_persistence,TRXUSDT,4h,0.06669269582658455,0.01743508240610714,False,False,False,train_return_not_positive;train_validation_return_ratio_-0.7283_below_0.50;train_return_per_turnover_proxy_bps_-5.622_not_above_10.000
37,htf_trend_2h_ethusdt_lb6_th0p04_5p0x_0p15_6ff0ac58,no_promotion_shadow_or_reject,htf_trend_persistence,ETHUSDT,2h,0.071031784605464,-0.02097430171961001,False,False,False,locked_oos_trade_event_count_16_below_20;train_validation_return_ratio_0.0090_below_0.50;locked_oos_return_not_positive;train_return_per_turnover_proxy_bps_0.050_not_above_10.000;locked_oos_return_per_turnover_proxy_bps_-17.479_not_above_10.000
38,htf_trend_6h_trxusdt_lb24_th0p01_5p0x_0p1_c2bb2e20,no_promotion_shadow_or_reject,htf_trend_persistence,TRXUSDT,6h,0.06601092418933563,0.039243647617941635,False,False,False,train_return_not_positive;train_validation_return_ratio_-0.9143_below_0.50;train_return_per_turnover_proxy_bps_-7.361_not_above_10.000
39,htf_trend_2h_solusdt_lb6_th0p04_5p0x_0p15_835a5edc,no_promotion_shadow_or_reject,htf_trend_persistence,SOLUSDT,2h,0.06680322173385944,-0.055251154485442266,False,False,False,locked_oos_trade_event_count_16_below_20;locked_oos_return_not_positive;train_return_per_turnover_proxy_bps_4.633_not_above_10.000;locked_oos_return_per_turnover_proxy_bps_-46.043_not_above_10.000
40,htf_trend_6h_trxusdt_lb48_th0p01_4p0x_0p15_54566888,no_promotion_shadow_or_reject,htf_trend_persistence,TRXUSDT,6h,0.07296273754988669,-0.002538018337166381,False,False,False,validation_trade_event_count_24_below_30;train_return_not_positive;train_validation_return_ratio_-1.2185_below_0.50;locked_oos_return_not_positive;train_return_per_turnover_proxy_bps_-9.091_not_above_10.000;locked_oos_return_per_turnover_proxy_bps_-1.244_not_above_10.000
41,htf_trend_1h_solusdt_lb48_th0p005_4p0x_0p15_3c9b9537,no_promotion_shadow_or_reject,htf_trend_persistence,SOLUSDT,1h,0.0897701109051523,-0.1126863640432717,False,False,False,train_return_not_positive;train_validation_return_ratio_-1.4947_below_0.50;locked_oos_return_not_positive;train_return_per_turnover_proxy_bps_-3.150_not_above_10.000;locked_oos_return_per_turnover_proxy_bps_-19.564_not_above_10.000
42,htf_funding_squeeze_2h_solusdt_lb24_0p0_4p0x_0p1_92c36647,no_promotion_shadow_or_reject,funding_squeeze_continuation,SOLUSDT,2h,0.07093527838201608,-0.03646136308291359,False,False,False,train_return_not_positive;train_validation_return_ratio_-1.5270_below_0.50;locked_oos_return_not_positive;train_return_per_turnover_proxy_bps_-12.773_not_above_10.000;locked_oos_return_per_turnover_proxy_bps_-41.433_not_above_10.000
43,htf_trend_6h_ethusdt_lb6_th0p005_5p0x_0p15_f186602f,no_promotion_shadow_or_reject,htf_trend_persistence,ETHUSDT,6h,0.09325465418987777,-0.1079494422825722,False,False,False,train_return_not_positive;train_validation_return_ratio_-0.5443_below_0.50;locked_oos_return_not_positive;train_return_per_turnover_proxy_bps_-2.051_not_above_10.000;locked_oos_return_per_turnover_proxy_bps_-35.983_not_above_10.000
44,htf_trend_1h_solusdt_lb48_th0p01_5p0x_0p15_9a5bf58b,no_promotion_shadow_or_reject,htf_trend_persistence,SOLUSDT,1h,0.09821270499407997,-0.15647719393732118,False,False,False,train_return_not_positive;train_validation_return_ratio_-2.1805_below_0.50;locked_oos_return_not_positive;train_return_per_turnover_proxy_bps_-4.313_not_above_10.000;locked_oos_return_per_turnover_proxy_bps_-21.733_not_above_10.000
45,htf_trend_1h_solusdt_lb12_th0p04_5p0x_0p15_bb629bbe,no_promotion_shadow_or_reject,htf_trend_persistence,SOLUSDT,1h,0.0694048017632829,-0.024406816871410775,False,False,False,locked_oos_return_not_positive;train_return_per_turnover_proxy_bps_2.447_not_above_10.000;locked_oos_return_per_turnover_proxy_bps_-14.792_not_above_10.000
46,htf_trend_4h_ethusdt_lb48_th0p04_5p0x_0p15_7b98b200,no_promotion_shadow_or_reject,htf_trend_persistence,ETHUSDT,4h,0.06953030599240972,0.027616127979402938,False,False,False,validation_trade_event_count_24_below_30;locked_oos_trade_event_count_16_below_20;train_return_per_turnover_proxy_bps_9.009_not_above_10.000
47,htf_funding_squeeze_2h_solusdt_lb24_5e-05_4p0x_0p1_66f264b2,no_promotion_shadow_or_reject,funding_squeeze_continuation,SOLUSDT,2h,0.07203080409395013,-0.03361769177155893,False,False,False,train_return_not_positive;train_validation_return_ratio_-1.4579_below_0.50;locked_oos_return_not_positive;train_return_per_turnover_proxy_bps_-8.870_not_above_10.000;locked_oos_return_per_turnover_proxy_bps_-30.016_not_above_10.000
48,htf_trend_1h_ethusdt_lb12_th0p02_5p0x_0p1_903884e2,no_promotion_shadow_or_reject,htf_trend_persistence,ETHUSDT,1h,0.06803187164407509,0.0051353419803681355,False,False,False,train_return_not_positive;train_validation_return_ratio_-0.8814_below_0.50;train_return_per_turnover_proxy_bps_-1.718_not_above_10.000;locked_oos_return_per_turnover_proxy_bps_2.140_not_above_10.000
49,htf_trend_4h_trxusdt_lb48_th0p005_3p0x_0p1_57d675db,no_promotion_shadow_or_reject,htf_trend_persistence,TRXUSDT,4h,0.057957777155098755,0.017937938787642604,False,False,False,train_return_not_positive;train_validation_return_ratio_-0.5463_below_0.50;train_return_per_turnover_proxy_bps_-4.510_not_above_10.000
50,htf_funding_squeeze_2h_solusdt_lb24_-2e-05_4p0x_0p1_2844a32e,no_promotion_shadow_or_reject,funding_squeeze_continuation,SOLUSDT,2h,0.06877583603079107,-0.0016815556089918582,False,False,False,locked_oos_trade_event_count_12_below_20;train_return_not_positive;train_validation_return_ratio_-1.8803_below_0.50;locked_oos_return_not_positive;train_return_per_turnover_proxy_bps_-18.580_not_above_10.000;locked_oos_return_per_turnover_proxy_bps_-3.503_not_above_10.000
51,htf_trend_1h_ethusdt_lb12_th0p04_4p0x_0p15_19c69768,no_promotion_shadow_or_reject,htf_trend_persistence,ETHUSDT,1h,0.05141448485713096,-0.008487047201237163,False,False,False,locked_oos_return_not_positive;train_return_per_turnover_proxy_bps_6.660_not_above_10.000;locked_oos_return_per_turnover_proxy_bps_-7.073_not_above_10.000
52,htf_funding_squeeze_4h_solusdt_lb12_0p0_4p0x_0p1_a4b6dc4f,no_promotion_shadow_or_reject,funding_squeeze_continuation,SOLUSDT,4h,0.0678681775328247,-0.026600340503143083,False,False,False,locked_oos_trade_event_count_14_below_20;train_return_not_positive;train_validation_return_ratio_-1.6955_below_0.50;locked_oos_return_not_positive;train_return_per_turnover_proxy_bps_-18.441_not_above_10.000;locked_oos_return_per_turnover_proxy_bps_-47.501_not_above_10.000
53,htf_funding_squeeze_4h_solusdt_lb6_-2e-05_5p0x_0p1_937a14c3,no_promotion_shadow_or_reject,funding_squeeze_continuation,SOLUSDT,4h,0.08613929727943592,-0.008329935829477497,False,False,False,locked_oos_trade_event_count_8_below_20;train_return_not_positive;train_validation_return_ratio_-2.4823_below_0.50;locked_oos_return_not_positive;train_return_per_turnover_proxy_bps_-28.135_not_above_10.000;locked_oos_return_per_turnover_proxy_bps_-20.825_not_above_10.000
54,htf_trend_4h_ethusdt_lb12_th0p04_5p0x_0p15_d7568255,no_promotion_shadow_or_reject,htf_trend_persistence,ETHUSDT,4h,0.05188946608775691,-0.07890985363022773,False,False,False,locked_oos_trade_event_count_18_below_20;locked_oos_return_not_positive;locked_oos_return_per_turnover_proxy_bps_-58.452_not_above_10.000
55,htf_trend_4h_trxusdt_lb24_th0p005_5p0x_0p1_9fb715a6,no_promotion_shadow_or_reject,htf_trend_persistence,TRXUSDT,4h,0.062188271720298394,0.03203493393753609,False,False,False,train_return_not_positive;train_validation_return_ratio_-1.3264_below_0.50;train_return_per_turnover_proxy_bps_-6.761_not_above_10.000
56,htf_trend_6h_trxusdt_lb48_th0p005_4p0x_0p15_53c4ae13,no_promotion_shadow_or_reject,htf_trend_persistence,TRXUSDT,6h,0.06824958657241353,0.001969256581693335,False,False,False,validation_trade_event_count_24_below_30;train_return_not_positive;train_validation_return_ratio_-1.3330_below_0.50;train_return_per_turnover_proxy_bps_-8.566_not_above_10.000;locked_oos_return_per_turnover_proxy_bps_1.094_not_above_10.000
57,htf_trend_4h_trxusdt_lb12_th0p005_5p0x_0p1_d0a32b1a,no_promotion_shadow_or_reject,htf_trend_persistence,TRXUSDT,4h,0.05256693673175583,-0.0017521864552920707,False,False,False,locked_oos_return_not_positive;train_return_per_turnover_proxy_bps_3.613_not_above_10.000;locked_oos_return_per_turnover_proxy_bps_-0.815_not_above_10.000
58,htf_trend_4h_trxusdt_lb48_th0p02_4p0x_0p1_73388111,no_promotion_shadow_or_reject,htf_trend_persistence,TRXUSDT,4h,0.05391437593620085,0.012358792950534436,False,False,False,train_validation_return_ratio_0.0205_below_0.50;train_return_per_turnover_proxy_bps_0.149_not_above_10.000
59,htf_trend_2h_trxusdt_lb48_th0p005_4p0x_0p15_eccffb21,no_promotion_shadow_or_reject,htf_trend_persistence,TRXUSDT,2h,0.06075106527670804,0.03180243306754438,False,False,False,train_return_not_positive;train_validation_return_ratio_-1.0134_below_0.50;train_return_per_turnover_proxy_bps_-2.932_not_above_10.000;locked_oos_return_per_turnover_proxy_bps_9.465_not_above_10.000
60,htf_trend_4h_solusdt_lb12_th0p02_5p0x_0p15_630dacc6,no_promotion_shadow_or_reject,htf_trend_persistence,SOLUSDT,4h,0.08700022349030934,-0.07698612193411469,False,False,False,train_return_not_positive;train_validation_return_ratio_-1.5642_below_0.50;locked_oos_return_not_positive;train_return_per_turnover_proxy_bps_-6.257_not_above_10.000;locked_oos_return_per_turnover_proxy_bps_-28.513_not_above_10.000
179,htf_trend_4h_ethusdt_lb48_th0p04_3p0x_0p1_2956d92f,no_promotion_shadow_or_reject,htf_trend_persistence,ETHUSDT,4h,0.028260720902371528,0.011855273390769527,False,False,False,validation_trade_event_count_24_below_30;locked_oos_trade_event_count_16_below_20
391,htf_trend_1h_ethusdt_lb6_th0p02_5p0x_0p15_3a23dcc0,validation_alpha_shadow_until_execution_efficiency,htf_trend_persistence,ETHUSDT,1h,0.021536763580238816,0.04149838109695869,False,False,False,train_return_per_turnover_proxy_bps_0.343_not_above_10.000;validation_return_per_turnover_proxy_bps_2.354_not_above_10.000
