profile_id,symbol,asset_group,family,timeframe,side,lookback_bars,threshold,exit_threshold,min_hold_bars,cooldown_bars,integer_leverage,notional_fraction,train_return,validation_return,train_mdd,validation_mdd,train_trade_event_count,validation_trade_event_count,train_return_per_turnover_proxy_bps,validation_return_per_turnover_proxy_bps,train_validation_score,profile_objective_score,dominant_anchor,dominant_anchor_abs_corr,ready_for_paper,rejection_reasons,source_profile_id,source_model_id,live_efficiency_score,efficiency_repair_reasons,relaxed_policy_id,relaxations_applied,sleeve_multiplier,weighted_notional_fraction,profile_weight_rank
balanced_mdd12_gross5_69_asset_relaxed_efficiency_repair_optuna,XPTUSDT,tradfi_commodity,volatility_adjusted_trend_persistence,2h,long_short,6,0.8,0.15000000000000002,66,6,6,0.6000000000000001,0.14017114488401283,0.09250314631732937,0.07977724620146509,0.04711156565456576,20,17,116.809287403344,90.68935913463663,2.5313265066701063,,precious_metal_gold,0.03359949728957383,False,train_trade_event_count_20_below_80;validation_trade_event_count_17_below_30,balanced_mdd12_gross5_69_asset_profile_optuna,az69_balanced_mdd12_gross5_69_asset_profile_optuna_volatility_adjusted_trend_persistence_2h_xptusdt_lb6_th0p8_exit0p15_hold66_cool6_lev6_long_short_976510bf,2.759955957319486,,material_positive_tradfi_low_sample_mdd_guard_20260531,,0.9969527917571082,0.5981716750542649,1
balanced_mdd12_gross5_69_asset_relaxed_efficiency_repair_optuna,GOOGLUSDT,tradfi_equity,volatility_adjusted_trend_persistence,4h,long_only,6,1.1,0.4,60,18,5,0.5,0.03524810115324062,0.1192255914627458,0.01568865347442483,0.028046176811517998,1,8,704.9620230648123,298.0639786568645,2.4190491690826743,,us_equity_beta_spy,0.1389417896419326,False,train_trade_event_count_1_below_80;validation_trade_event_count_8_below_30;train_return_below_validation_return_possible_validation_spike,balanced_mdd12_gross5_69_asset_profile_optuna,az69_balanced_mdd12_gross5_69_asset_profile_optuna_volatility_adjusted_trend_persistence_4h_googlusdt_lb6_th1p1_exit0p4_hold60_cool18_lev5_long_only_a5d54c41,2.643449067872897,,material_positive_tradfi_low_sample_mdd_guard_20260531,train_below_validation_relaxed_material_positive_mdd_guarded;low_train_sample_relaxed_tradfi_mdd_guarded,0.998290649793357,0.4991453248966785,2
balanced_mdd12_gross5_69_asset_relaxed_efficiency_repair_optuna,XAGUSDT,tradfi_commodity,volatility_adjusted_trend_persistence,1h,long_only,6,0.8,0.3,48,9,5,0.5,0.1538829362508609,0.07276002798067993,0.16469536482714142,0.05063850187291541,58,37,53.06308146581411,39.329744854421584,1.3678557689223771,,silver_metal_beta,0.030776332280309748,False,train_trade_event_count_58_below_80,balanced_mdd12_gross5_69_asset_profile_optuna,az69_balanced_mdd12_gross5_69_asset_profile_optuna_volatility_adjusted_trend_persistence_1h_xagusdt_lb6_th0p8_exit0p3_hold48_cool9_lev5_long_only_564a2219,1.6279207267294693,,material_positive_tradfi_low_sample_mdd_guard_20260531,,0.87969829103072,0.43984914551536,3
balanced_mdd12_gross5_69_asset_relaxed_efficiency_repair_optuna,TONUSDT,crypto_core,volatility_adjusted_trend_persistence,2h,long_short,24,2.0,0.05,72,6,4,0.4,0.3114301773141095,0.3090850708968318,0.1393660261404409,0.0783030969110654,72,8,108.1354782340658,965.8908465525993,4.567540230320085,,high_beta_alt_sol,0.014848062945894538,False,train_trade_event_count_72_below_80;validation_trade_event_count_8_below_30,balanced_mdd12_gross5_69_asset_profile_optuna,az69_balanced_mdd12_gross5_69_asset_profile_optuna_volatility_adjusted_trend_persistence_2h_tonusdt_lb24_th2_exit0p05_hold72_cool6_lev4_long_short_ef3f28cf,6.5990269855158905,,material_positive_tradfi_low_sample_mdd_guard_20260531,,0.9980785208181806,0.3992314083272723,4
balanced_mdd12_gross5_69_asset_relaxed_efficiency_repair_optuna,CRCLUSDT,tradfi_equity,cross_sectional_momentum_rank,30m,long_only,6,0.05,0.6,54,18,4,0.4,0.14273549660626172,0.13614600030266044,0.09957804606034004,0.07802371606600444,42,40,84.96160512277483,85.09125018916278,2.634763850069522,,high_beta_alt_sol,0.04367140990893477,False,train_trade_event_count_42_below_80,balanced_mdd12_gross5_69_asset_profile_optuna,az69_balanced_mdd12_gross5_69_asset_profile_optuna_cross_sectional_momentum_rank_30m_crclusdt_lb6_th0p05_exit0p6_hold54_cool18_lev4_long_only_be290784,3.04710174972906,,material_positive_tradfi_low_sample_mdd_guard_20260531,,0.9811199162361739,0.39244796649446956,5
balanced_mdd12_gross5_69_asset_relaxed_efficiency_repair_optuna,COINUSDT,tradfi_equity,cross_sectional_momentum_rank,4h,long_only,12,0.2,0.39999999999999997,54,12,4,0.4,0.09197936486575498,0.04535095836509617,0.04073100032348187,0.05889406757893867,7,9,328.4977316634106,125.97488434748936,2.1397022785971034,,energy_crude_beta,0.05876326666204457,False,train_trade_event_count_7_below_80;validation_trade_event_count_9_below_30,balanced_mdd12_gross5_69_asset_profile_optuna,az69_balanced_mdd12_gross5_69_asset_profile_optuna_cross_sectional_momentum_rank_4h_coinusdt_lb12_th0p2_exit0p4_hold54_cool12_lev4_long_only_ecb6327f,2.3837620793406122,,material_positive_tradfi_low_sample_mdd_guard_20260531,low_train_sample_relaxed_tradfi_mdd_guarded,0.8165211625337568,0.32660846501350277,6
balanced_mdd12_gross5_69_asset_relaxed_efficiency_repair_optuna,SOLUSDT,crypto_core,volatility_adjusted_trend_persistence,4h,long_short,48,0.6000000000000001,0.35000000000000003,36,6,3,0.30000000000000004,0.11023611172871739,0.031876838326695855,0.14156879220796292,0.03012614662715185,78,9,47.109449456716824,118.06236417294761,1.6860152341787547,,high_beta_alt_sol,0.033978676073108775,False,train_trade_event_count_78_below_80;validation_trade_event_count_9_below_30,balanced_mdd12_gross5_69_asset_profile_optuna,az69_balanced_mdd12_gross5_69_asset_profile_optuna_volatility_adjusted_trend_persistence_4h_solusdt_lb48_th0p6_exit0p35_hold36_cool6_lev3_long_short_b9298790,1.7186561265940556,,material_positive_tradfi_low_sample_mdd_guard_20260531,,0.4587986829133324,0.13763960487399976,7
growth_mdd20_gross8_69_asset_relaxed_efficiency_repair_optuna,CRCLUSDT,tradfi_equity,cross_sectional_momentum_rank,1h,long_only,72,0.2,0.5,36,9,9,0.9,0.3302773357331408,0.28667270438528947,0.0918081242220038,0.14431152709235473,14,15,262.1248696294768,212.35015139651074,4.090589027735276,,us_equity_beta_spy,0.02335154873307586,False,train_trade_event_count_14_below_80;validation_trade_event_count_15_below_30,growth_mdd20_gross8_69_asset_profile_optuna,az69_growth_mdd20_gross8_69_asset_profile_optuna_cross_sectional_momentum_rank_1h_crclusdt_lb72_th0p2_exit0p5_hold36_cool9_lev9_long_only_338f341f,6.576647058442114,,material_positive_tradfi_low_sample_mdd_guard_20260531,low_train_sample_relaxed_tradfi_mdd_guarded,0.8912302775495107,0.8021072497945596,1
growth_mdd20_gross8_69_asset_relaxed_efficiency_repair_optuna,COPPERUSDT,tradfi_commodity,cross_sectional_momentum_rank,4h,long_short,6,0.25,0.55,36,12,9,0.9,0.08837665582583587,0.06353795550386221,0.03846740734772791,0.05458163346452305,5,11,196.39256850185748,64.17975303420425,1.931725743808646,,crypto_liquidity_eth,0.07740944219805095,False,train_trade_event_count_5_below_80;validation_trade_event_count_11_below_30,growth_mdd20_gross8_69_asset_profile_optuna,az69_growth_mdd20_gross8_69_asset_profile_optuna_cross_sectional_momentum_rank_4h_copperusdt_lb6_th0p25_exit0p55_hold36_cool12_lev9_long_short_e8a3a95d,2.1792842362157123,,material_positive_tradfi_low_sample_mdd_guard_20260531,low_train_sample_relaxed_tradfi_mdd_guarded,0.8765544904163072,0.7888990413746765,2
growth_mdd20_gross8_69_asset_relaxed_efficiency_repair_optuna,ETHUSDT,crypto_core,volatility_adjusted_trend_persistence,4h,long_only,72,0.4,0.05,18,18,10,1.0,0.04596007630592225,0.07833243661559308,0.2945390328044578,0.02705681889896283,18,2,25.533375725512357,391.66218307796544,1.74939977239647,,us_equity_beta_spy,0.03340073275000889,False,train_trade_event_count_18_below_80;validation_trade_event_count_2_below_30;train_return_below_validation_return_possible_validation_spike,growth_mdd20_gross8_69_asset_profile_optuna,az69_growth_mdd20_gross8_69_asset_profile_optuna_volatility_adjusted_trend_persistence_4h_ethusdt_lb72_th0p4_exit0p05_hold18_cool18_lev10_long_only_a831545e,1.2597439064909262,,material_positive_tradfi_low_sample_mdd_guard_20260531,train_below_validation_relaxed_material_positive_mdd_guarded;low_validation_sample_relaxed_material_positive_mdd_guarded,0.776247592470983,0.776247592470983,3
growth_mdd20_gross8_69_asset_relaxed_efficiency_repair_optuna,METAUSDT,tradfi_equity,cross_sectional_momentum_rank,30m,long_short,24,0.1,0.39999999999999997,24,0,8,0.8,0.0518769498362992,0.02491392529446368,0.011380073852272465,0.025657316202584712,6,14,108.07697882562333,22.24457615577114,1.2145483161067454,,tech_growth_qqq,0.0346363411773756,False,train_trade_event_count_6_below_80;validation_trade_event_count_14_below_30,growth_mdd20_gross8_69_asset_profile_optuna,az69_growth_mdd20_gross8_69_asset_profile_optuna_cross_sectional_momentum_rank_30m_metausdt_lb24_th0p1_exit0p4_hold24_cool0_lev8_long_short_089c05c4,-0.6181746474410243,,material_positive_tradfi_low_sample_mdd_guard_20260531,low_train_sample_relaxed_tradfi_mdd_guarded,0.9314659426415162,0.7451727541132129,4
growth_mdd20_gross8_69_asset_relaxed_efficiency_repair_optuna,ADAUSDT,crypto_core,cross_sectional_momentum_rank,2h,short_only,24,0.2,0.65,24,12,8,0.8,0.22089427080739776,0.026745954793611526,0.3897529711225015,0.05912753780819813,171,16,16.14724201808463,20.895277182509002,0.38430651592954446,,crypto_beta_btc,0.029314071317840237,False,validation_trade_event_count_16_below_30,growth_mdd20_gross8_69_asset_profile_optuna,az69_growth_mdd20_gross8_69_asset_profile_optuna_cross_sectional_momentum_rank_2h_adausdt_lb24_th0p2_exit0p65_hold24_cool12_lev8_short_only_c87ef7f0,-3.262328987883685,,material_positive_tradfi_low_sample_mdd_guard_20260531,,0.8861145209306307,0.7088916167445046,5
growth_mdd20_gross8_69_asset_relaxed_efficiency_repair_optuna,TONUSDT,crypto_core,volatility_adjusted_trend_persistence,30m,long_short,48,1.1,0.1,60,9,7,0.7000000000000001,0.5941603890259917,0.9190164830530254,0.33836323023063253,0.16880787810171494,407,44,20.855050509862814,298.38197501721595,7.228763664114464,,energy_crude_beta,0.027352967936484195,False,train_return_below_validation_return_possible_validation_spike,growth_mdd20_gross8_69_asset_profile_optuna,az69_growth_mdd20_gross8_69_asset_profile_optuna_volatility_adjusted_trend_persistence_30m_tonusdt_lb48_th1p1_exit0p1_hold60_cool9_lev7_long_short_03b58684,9.025668801152252,,material_positive_tradfi_low_sample_mdd_guard_20260531,train_below_validation_relaxed_material_positive_mdd_guarded,0.9267099551514587,0.6486969686060211,6
growth_mdd20_gross8_69_asset_relaxed_efficiency_repair_optuna,INTCUSDT,tradfi_equity,cross_sectional_momentum_rank,1h,long_only,6,0.3,0.5,72,12,4,0.4,0.03887366891650634,0.34703302161616456,0.06567440042656636,0.06330837924957533,30,29,32.39472409708862,299.16639794496945,2.421611541060999,,crypto_beta_btc,0.03873936586308228,False,train_trade_event_count_30_below_80;validation_trade_event_count_29_below_30;train_return_below_validation_return_possible_validation_spike,growth_mdd20_gross8_69_asset_profile_optuna,az69_growth_mdd20_gross8_69_asset_profile_optuna_cross_sectional_momentum_rank_1h_intcusdt_lb6_th0p3_exit0p5_hold72_cool12_lev4_long_only_b3059cfe,2.389825159623614,,material_positive_tradfi_low_sample_mdd_guard_20260531,train_below_validation_relaxed_material_positive_mdd_guarded,0.8940493719926578,0.35761974879706315,7
growth_mdd20_gross8_69_asset_relaxed_efficiency_repair_optuna,BNBUSDT,crypto_core,volatility_adjusted_trend_persistence,30m,long_only,72,1.5,0.35000000000000003,60,6,4,0.4,0.10156475869841342,0.036940935573601674,0.09022543444588904,0.010918919324192089,119,16,21.337134180338953,57.72021183375261,1.1264083491969679,,crypto_liquidity_eth,0.023762043652567868,False,validation_trade_event_count_16_below_30,growth_mdd20_gross8_69_asset_profile_optuna,az69_growth_mdd20_gross8_69_asset_profile_optuna_volatility_adjusted_trend_persistence_30m_bnbusdt_lb72_th1p5_exit0p35_hold60_cool6_lev4_long_only_43849e2d,-0.05109853080687898,,material_positive_tradfi_low_sample_mdd_guard_20260531,,0.7680695002097729,0.3072278000839092,8
growth_mdd20_gross8_69_asset_relaxed_efficiency_repair_optuna,XPDUSDT,tradfi_commodity,cross_sectional_momentum_rank,4h,long_short,72,0.25,0.65,42,12,10,1.0,0.12039211038331188,0.06870317772302714,0.11328920988049807,0.0651066546670237,7,5,171.988729119017,137.4063554460543,2.3366980141451075,,precious_metal_gold,0.08013911468608248,False,train_trade_event_count_7_below_80;validation_trade_event_count_5_below_30,growth_mdd20_gross8_69_asset_profile_optuna,az69_growth_mdd20_gross8_69_asset_profile_optuna_cross_sectional_momentum_rank_4h_xpdusdt_lb72_th0p25_exit0p65_hold42_cool12_lev10_long_short_7b003790,2.7920583335974434,,material_positive_tradfi_low_sample_mdd_guard_20260531,low_train_sample_relaxed_tradfi_mdd_guarded;low_validation_sample_relaxed_tradfi_mdd_guarded,0.29186997420239486,0.29186997420239486,9
growth_mdd20_gross8_69_asset_relaxed_efficiency_repair_optuna,MSTRUSDT,tradfi_equity,cross_sectional_momentum_rank,4h,long_short,72,0.25,0.5,42,6,3,0.30000000000000004,0.02596900326040208,0.04972954838627475,0.0403149975667928,0.037400138295623275,7,7,123.66192028762893,236.80737326797492,2.112831057613389,,us_equity_beta_spy,0.044402390249856045,False,train_trade_event_count_7_below_80;validation_trade_event_count_7_below_30;train_return_below_validation_return_possible_validation_spike,growth_mdd20_gross8_69_asset_profile_optuna,az69_growth_mdd20_gross8_69_asset_profile_optuna_cross_sectional_momentum_rank_4h_mstrusdt_lb72_th0p25_exit0p5_hold42_cool6_lev3_long_short_2f23f336,2.367613391257643,,material_positive_tradfi_low_sample_mdd_guard_20260531,train_below_validation_relaxed_material_positive_mdd_guarded;low_train_sample_relaxed_tradfi_mdd_guarded,0.8787557147363497,0.26362671442090496,10
growth_mdd20_gross8_69_asset_relaxed_efficiency_repair_optuna,AVAXUSDT,crypto_core,volatility_adjusted_trend_persistence,30m,short_only,12,0.9,0.15000000000000002,60,18,2,0.2,0.14515415147691835,0.0319925062657207,0.10923516601892702,0.017757078025148698,453,55,16.02142952283867,29.084096605200635,0.6895690390607478,,high_beta_alt_sol,0.012006394974430989,True,,growth_mdd20_gross8_69_asset_profile_optuna,az69_growth_mdd20_gross8_69_asset_profile_optuna_volatility_adjusted_trend_persistence_30m_avaxusdt_lb12_th0p9_exit0p15_hold60_cool18_lev2_short_only_364ed725,-1.3928894526343636,,material_positive_tradfi_low_sample_mdd_guard_20260531,,0.9247638924078958,0.18495277848157918,11
aggressive_mdd30_gross10_69_asset_relaxed_efficiency_repair_optuna,PLTRUSDT,tradfi_equity,cross_sectional_momentum_rank,4h,long_only,24,0.25,0.5,66,0,10,1.0,0.07002369246427165,0.06278255382770492,0.18968325420138987,0.1805028615523122,3,7,233.41230821423883,89.68936261100703,1.704304621942915,,tech_growth_qqq,0.042434636256345824,False,train_trade_event_count_3_below_80;validation_trade_event_count_7_below_30,aggressive_mdd30_gross10_69_asset_profile_optuna,az69_aggressive_mdd30_gross10_69_asset_profile_optuna_cross_sectional_momentum_rank_4h_pltrusdt_lb24_th0p25_exit0p5_hold66_cool0_lev10_long_only_bff8f33f,2.0319261961424933,,material_positive_tradfi_low_sample_mdd_guard_20260531,low_train_sample_relaxed_tradfi_mdd_guarded,0.9998071530823429,0.9998071530823429,1
aggressive_mdd30_gross10_69_asset_relaxed_efficiency_repair_optuna,TONUSDT,crypto_core,volatility_adjusted_trend_persistence,30m,long_only,72,1.7000000000000002,0.55,12,0,9,0.9,0.25639935329271535,0.8335093181293021,0.09931305404557023,0.1625842477511139,100,8,28.488817032523926,1157.6518307351419,4.865304679501577,,tech_growth_qqq,0.010917624787882635,False,validation_trade_event_count_8_below_30;train_return_below_validation_return_possible_validation_spike,aggressive_mdd30_gross10_69_asset_profile_optuna,az69_aggressive_mdd30_gross10_69_asset_profile_optuna_volatility_adjusted_trend_persistence_30m_tonusdt_lb72_th1p7_exit0p55_hold12_cool0_lev9_long_only_2a928fa4,5.627247440974169,,material_positive_tradfi_low_sample_mdd_guard_20260531,train_below_validation_relaxed_material_positive_mdd_guarded,0.999650928648476,0.8996858357836285,2
aggressive_mdd30_gross10_69_asset_relaxed_efficiency_repair_optuna,ADAUSDT,crypto_core,cross_sectional_momentum_rank,30m,short_only,6,0.2,0.44999999999999996,72,18,8,0.8,0.925073581560059,0.06943028874900703,0.3824338723992907,0.1502744903162908,446,53,25.92695015583125,16.3750681011809,0.45649290093989614,,crypto_liquidity_eth,0.018821251590434483,True,,aggressive_mdd30_gross10_69_asset_profile_optuna,az69_aggressive_mdd30_gross10_69_asset_profile_optuna_cross_sectional_momentum_rank_30m_adausdt_lb6_th0p2_exit0p45_hold72_cool18_lev8_short_only_dc771698,-0.7757119485979624,,material_positive_tradfi_low_sample_mdd_guard_20260531,,0.9837885986134592,0.7870308788907674,3
aggressive_mdd30_gross10_69_asset_relaxed_efficiency_repair_optuna,CRCLUSDT,tradfi_equity,cross_sectional_momentum_rank,2h,long_only,24,0.1,0.6,42,9,8,0.8,0.4400571445677077,0.3161317420712033,0.09685576256550676,0.10056935595514871,12,11,458.3928589246955,359.24061599000373,4.545418570300281,,precious_metal_gold,0.042003278793365476,False,train_trade_event_count_12_below_80;validation_trade_event_count_11_below_30,aggressive_mdd30_gross10_69_asset_profile_optuna,az69_aggressive_mdd30_gross10_69_asset_profile_optuna_cross_sectional_momentum_rank_2h_crclusdt_lb24_th0p1_exit0p6_hold42_cool9_lev8_long_only_21fb7a93,7.26332137476496,,material_positive_tradfi_low_sample_mdd_guard_20260531,,0.9797920371035179,0.7838336296828143,4
aggressive_mdd30_gross10_69_asset_relaxed_efficiency_repair_optuna,GOOGLUSDT,tradfi_equity,cross_sectional_momentum_rank,30m,long_short,72,0.3,0.35,48,6,8,0.8,0.030632030971421864,0.04777803923934276,0.030792816218701335,0.048716274027167605,6,48,63.81673119046221,12.442197718578843,0.8176299574949943,,silver_metal_beta,0.061101171630169065,False,train_trade_event_count_6_below_80;train_return_below_validation_return_possible_validation_spike,aggressive_mdd30_gross10_69_asset_profile_optuna,az69_aggressive_mdd30_gross10_69_asset_profile_optuna_cross_sectional_momentum_rank_30m_googlusdt_lb72_th0p3_exit0p35_hold48_cool6_lev8_long_short_cbaec2f7,-2.39785074890869,,material_positive_tradfi_low_sample_mdd_guard_20260531,train_below_validation_relaxed_material_positive_mdd_guarded;low_train_sample_relaxed_tradfi_mdd_guarded,0.9787595451678068,0.7830076361342455,5
aggressive_mdd30_gross10_69_asset_relaxed_efficiency_repair_optuna,INTCUSDT,tradfi_equity,cross_sectional_momentum_rank,1h,long_only,12,0.2,0.5,54,6,7,0.7000000000000001,0.09468006062339884,0.6687150986948263,0.1002371148205552,0.13613974374599958,28,31,48.30615337928512,308.1636399515328,3.5906691044243937,,crypto_beta_btc,0.040808349815855564,False,train_trade_event_count_28_below_80;train_return_below_validation_return_possible_validation_spike,aggressive_mdd30_gross10_69_asset_profile_optuna,az69_aggressive_mdd30_gross10_69_asset_profile_optuna_cross_sectional_momentum_rank_1h_intcusdt_lb12_th0p2_exit0p5_hold54_cool6_lev7_long_only_289c9961,3.342716140039707,,material_positive_tradfi_low_sample_mdd_guard_20260531,train_below_validation_relaxed_material_positive_mdd_guarded,0.9999175961849819,0.6999423173294874,6
aggressive_mdd30_gross10_69_asset_relaxed_efficiency_repair_optuna,BTCUSDT,crypto_core,cross_sectional_momentum_rank,4h,long_only,24,0.25,0.65,12,18,7,0.7000000000000001,0.0619272282147203,0.037525872118689074,0.09478568615433591,0.02777590697255483,36,6,24.57429691060329,89.34731456830731,1.4429259044735465,,crypto_beta_btc,0.018392902375531903,False,train_trade_event_count_36_below_80;validation_trade_event_count_6_below_30,aggressive_mdd30_gross10_69_asset_profile_optuna,az69_aggressive_mdd30_gross10_69_asset_profile_optuna_cross_sectional_momentum_rank_4h_btcusdt_lb24_th0p25_exit0p65_hold12_cool18_lev7_long_only_9c818112,0.8995145660023197,,material_positive_tradfi_low_sample_mdd_guard_20260531,,0.9249448216801822,0.6474613751761276,7
aggressive_mdd30_gross10_69_asset_relaxed_efficiency_repair_optuna,XAGUSDT,tradfi_commodity,volatility_adjusted_trend_persistence,30m,long_short,24,1.8000000000000003,0.6,66,18,7,0.7000000000000001,0.23950623449313646,0.10600547799261495,0.1622483360810243,0.06604886686921485,62,37,55.185768316390885,40.928755981704604,1.6575019314418467,,high_beta_alt_sol,0.019067451865059513,False,train_trade_event_count_62_below_80,aggressive_mdd30_gross10_69_asset_profile_optuna,az69_aggressive_mdd30_gross10_69_asset_profile_optuna_volatility_adjusted_trend_persistence_30m_xagusdt_lb24_th1p8_exit0p6_hold66_cool18_lev7_long_short_c8fa59c9,2.1973426822957447,,material_positive_tradfi_low_sample_mdd_guard_20260531,,0.8664104202832281,0.6064872941982598,8
aggressive_mdd30_gross10_69_asset_relaxed_efficiency_repair_optuna,DOGEUSDT,crypto_core,volatility_adjusted_trend_persistence,4h,long_only,48,0.7000000000000001,0.25,24,3,4,0.4,0.1083971968331634,0.026084054404087675,0.13339891654125202,0.03696054144481431,38,6,71.31394528497593,108.68356001703197,1.8053503395454862,,crypto_liquidity_eth,0.022509446904884024,False,train_trade_event_count_38_below_80;validation_trade_event_count_6_below_30,aggressive_mdd30_gross10_69_asset_profile_optuna,az69_aggressive_mdd30_gross10_69_asset_profile_optuna_volatility_adjusted_trend_persistence_4h_dogeusdt_lb48_th0p7_exit0p25_hold24_cool3_lev4_long_only_326457f4,1.6822141789984117,,material_positive_tradfi_low_sample_mdd_guard_20260531,,0.9799406042572585,0.3919762417029034,9
aggressive_mdd30_gross10_69_asset_relaxed_efficiency_repair_optuna,COINUSDT,tradfi_equity,cross_sectional_momentum_rank,1h,long_only,12,0.3,0.6,18,0,4,0.4,0.10668857276316879,0.1092449903407331,0.09897986413556259,0.04262196762589421,47,69,56.749240831472754,39.58151823939605,1.7634278108458932,,crypto_liquidity_eth,0.050172857564656385,False,train_trade_event_count_47_below_80;train_return_below_validation_return_possible_validation_spike,aggressive_mdd30_gross10_69_asset_profile_optuna,az69_aggressive_mdd30_gross10_69_asset_profile_optuna_cross_sectional_momentum_rank_1h_coinusdt_lb12_th0p3_exit0p6_hold18_cool0_lev4_long_only_6a5598a3,2.1206013041702043,,material_positive_tradfi_low_sample_mdd_guard_20260531,train_below_validation_relaxed_material_positive_mdd_guarded,0.9591201753614879,0.3836480701445952,10
aggressive_mdd30_gross10_69_asset_relaxed_efficiency_repair_optuna,METAUSDT,tradfi_equity,cross_sectional_momentum_rank,30m,short_only,12,0.05,0.35,24,6,12,1.2000000000000002,0.038205975152355576,0.04754351047733141,0.011249856633180677,0.02573273482988392,4,6,79.59578156740744,66.03265344073806,1.685032759672699,,us_equity_beta_spy,0.0234671914959056,False,train_trade_event_count_4_below_80;validation_trade_event_count_6_below_30;train_return_below_validation_return_possible_validation_spike,aggressive_mdd30_gross10_69_asset_profile_optuna,az69_aggressive_mdd30_gross10_69_asset_profile_optuna_cross_sectional_momentum_rank_30m_metausdt_lb12_th0p05_exit0p35_hold24_cool6_lev12_short_only_302ce3af,1.3975974113100804,,material_positive_tradfi_low_sample_mdd_guard_20260531,train_below_validation_relaxed_material_positive_mdd_guarded;low_train_sample_relaxed_tradfi_mdd_guarded,0.1979058661999285,0.23748703943991423,11
aggressive_mdd30_gross10_69_asset_relaxed_efficiency_repair_optuna,BNBUSDT,crypto_core,cross_sectional_momentum_rank,2h,long_only,24,0.25,0.39999999999999997,42,12,3,0.30000000000000004,0.02721159077766777,0.020097233366703326,0.1188721322252384,0.02103659541851932,70,10,12.957900370317985,66.99077788901108,0.9591018149401551,,silver_metal_beta,0.014042420177990397,False,train_trade_event_count_70_below_80;validation_trade_event_count_10_below_30,aggressive_mdd30_gross10_69_asset_profile_optuna,az69_aggressive_mdd30_gross10_69_asset_profile_optuna_cross_sectional_momentum_rank_2h_bnbusdt_lb24_th0p25_exit0p4_hold42_cool12_lev3_long_only_f069edb3,-1.3105580013257812,,material_positive_tradfi_low_sample_mdd_guard_20260531,,0.1124109825041385,0.033723294751241556,12
