timestamp,symbol,open,high,low,close,volume,vwap,funding_rate
2026-01-01 00:00:00,BTC/USDT,99.9,100.2,99.8,100.0,1000,99.95,0.0
2026-01-01 00:00:00,ETH/USDT,99.9,100.2,99.8,100.0,1000,99.95,0.0
2026-01-01 00:00:00,SOL/USDT,100.69919999999999,101.0016,100.5984,100.8,1000,100.7496,0.0
2026-01-01 00:00:00,BNB/USDT,99.9,100.2,99.8,100.0,1000,99.95,0.0
2026-01-01 00:00:00,TRX/USDT,100.39949999999999,100.70099999999998,100.29899999999999,100.49999999999999,1000,100.44975,0.0
2026-01-01 00:00:00,EURUSD,1.0989,1.1022,1.0978,1.1,1000,1.09945,0.0
2026-01-01 00:00:00,GBPUSD,1.24875,1.2525,1.2475,1.25,1000,1.2493750000000001,0.0
2026-01-01 00:00:00,AUDUSD,0.64935,0.6513,0.6487,0.65,1000,0.649675,0.0
2026-01-01 00:00:00,USDJPY,144.855,145.29,144.71,145.0,1000,144.9275,0.0
2026-01-01 00:00:00,USDCHF,0.8991,0.9018,0.8982,0.9,1000,0.8995500000000001,0.0
2026-01-01 01:00:00,BTC/USDT,99.9999,100.30019999999999,99.8998,100.1,1010,100.04995,3.2719469679615224e-05
2026-01-01 01:00:00,ETH/USDT,100.46533023656073,100.76702792495881,100.36476434042804,100.56589613269342,1010,100.51561318462709,3.2719469679615224e-05
2026-01-01 01:00:00,SOL/USDT,100.48346920901074,100.78522136879755,100.38288515574845,100.584053262273,1010,100.53376123564188,3.2719469679615224e-05
2026-01-01 01:00:00,BNB/USDT,100.09824393317716,100.39883926030382,99.99804549080162,100.19844237555272,1010,100.14834315436495,3.2719469679615224e-05
2026-01-01 01:00:00,TRX/USDT,100.31449172359308,100.61573644348374,100.21407681696286,100.4149066302233,1010,100.36469917690819,3.2719469679615224e-05
2026-01-01 01:00:00,EURUSD,1.0983505500000001,1.1016489,1.0972511,1.09945,1010,1.098900275,3.2719469679615224e-05
2026-01-01 01:00:00,GBPUSD,1.2482505000000002,1.251999,1.247001,1.2495,1010,1.2488752500000002,3.2719469679615224e-05
2026-01-01 01:00:00,AUDUSD,0.6491551950000001,0.6511046100000001,0.6485053900000001,0.6498050000000001,1010,0.6494800975000001,3.2719469679615224e-05
2026-01-01 01:00:00,USDJPY,144.8665884,145.30162320000002,144.7215768,145.01160000000002,1010,144.93909420000003,3.2719469679615224e-05
2026-01-01 01:00:00,USDCHF,0.89927982,0.90198036,0.8983796399999999,0.90018,1010,0.89972991,3.2719469679615224e-05
2026-01-01 02:00:00,BTC/USDT,100.0998,100.4004,99.9996,100.2,1020,100.1499,6.183698030697371e-05
2026-01-01 02:00:00,ETH/USDT,101.02606750209937,101.32944908618975,100.92494030740258,101.12719469679617,1020,101.07663109944778,6.183698030697371e-05
2026-01-01 02:00:00,SOL/USDT,100.23651194640709,100.5375224927927,100.1361750976119,100.3368487952023,1020,100.2866803708047,6.183698030697371e-05
2026-01-01 02:00:00,BNB/USDT,100.28726766783936,100.58843063380884,100.1868800125162,100.38765532316252,1020,100.33746149550095,6.183698030697371e-05
2026-01-01 02:00:00,TRX/USDT,100.21941056026542,100.52036975113708,100.11909082997485,100.31973029055597,1020,100.26957042541069,6.183698030697371e-05
2026-01-01 02:00:00,EURUSD,1.0978011,1.1010978,1.0967022,1.0989,1020,1.0983505500000001,6.183698030697371e-05
2026-01-01 02:00:00,GBPUSD,1.2477509999999998,1.251498,1.2465019999999998,1.2489999999999999,1020,1.2483754999999999,6.183698030697371e-05
2026-01-01 02:00:00,AUDUSD,0.64896039,0.6509092200000001,0.64831078,0.64961,1020,0.649285195,6.183698030697371e-05
2026-01-01 02:00:00,USDJPY,144.8781768,145.3132464,144.7331536,145.0232,1020,144.95068840000002,6.183698030697371e-05
2026-01-01 02:00:00,USDCHF,0.8994596399999999,0.9021607199999999,0.89855928,0.9003599999999999,1020,0.89990982,6.183698030697371e-05
2026-01-01 03:00:00,BTC/USDT,100.19969999999998,100.50059999999998,100.09939999999999,100.29999999999998,1030,100.24985,8.414709848078965e-05
2026-01-01 03:00:00,ETH/USDT,101.5777461130656,101.88278438968142,101.476066687527,101.6794255386042,1030,101.6285858258349,8.414709848078965e-05
2026-01-01 03:00:00,SOL/USDT,99.96020822343583,100.26038902891162,99.8601479549439,100.06026849192776,1030,100.0102383576818,8.414709848078965e-05
2026-01-01 03:00:00,BNB/USDT,100.458424272758,100.76010122252603,100.35786528950197,100.558983256014,1030,100.508703764386,8.414709848078965e-05
2026-01-01 03:00:00,TRX/USDT,100.11456539566126,100.41520973618877,100.01435061548541,100.21478017583709,1030,100.16467278574918,8.414709848078965e-05
2026-01-01 03:00:00,EURUSD,1.0972516500000002,1.1005467000000002,1.0961533,1.0983500000000002,1030,1.0978008250000002,8.414709848078965e-05
2026-01-01 03:00:00,GBPUSD,1.2472515,1.250997,1.246003,1.2485,1030,1.24787575,8.414709848078965e-05
2026-01-01 03:00:00,AUDUSD,0.6487655849999999,0.6507138299999999,0.64811617,0.649415,1030,0.6490902925,8.414709848078965e-05
2026-01-01 03:00:00,USDJPY,144.8897652,145.3248696,144.74473039999998,145.0348,1030,144.9622826,8.414709848078965e-05
2026-01-01 03:00:00,USDCHF,0.8996394600000001,0.90234108,0.89873892,0.90054,1030,0.90008973,8.414709848078965e-05
2026-01-01 04:00:00,BTC/USDT,100.29960000000001,100.6008,100.1992,100.4,1040,100.34980000000002,9.719379013633127e-05
2026-01-01 04:00:00,ETH/USDT,102.11615143326667,102.42280654267587,102.0139330634636,102.21836980306973,1040,102.1672606181682,9.719379013633127e-05
2026-01-01 04:00:00,SOL/USDT,99.65760800211025,99.9568800982127,99.55785063674277,99.75736536747773,1040,99.70748668479399,9.719379013633127e-05
2026-01-01 04:00:00,BNB/USDT,100.60417770829386,100.90629235606652,100.50347282570299,100.70488259088475,1040,100.65453014958932,9.719379013633127e-05
2026-01-01 04:00:00,TRX/USDT,100.00046404210092,100.30076573592103,99.90036347749421,100.10056460670762,1040,100.05051432440428,9.719379013633127e-05
2026-01-01 04:00:00,EURUSD,1.0967022000000002,1.0999956000000002,1.0956044,1.0978,1040,1.0972511000000003,9.719379013633127e-05
2026-01-01 04:00:00,GBPUSD,1.246752,1.250496,1.245504,1.248,1040,1.247376,9.719379013633127e-05
2026-01-01 04:00:00,AUDUSD,0.64857078,0.65051844,0.64792156,0.64922,1040,0.6488953900000001,9.719379013633127e-05
2026-01-01 04:00:00,USDJPY,144.9013536,145.3364928,144.7563072,145.0464,1040,144.97387680000003,9.719379013633127e-05
2026-01-01 04:00:00,USDCHF,0.89981928,0.90252144,0.8989185599999999,0.90072,1040,0.90026964,9.719379013633127e-05
2026-01-01 05:00:00,BTC/USDT,100.39949999999999,100.70099999999998,100.29899999999999,100.49999999999999,1050,100.44975,9.95407957751765e-05
2026-01-01 05:00:00,ETH/USDT,102.63743667634283,102.94565720690242,102.53469649948964,102.74017685319603,1050,102.68880676476944,9.95407957751765e-05
2026-01-01 05:00:00,SOL/USDT,99.33280960284982,99.63110632838391,99.23337736100513,99.43224184469452,1050,99.38252572377218,9.95407957751765e-05
2026-01-01 05:00:00,BNB/USDT,100.71857138084172,101.02102955315657,100.61775199007012,100.81939077161334,1050,100.76898107622755,9.95407957751765e-05
2026-01-01 05:00:00,TRX/USDT,99.877802892677,100.17773623469705,99.77782511200365,99.97778067335035,1050,99.92779178301369,9.95407957751765e-05
2026-01-01 05:00:00,EURUSD,1.0961527500000001,1.0994445000000002,1.0950555,1.09725,1050,1.096701375,9.95407957751765e-05
2026-01-01 05:00:00,GBPUSD,1.2462525,1.249995,1.2450050000000001,1.2475,1050,1.2468762500000001,9.95407957751765e-05
2026-01-01 05:00:00,AUDUSD,0.6483759750000001,0.6503230500000001,0.64772695,0.6490250000000001,1050,0.6487004875000001,9.95407957751765e-05
2026-01-01 05:00:00,USDJPY,144.912942,145.348116,144.76788399999998,145.058,1050,144.985471,9.95407957751765e-05
2026-01-01 05:00:00,USDCHF,0.8999990999999999,0.9027017999999999,0.8990982,0.9008999999999999,1050,0.9004495499999999,9.95407957751765e-05
2026-01-01 06:00:00,BTC/USDT,100.4994,100.8012,100.3988,100.6,1060,100.5497,9.092974268256818e-05
2026-01-01 06:00:00,ETH/USDT,103.13822951382308,103.4479539267775,103.03498804283828,103.24147098480789,1060,103.1898502493155,9.092974268256818e-05
2026-01-01 06:00:00,SOL/USDT,98.99079631737774,99.28806597598849,98.89170643117417,99.08988620358133,1060,99.04034126047955,9.092974268256818e-05
2026-01-01 06:00:00,BNB/USDT,100.79759849497047,101.10029398594635,100.69669999797851,100.89849699196243,1060,100.84804774346645,9.092974268256818e-05
2026-01-01 06:00:00,TRX/USDT,99.7474527333043,100.04699463340431,99.64760543327095,99.84730003333763,1060,99.79737638332097,9.092974268256818e-05
2026-01-01 06:00:00,EURUSD,1.0956033,1.0988934,1.0945066,1.0967,1060,1.0961516500000001,9.092974268256818e-05
2026-01-01 06:00:00,GBPUSD,1.245753,1.249494,1.2445060000000001,1.247,1060,1.2463765000000002,9.092974268256818e-05
2026-01-01 06:00:00,AUDUSD,0.64818117,0.65012766,0.64753234,0.64883,1060,0.6485055850000001,9.092974268256818e-05
2026-01-01 06:00:00,USDJPY,144.9245304,145.3597392,144.7794608,145.0696,1060,144.9970652,9.092974268256818e-05
2026-01-01 06:00:00,USDCHF,0.9001789200000001,0.9028821600000001,0.8992778400000001,0.9010800000000001,1060,0.9006294600000001,9.092974268256818e-05
2026-01-01 07:00:00,BTC/USDT,100.59929999999999,100.9014,100.49859999999998,100.69999999999999,1070,100.64965,7.230858817383246e-05
2026-01-01 07:00:00,ETH/USDT,103.61572553427452,103.92688386921228,103.51200608929526,103.71944497925377,1070,103.66758525676414,7.230858817383246e-05
2026-01-01 07:00:00,SOL/USDT,98.63723774060587,98.93344566174883,98.53850176689156,98.7359737143202,1070,98.68660572746305,7.230858817383246e-05
2026-01-01 07:00:00,BNB/USDT,100.83945117655622,101.1422723512606,100.73851078498811,100.94039156812435,1070,100.8899213723403,7.230858817383246e-05
2026-01-01 07:00:00,TRX/USDT,99.61044100178114,99.90957145523994,99.5107308506282,99.71015115293407,1070,99.66029607735761,7.230858817383246e-05
2026-01-01 07:00:00,EURUSD,1.0950538500000002,1.0983423,1.0939577000000003,1.0961500000000002,1070,1.0956019250000002,7.230858817383246e-05
2026-01-01 07:00:00,GBPUSD,1.2452535,1.248993,1.2440069999999999,1.2465,1070,1.24587675,7.230858817383246e-05
2026-01-01 07:00:00,AUDUSD,0.6479863650000001,0.6499322700000001,0.6473377300000001,0.6486350000000001,1070,0.6483106825000001,7.230858817383246e-05
2026-01-01 07:00:00,USDJPY,144.9361188,145.3713624,144.79103759999998,145.0812,1070,145.0086594,7.230858817383246e-05
2026-01-01 07:00:00,USDCHF,0.90035874,0.9030625200000001,0.89945748,0.9012600000000001,1070,0.9008093700000002,7.230858817383246e-05
2026-01-01 08:00:00,BTC/USDT,100.69919999999999,101.0016,100.5984,100.8,1080,100.7496,4.57272626635812e-05
2026-01-01 08:00:00,ETH/USDT,104.06776596346195,104.38028177716605,103.9635940255606,104.17193790136332,1080,104.11985193241264,4.57272626635812e-05
2026-01-01 08:00:00,SOL/USDT,98.27826374177681,98.57339366292328,98.17988710139466,98.37664038215897,1080,98.32745206196789,4.57272626635812e-05
2026-01-01 08:00:00,BNB/USDT,100.84463287763933,101.14746961300762,100.74368729918322,100.94557845609542,1080,100.89510566686738,4.57272626635812e-05
2026-01-01 08:00:00,TRX/USDT,99.46793085530688,99.76663335036785,99.36836335695322,99.56749835366054,1080,99.51771460448371,4.57272626635812e-05
2026-01-01 08:00:00,EURUSD,1.0945044000000002,1.0977912,1.0934088000000002,1.0956000000000001,1080,1.0950522000000003,4.57272626635812e-05
2026-01-01 08:00:00,GBPUSD,1.244754,1.248492,1.243508,1.246,1080,1.245377,4.57272626635812e-05
2026-01-01 08:00:00,AUDUSD,0.64779156,0.6497368800000001,0.64714312,0.64844,1080,0.64811578,4.57272626635812e-05
2026-01-01 08:00:00,USDJPY,144.9477072,145.38298559999998,144.80261439999998,145.09279999999998,1080,145.0202536,4.57272626635812e-05
2026-01-01 08:00:00,USDCHF,0.90053856,0.90324288,0.8996371200000001,0.90144,1080,0.9009892800000001,4.57272626635812e-05
2026-01-01 09:00:00,BTC/USDT,100.7991,101.1018,100.69819999999999,100.89999999999999,1090,100.84955,1.4112000805986721e-05
2026-01-01 09:00:00,ETH/USDT,104.49289749161744,104.80668997657726,104.38829999663083,104.59749498660405,1090,104.54519623911075,1.4112000805986721e-05
2026-01-01 09:00:00,SOL/USDT,97.92022008592129,98.21427480089402,97.82220184759704,98.01823832424553,1090,97.96922920508341,1.4112000805986721e-05
2026-01-01 09:00:00,BNB/USDT,100.81592707421463,101.11867760596903,100.71501023029649,100.91684391813276,1090,100.86638549617369,1.4112000805986721e-05
2026-01-01 09:00:00,TRX/USDT,99.32119747292299,99.61945932719604,99.22177685483197,99.420618091014,1090,99.3709077819685,1.4112000805986721e-05
2026-01-01 09:00:00,EURUSD,1.09395495,1.0972401,1.0928599,1.09505,1090,1.094502475,1.4112000805986721e-05
2026-01-01 09:00:00,GBPUSD,1.2442544999999998,1.2479909999999999,1.2430089999999998,1.2454999999999998,1090,1.2448772499999998,1.4112000805986721e-05
2026-01-01 09:00:00,AUDUSD,0.6475967549999999,0.6495414899999999,0.64694851,0.648245,1090,0.6479208775,1.4112000805986721e-05
2026-01-01 09:00:00,USDJPY,144.9592956,145.3946088,144.8141912,145.1044,1090,145.0318478,1.4112000805986721e-05
2026-01-01 09:00:00,USDCHF,0.90071838,0.9034232400000001,0.8998167600000001,0.9016200000000001,1090,0.9011691900000002,1.4112000805986721e-05
2026-01-01 10:00:00,BTC/USDT,100.899,101.202,100.798,101.0,1100,100.9495,-1.905679628754854e-05
2026-01-01 10:00:00,ETH/USDT,104.89041254979402,105.20539877366728,104.78541714183628,104.99540795775178,1100,104.94291025377291,-1.905679628754854e-05
2026-01-01 10:00:00,SOL/USDT,97.56941544823152,97.86241669582381,97.47174836570076,97.66708253076229,1100,97.6182489894969,-1.905679628754854e-05
2026-01-01 10:00:00,BNB/USDT,100.75822420317591,101.06080145303531,100.65736511988945,100.85908328646238,1100,100.80865374481915,-1.905679628754854e-05
2026-01-01 10:00:00,TRX/USDT,99.17160207567956,99.46941469452544,99.07233120273092,99.27087294862818,1100,99.22123751215388,-1.905679628754854e-05
2026-01-01 10:00:00,EURUSD,1.0934055,1.096689,1.092311,1.0945,1100,1.0939527500000001,-1.905679628754854e-05
2026-01-01 10:00:00,GBPUSD,1.2437550000000002,1.2474900000000002,1.24251,1.245,1100,1.2443775000000001,-1.905679628754854e-05
2026-01-01 10:00:00,AUDUSD,0.64740195,0.6493461,0.6467539,0.64805,1100,0.6477259750000001,-1.905679628754854e-05
2026-01-01 10:00:00,USDJPY,144.97088399999998,145.406232,144.82576799999998,145.11599999999999,1100,145.043442,-1.905679628754854e-05
2026-01-01 10:00:00,USDCHF,0.9008982000000001,0.9036036000000001,0.8999964,0.9018,1100,0.9013491000000001,-1.905679628754854e-05
2026-01-01 11:00:00,BTC/USDT,100.99889999999999,101.3022,100.89779999999999,101.1,1110,101.04945,-5.0127704858834476e-05
2026-01-01 11:00:00,ETH/USDT,105.26036891910374,105.57646612306502,105.15500318444998,105.3657346537575,1110,105.31305178643062,-5.0127704858834476e-05
2026-01-01 11:00:00,SOL/USDT,97.23186990708952,97.52385750440811,97.13454070798332,97.32919910619572,1110,97.28053450664262,-5.0127704858834476e-05
2026-01-01 11:00:00,BNB/USDT,100.67821759863615,100.98055458842185,100.57743860204093,100.77899659523139,1110,100.72860709693379,-5.0127704858834476e-05
2026-01-01 11:00:00,TRX/USDT,99.02056419382652,99.31792324545962,98.92144450994881,99.11968387770422,1110,99.07012403576537,-5.0127704858834476e-05
2026-01-01 11:00:00,EURUSD,1.0928560500000002,1.0961379000000002,1.0917621000000002,1.0939500000000002,1110,1.0934030250000002,-5.0127704858834476e-05
2026-01-01 11:00:00,GBPUSD,1.2432554999999998,1.246989,1.242011,1.2445,1110,1.24387775,-5.0127704858834476e-05
2026-01-01 11:00:00,AUDUSD,0.6472071450000001,0.64915071,0.6465592900000001,0.6478550000000001,1110,0.6475310725000001,-5.0127704858834476e-05
2026-01-01 11:00:00,USDJPY,144.9824724,145.4178552,144.8373448,145.1276,1110,145.05503620000002,-5.0127704858834476e-05
2026-01-01 11:00:00,USDCHF,0.90107802,0.90378396,0.90017604,0.90198,1110,0.9015290100000001,-5.0127704858834476e-05
2026-01-01 12:00:00,BTC/USDT,101.0988,101.4024,100.9976,101.2,1120,101.14940000000001,-7.568024953079282e-05
2026-01-01 12:00:00,ETH/USDT,105.60358812939886,105.92071602167934,105.49787883197203,105.70929742682569,1120,105.65644277811228,-7.568024953079282e-05
2026-01-01 12:00:00,SOL/USDT,96.91307494253944,97.20410519762214,96.81606485751186,97.010085027567,1120,96.96157998505322,-7.568024953079282e-05
2026-01-01 12:00:00,BNB/USDT,100.5839873328311,100.88604134884561,100.48330266082625,100.68467200483593,1120,100.63432966883352,-7.568024953079282e-05
2026-01-01 12:00:00,TRX/USDT,98.86953274604397,99.16643824978584,98.77056424479667,98.96850124729126,1120,98.91901699666762,-7.568024953079282e-05
2026-01-01 12:00:00,EURUSD,1.0923066000000001,1.0955868000000002,1.0912132,1.0934000000000001,1120,1.0928533000000002,-7.568024953079282e-05
2026-01-01 12:00:00,GBPUSD,1.242756,1.246488,1.241512,1.244,1120,1.243378,-7.568024953079282e-05
2026-01-01 12:00:00,AUDUSD,0.64701234,0.64895532,0.64636468,0.64766,1120,0.6473361700000001,-7.568024953079282e-05
2026-01-01 12:00:00,USDJPY,144.99406080000003,145.42947840000002,144.8489216,145.13920000000002,1120,145.06663040000004,-7.568024953079282e-05
2026-01-01 12:00:00,USDCHF,0.90125784,0.9039643199999999,0.90035568,0.90216,1120,0.90170892,-7.568024953079282e-05
2026-01-01 13:00:00,BTC/USDT,101.19869999999999,101.50259999999999,101.09739999999998,101.29999999999998,1130,101.24934999999999,-9.29014501270762e-05
2026-01-01 13:00:00,ETH/USDT,105.92163269177384,106.23971567283021,105.81560503142171,106.02766035212596,1130,105.97464652194991,-9.29014501270762e-05
2026-01-01 13:00:00,SOL/USDT,96.61777450830753,96.90791797529945,96.52106001931023,96.71448899730484,1130,96.6661317528062,-9.29014501270762e-05
2026-01-01 13:00:00,BNB/USDT,100.48449783636266,100.7862530851205,100.38391275344338,100.58508291928194,1130,100.5347903778223,-9.29014501270762e-05
2026-01-01 13:00:00,TRX/USDT,98.71995651992755,99.01641284581322,98.62113774463234,98.81877529522278,1130,98.76936590757518,-9.29014501270762e-05
2026-01-01 13:00:00,EURUSD,1.09175715,1.0950357000000002,1.0906643,1.09285,1130,1.092303575,-9.29014501270762e-05
2026-01-01 13:00:00,GBPUSD,1.2422565,1.245987,1.2410130000000001,1.2435,1130,1.2428782500000002,-9.29014501270762e-05
2026-01-01 13:00:00,AUDUSD,0.6468175349999999,0.64875993,0.6461700699999999,0.647465,1130,0.6471412675,-9.29014501270762e-05
2026-01-01 13:00:00,USDJPY,145.0056492,145.4411016,144.8604984,145.1508,1130,145.0782246,-9.29014501270762e-05
2026-01-01 13:00:00,USDCHF,0.9014376599999999,0.9041446799999999,0.9005353199999999,0.9023399999999999,1130,0.90188883,-9.29014501270762e-05
2026-01-01 14:00:00,BTC/USDT,101.29860000000001,101.6028,101.19720000000001,101.4,1140,101.34930000000001,-9.989549170979283e-05
2026-01-01 14:00:00,ETH/USDT,106.2167627958566,106.53573205350182,106.11043970997486,106.32308588173834,1140,106.26992433879747,-9.989549170979283e-05
2026-01-01 14:00:00,SOL/USDT,96.34977590533761,96.63911457172001,96.25332968321014,96.44622212746508,1140,96.39799901640136,-9.989549170979283e-05
2026-01-01 14:00:00,BNB/USDT,100.38904053332286,100.69050912351301,100.28855100325947,100.48953006338624,1140,100.43928529835455,-9.989549170979283e-05
2026-01-01 14:00:00,TRX/USDT,98.57325465514471,98.8692704348899,98.47458272856298,98.67192658172644,1140,98.62259061843558,-9.989549170979283e-05
2026-01-01 14:00:00,EURUSD,1.0912077,1.0944846000000001,1.0901154,1.0923,1140,1.0917538500000001,-9.989549170979283e-05
2026-01-01 14:00:00,GBPUSD,1.2417569999999998,1.2454859999999999,1.240514,1.2429999999999999,1140,1.2423785,-9.989549170979283e-05
2026-01-01 14:00:00,AUDUSD,0.64662273,0.64856454,0.6459754600000001,0.64727,1140,0.646946365,-9.989549170979283e-05
2026-01-01 14:00:00,USDJPY,145.0172376,145.4527248,144.87207519999998,145.1624,1140,145.0898188,-9.989549170979283e-05
2026-01-01 14:00:00,USDCHF,0.90161748,0.90432504,0.90071496,0.90252,1140,0.90206874,-9.989549170979283e-05
2026-01-01 15:00:00,BTC/USDT,101.39849999999998,101.70299999999999,101.29699999999998,101.49999999999999,1150,101.44924999999999,-9.589242746631385e-05
2026-01-01 15:00:00,ETH/USDT,106.49187367195987,106.81166908839218,106.38527519981575,106.59847214410397,1150,106.54517290803192,-9.589242746631385e-05
2026-01-01 15:00:00,SOL/USDT,96.11179799671692,96.40042201472508,96.0155899907142,96.20800600271964,1150,96.15990199971829,-9.589242746631385e-05
2026-01-01 15:00:00,BNB/USDT,100.30665614554584,100.6078773351721,100.20624908233708,100.4070632087546,1150,100.35685967715023,-9.589242746631385e-05
2026-01-01 15:00:00,TRX/USDT,98.43078773062228,98.72637568176529,98.3322584135746,98.52931704766995,1150,98.48005238914612,-9.589242746631385e-05
2026-01-01 15:00:00,EURUSD,1.0906582500000002,1.0939335000000001,1.0895665000000003,1.0917500000000002,1150,1.0912041250000002,-9.589242746631385e-05
2026-01-01 15:00:00,GBPUSD,1.2412575,1.244985,1.2400149999999999,1.2425,1150,1.24187875,-9.589242746631385e-05
2026-01-01 15:00:00,AUDUSD,0.646427925,0.6483691500000001,0.6457808500000001,0.6470750000000001,1150,0.6467514625000002,-9.589242746631385e-05
2026-01-01 15:00:00,USDJPY,145.028826,145.464348,144.883652,145.174,1150,145.101413,-9.589242746631385e-05
2026-01-01 15:00:00,USDCHF,0.9017972999999999,0.9045053999999999,0.9008946,0.9027,1150,0.90224865,-9.589242746631385e-05
2026-01-01 16:00:00,BTC/USDT,101.49839999999999,101.80319999999999,101.3968,101.6,1160,101.5492,-8.1332939156758e-05
2026-01-01 16:00:00,ETH/USDT,106.75041535400916,107.07098717188907,106.64355808138254,106.8572726266358,1160,106.80384399032249,-8.1332939156758e-05
2026-01-01 16:00:00,SOL/USDT,95.90536281518484,96.19336690772293,95.80936145100547,96.0013641793642,1160,95.95336349727452,-8.1332939156758e-05
2026-01-01 16:00:00,BNB/USDT,100.24557258431244,100.54661033982089,100.14522666580962,100.34591850281525,1160,100.29574554356385,-8.1332939156758e-05
2026-01-01 16:00:00,TRX/USDT,98.29383004482023,98.5890067116215,98.19543782255315,98.39222226708732,1160,98.34302615595378,-8.1332939156758e-05
2026-01-01 16:00:00,EURUSD,1.0901088,1.0933824,1.0890176000000003,1.0912000000000002,1160,1.0906544000000002,-8.1332939156758e-05
2026-01-01 16:00:00,GBPUSD,1.240758,1.244484,1.239516,1.242,1160,1.241379,-8.1332939156758e-05
2026-01-01 16:00:00,AUDUSD,0.64623312,0.64817376,0.64558624,0.64688,1160,0.6465565600000001,-8.1332939156758e-05
2026-01-01 16:00:00,USDJPY,145.0404144,145.4759712,144.89522879999998,145.1856,1160,145.1130072,-8.1332939156758e-05
2026-01-01 16:00:00,USDCHF,0.9019771200000001,0.9046857600000001,0.9010742400000001,0.9028800000000001,1160,0.9024285600000002,-8.1332939156758e-05
2026-01-01 17:00:00,BTC/USDT,101.5983,101.90339999999999,101.49659999999999,101.69999999999999,1170,101.64914999999999,-5.7819824174430895e-05
2026-01-01 17:00:00,ETH/USDT,106.9962970669005,107.3176072683026,106.88919366643313,107.10340046736786,1170,107.04984876713418,-5.7819824174430895e-05
2026-01-01 17:00:00,SOL/USDT,95.7307348844905,96.01821456882831,95.63490832304456,95.82656144593643,1170,95.77864816521347,-5.7819824174430895e-05
2026-01-01 17:00:00,BNB/USDT,100.21269337867777,100.51363239783296,100.1123803722927,100.31300638506283,1170,100.26284988187031,-5.7819824174430895e-05
2026-01-01 17:00:00,TRX/USDT,98.16354365383857,98.45832907021646,98.06528184837929,98.26180545929788,1170,98.21267455656823,-5.7819824174430895e-05
2026-01-01 17:00:00,EURUSD,1.08955935,1.0928313,1.0884687000000002,1.0906500000000001,1170,1.090104675,-5.7819824174430895e-05
2026-01-01 17:00:00,GBPUSD,1.2402585000000002,1.243983,1.239017,1.2415,1170,1.24087925,-5.7819824174430895e-05
2026-01-01 17:00:00,AUDUSD,0.6460383150000001,0.64797837,0.6453916300000001,0.6466850000000001,1170,0.6463616575000001,-5.7819824174430895e-05
2026-01-01 17:00:00,USDJPY,145.0520028,145.4875944,144.9068056,145.1972,1170,145.12460140000002,-5.7819824174430895e-05
2026-01-01 17:00:00,USDCHF,0.9021569400000001,0.9048661200000001,0.9012538800000001,0.9030600000000001,1170,0.9026084700000001,-5.7819824174430895e-05
2026-01-01 18:00:00,BTC/USDT,101.6982,102.00359999999999,101.5964,101.8,1180,101.7491,-2.7941549819892586e-05
2026-01-01 18:00:00,ETH/USDT,107.2337788880518,107.55580224807598,107.12643776804374,107.34112000805986,1180,107.28744944805584,-2.7941549819892586e-05
2026-01-01 18:00:00,SOL/USDT,95.58691067366576,95.87395845346656,95.49122808039881,95.68259326693268,1180,95.63475197029922,-2.7941549819892586e-05
2026-01-01 18:00:00,BNB/USDT,100.21316844747155,100.51410889325975,100.11285496554216,100.31348192940095,1180,100.26332518843626,-2.7941549819892586e-05
2026-01-01 18:00:00,TRX/USDT,98.0409546962916,98.33537197766185,97.94281560250153,98.13909379008169,1180,98.09002424318665,-2.7941549819892586e-05
2026-01-01 18:00:00,EURUSD,1.0890099,1.0922802,1.0879198,1.0901,1180,1.0895549500000001,-2.7941549819892586e-05
2026-01-01 18:00:00,GBPUSD,1.239759,1.2434820000000002,1.238518,1.241,1180,1.2403795000000002,-2.7941549819892586e-05
2026-01-01 18:00:00,AUDUSD,0.64584351,0.64778298,0.64519702,0.64649,1180,0.6461667550000001,-2.7941549819892586e-05
2026-01-01 18:00:00,USDJPY,145.06359120000002,145.49921760000004,144.9183824,145.20880000000002,1180,145.13619560000004,-2.7941549819892586e-05
2026-01-01 18:00:00,USDCHF,0.9023367600000001,0.9050464800000001,0.90143352,0.90324,1180,0.9027883800000001,-2.7941549819892586e-05
2026-01-01 19:00:00,BTC/USDT,101.79809999999999,102.10379999999999,101.69619999999999,101.89999999999999,1190,101.84904999999999,5.0127009882172725e-06
2026-01-01 19:00:00,ETH/USDT,107.46735368559064,107.79007847143325,107.35977875697643,107.57492861420484,1190,107.52114114989774,5.0127009882172725e-06
2026-01-01 19:00:00,SOL/USDT,95.471658604638,95.7583602821294,95.37609137880752,95.56722583046846,1190,95.51944221755323,5.0127009882172725e-06
2026-01-01 19:00:00,BNB/USDT,100.25007390228814,100.55112517526798,100.14972347796153,100.35042432661476,1190,100.30024911445146,5.0127009882172725e-06
2026-01-01 19:00:00,TRX/USDT,97.92693248729447,98.22100735962869,97.82890752984972,98.0249574447392,1190,97.97594496601684,5.0127009882172725e-06
2026-01-01 19:00:00,EURUSD,1.0884604500000001,1.0917291000000002,1.0873709000000003,1.0895500000000002,1190,1.0890052250000004,5.0127009882172725e-06
2026-01-01 19:00:00,GBPUSD,1.2392595,1.242981,1.238019,1.2405,1190,1.23987975,5.0127009882172725e-06
2026-01-01 19:00:00,AUDUSD,0.6456487049999999,0.64758759,0.6450024099999999,0.646295,1190,0.6459718525,5.0127009882172725e-06
2026-01-01 19:00:00,USDJPY,145.07517959999998,145.51084079999998,144.92995919999998,145.22039999999998,1190,145.1477898,5.0127009882172725e-06
2026-01-01 19:00:00,USDCHF,0.90251658,0.90522684,0.90161316,0.90342,1190,0.90296829,5.0127009882172725e-06
2026-01-01 20:00:00,BTC/USDT,101.898,102.204,101.796,102.0,1200,101.94900000000001,3.7415123057122e-05
2026-01-01 20:00:00,ETH/USDT,107.7016226050874,108.02505090119877,107.59381317305028,107.80943203712452,1200,107.75552732110597,3.7415123057122e-05
2026-01-01 20:00:00,SOL/USDT,95.3816080182058,95.66803927351573,95.28613093310248,95.47708510330911,1200,95.42934656075745,3.7415123057122e-05
2026-01-01 20:00:00,BNB/USDT,100.32422078976691,100.62549472607252,100.2237961443317,100.42464543520211,1200,100.37443311248451,3.7415123057122e-05
2026-01-01 20:00:00,TRX/USDT,97.82217180748962,98.11593208318779,97.72425171559023,97.920091899389,1200,97.87113185343932,3.7415123057122e-05
2026-01-01 20:00:00,EURUSD,1.087911,1.091178,1.086822,1.089,1200,1.0884555,3.7415123057122e-05
2026-01-01 20:00:00,GBPUSD,1.23876,1.24248,1.23752,1.24,1200,1.2393800000000001,3.7415123057122e-05
2026-01-01 20:00:00,AUDUSD,0.6454539,0.6473922,0.6448078,0.6461,1200,0.64577695,3.7415123057122e-05
2026-01-01 20:00:00,USDJPY,145.086768,145.522464,144.94153599999999,145.232,1200,145.15938400000002,3.7415123057122e-05
2026-01-01 20:00:00,USDCHF,0.9026964000000001,0.9054072000000001,0.9017928000000001,0.9036000000000001,1200,0.9031482000000001,3.7415123057122e-05
2026-01-01 21:00:00,BTC/USDT,101.99789999999999,102.3042,101.8958,102.1,1210,102.04895,6.56986598718789e-05
2026-01-01 21:00:00,ETH/USDT,107.94116755553807,108.265315205855,107.83311833876577,108.04921677231039,1210,107.99519216392424,6.56986598718789e-05
2026-01-01 21:00:00,SOL/USDT,95.31238355158452,95.5986069256133,95.21697576024158,95.40779134292744,1210,95.36008744725598,6.56986598718789e-05
2026-01-01 21:00:00,BNB/USDT,100.43410466464009,100.73570858255192,100.33357002533614,100.53463930394403,1210,100.48437198429207,6.56986598718789e-05
2026-01-01 21:00:00,TRX/USDT,97.72717874794809,98.02065375920319,97.62935374419638,97.82500375169978,1210,97.77609124982393,6.56986598718789e-05
2026-01-01 21:00:00,EURUSD,1.0873615500000002,1.0906269000000002,1.0862731,1.0884500000000001,1210,1.0879057750000003,6.56986598718789e-05
2026-01-01 21:00:00,GBPUSD,1.2382605,1.241979,1.2370210000000001,1.2395,1210,1.23888025,6.56986598718789e-05
2026-01-01 21:00:00,AUDUSD,0.6452590950000001,0.6471968100000001,0.6446131900000001,0.6459050000000001,1210,0.6455820475000001,6.56986598718789e-05
2026-01-01 21:00:00,USDJPY,145.0983564,145.5340872,144.95311279999999,145.2436,1210,145.1709782,6.56986598718789e-05
2026-01-01 21:00:00,USDCHF,0.90287622,0.9055875600000001,0.90197244,0.90378,1210,0.9033281100000001,6.56986598718789e-05
2026-01-01 22:00:00,BTC/USDT,102.0978,102.40440000000001,101.9956,102.2,1220,102.14890000000001,8.674968696188059e-05
2026-01-01 22:00:00,ETH/USDT,108.19042422846023,108.51532039731447,108.08212550550883,108.29872295141165,1220,108.24457358993595,8.674968696188059e-05
2026-01-01 22:00:00,SOL/USDT,95.25877957031324,95.5448419714253,95.16342543660922,95.35413370401726,1220,95.30645663716525,8.674968696188059e-05
2026-01-01 22:00:00,BNB/USDT,100.5759991288531,100.87802915626708,100.47532245304845,100.67667580465776,1220,100.62633746675544,8.674968696188059e-05
2026-01-01 22:00:00,TRX/USDT,97.6422603993335,97.9354804005327,97.54452039893377,97.74000039973323,1220,97.69113039953338,8.674968696188059e-05
2026-01-01 22:00:00,EURUSD,1.0868121000000002,1.0900758000000002,1.0857242,1.0879,1220,1.0873560500000001,8.674968696188059e-05
2026-01-01 22:00:00,GBPUSD,1.237761,1.2414779999999999,1.236522,1.2389999999999999,1220,1.2383804999999999,8.674968696188059e-05
2026-01-01 22:00:00,AUDUSD,0.64506429,0.64700142,0.64441858,0.64571,1220,0.645387145,8.674968696188059e-05
2026-01-01 22:00:00,USDJPY,145.1099448,145.5457104,144.9646896,145.2552,1220,145.1825724,8.674968696188059e-05
2026-01-01 22:00:00,USDCHF,0.90305604,0.90576792,0.90215208,0.90396,1220,0.9035080200000001,8.674968696188059e-05
2026-01-01 23:00:00,BTC/USDT,102.1977,102.5046,102.0954,102.3,1230,102.24885,9.825077869863733e-05
2026-01-01 23:00:00,ETH/USDT,108.45355916919266,108.77924553306411,108.34499704790218,108.56212129048315,1230,108.50784022983791,9.825077869863733e-05
2026-01-01 23:00:00,SOL/USDT,95.2149677004735,95.50089853440885,95.11965742249505,95.31027797845195,1230,95.26262283946274,9.825077869863733e-05
2026-01-01 23:00:00,BNB/USDT,100.74418752094694,101.04672261860743,100.64334248839343,100.84503255350043,1230,100.79461003722369,9.825077869863733e-05
2026-01-01 23:00:00,TRX/USDT,97.56751859539693,97.86051414673446,97.46985341161775,97.6651837791761,1230,97.61635118728653,9.825077869863733e-05
2026-01-01 23:00:00,EURUSD,1.08626265,1.0895247000000001,1.0851753,1.08735,1230,1.0868063250000002,9.825077869863733e-05
2026-01-01 23:00:00,GBPUSD,1.2372615,1.240977,1.2360229999999999,1.2385,1230,1.23788075,9.825077869863733e-05
2026-01-01 23:00:00,AUDUSD,0.6448694850000001,0.64680603,0.6442239700000001,0.6455150000000001,1230,0.6451922425000001,9.825077869863733e-05
2026-01-01 23:00:00,USDJPY,145.12153320000002,145.55733360000002,144.97626640000001,145.26680000000002,1230,145.19416660000002,9.825077869863733e-05
2026-01-01 23:00:00,USDCHF,0.9032358599999999,0.9059482799999999,0.90233172,0.9041399999999999,1230,0.90368793,9.825077869863733e-05
2026-01-02 00:00:00,BTC/USDT,102.2976,102.60480000000001,102.1952,102.4,1240,102.34880000000001,9.893582466233819e-05
2026-01-02 00:00:00,ETH/USDT,108.73435430718737,109.06088389970145,108.62551110968269,108.84319750469207,1240,108.78877590593973,9.893582466233819e-05
2026-01-02 00:00:00,SOL/USDT,95.1747291875648,95.46053918512506,95.07945918837804,95.26999918675155,1240,95.22236418715818,9.893582466233819e-05
2026-01-02 00:00:00,BNB/USDT,100.93131835037958,101.23441540248282,100.8302859996785,101.03235070108066,1240,100.98183452573012,9.893582466233819e-05
2026-01-02 00:00:00,TRX/USDT,97.50284783826906,97.79564918312873,97.4052473899825,97.60044828655562,1240,97.55164806241234,9.893582466233819e-05
2026-01-02 00:00:00,EURUSD,1.0857132,1.0889736,1.0846263999999999,1.0868,1240,1.0862566,9.893582466233819e-05
2026-01-02 00:00:00,GBPUSD,1.236762,1.240476,1.235524,1.238,1240,1.237381,9.893582466233819e-05
2026-01-02 00:00:00,AUDUSD,0.64467468,0.64661064,0.64402936,0.64532,1240,0.6449973400000001,9.893582466233819e-05
2026-01-02 00:00:00,USDJPY,145.13312159999998,145.56895679999997,144.9878432,145.27839999999998,1240,145.20576079999998,9.893582466233819e-05
2026-01-02 00:00:00,USDCHF,0.9034156799999999,0.9061286399999999,0.9025113599999999,0.9043199999999999,1240,0.90386784,9.893582466233819e-05
2026-01-02 01:00:00,BTC/USDT,102.39749999999998,102.70499999999998,102.29499999999999,102.49999999999999,1250,102.44874999999999,8.872941080946945e-05
2026-01-02 01:00:00,ETH/USDT,109.0361021453684,109.36353788754668,108.92695689797564,109.14524739276116,1250,109.09067476906479,8.872941080946945e-05
2026-01-02 01:00:00,SOL/USDT,95.13170281862222,95.41738360786732,95.03647588887384,95.22692974837058,1250,95.1793162834964,8.872941080946945e-05
2026-01-02 01:00:00,BNB/USDT,101.1288623776014,101.4325526550116,101.02763228513133,101.23009247007147,1250,101.17947742383645,8.872941080946945e-05
2026-01-02 01:00:00,TRX/USDT,97.44793744781886,97.74057389661111,97.35039196488812,97.54548293074961,1250,97.49671018928424,8.872941080946945e-05
2026-01-02 01:00:00,EURUSD,1.0851637500000002,1.0884225,1.0840775000000002,1.0862500000000002,1250,1.0857068750000003,8.872941080946945e-05
2026-01-02 01:00:00,GBPUSD,1.2362625,1.239975,1.235025,1.2375,1250,1.2368812500000002,8.872941080946945e-05
2026-01-02 01:00:00,AUDUSD,0.644479875,0.6464152500000001,0.64383475,0.6451250000000001,1250,0.6448024375000001,8.872941080946945e-05
2026-01-02 01:00:00,USDJPY,145.14471,145.58058,144.99942,145.29,1250,145.217355,8.872941080946945e-05
2026-01-02 01:00:00,USDCHF,0.9035955,0.9063089999999999,0.902691,0.9045,1250,0.90404775,8.872941080946945e-05
2026-01-02 02:00:00,BTC/USDT,102.49740000000001,102.80520000000001,102.3948,102.60000000000001,1260,102.54870000000001,6.875512151130617e-05
2026-01-02 02:00:00,ETH/USDT,109.36151451323052,109.68992746972671,109.25204352773179,109.47098549872925,1260,109.41625000597989,6.875512151130617e-05
2026-01-02 02:00:00,SOL/USDT,95.07963852370325,95.36516296371437,94.98446371036621,95.17481333704029,1260,95.12722593037178,6.875512151130617e-05
2026-01-02 02:00:00,BNB/USDT,101.32764292085984,101.6319301368384,101.22621384886699,101.4290719928527,1260,101.37835745685628,6.875512151130617e-05
2026-01-02 02:00:00,TRX/USDT,97.40227789128869,97.69477722429556,97.30477811361973,97.49977766895765,1260,97.45102778012317,6.875512151130617e-05
2026-01-02 02:00:00,EURUSD,1.0846143000000001,1.0878714,1.0835286000000002,1.0857,1260,1.0851571500000001,6.875512151130617e-05
2026-01-02 02:00:00,GBPUSD,1.2357630000000002,1.2394740000000002,1.234526,1.237,1260,1.2363815000000002,6.875512151130617e-05
2026-01-02 02:00:00,AUDUSD,0.64428507,0.64621986,0.64364014,0.64493,1260,0.644607535,6.875512151130617e-05
2026-01-02 02:00:00,USDJPY,145.1562984,145.5922032,145.01099680000002,145.3016,1260,145.22894920000002,6.875512151130617e-05
2026-01-02 02:00:00,USDCHF,0.9037753200000002,0.9064893600000001,0.9028706400000002,0.9046800000000002,1260,0.9042276600000002,6.875512151130617e-05
2026-01-02 03:00:00,BTC/USDT,102.59729999999999,102.90539999999999,102.49459999999999,102.69999999999999,1270,102.64864999999999,4.121184852417566e-05
2026-01-02 03:00:00,ETH/USDT,109.71264741245257,110.04211482209956,109.60282494257024,109.8224698823349,1270,109.76755864739374,4.121184852417566e-05
2026-01-02 03:00:00,SOL/USDT,95.01264654645335,95.29796980935562,94.9175387921526,95.10775430075411,1270,95.06020042360373,4.121184852417566e-05
2026-01-02 03:00:00,BNB/USDT,101.51840641782411,101.82326649715691,101.41678639137984,101.62002644426838,1270,101.56921643104624,4.121184852417566e-05
2026-01-02 03:00:00,TRX/USDT,97.36517116424933,97.65755906564347,97.26770853045129,97.46263379804738,1270,97.41390248114836,4.121184852417566e-05
2026-01-02 03:00:00,EURUSD,1.08406485,1.0873203,1.0829797,1.08515,1270,1.0846074250000002,4.121184852417566e-05
2026-01-02 03:00:00,GBPUSD,1.2352634999999998,1.2389729999999999,1.234027,1.2365,1270,1.23588175,4.121184852417566e-05
2026-01-02 03:00:00,AUDUSD,0.6440902650000001,0.6460244700000001,0.64344553,0.6447350000000001,1270,0.6444126325000001,4.121184852417566e-05
2026-01-02 03:00:00,USDJPY,145.1678868,145.6038264,145.0225736,145.3132,1270,145.2405434,4.121184852417566e-05
2026-01-02 03:00:00,USDCHF,0.9039551400000001,0.9066697200000001,0.9030502800000001,0.9048600000000001,1270,0.9044075700000002,4.121184852417566e-05
2026-01-02 04:00:00,BTC/USDT,102.6972,103.0056,102.5944,102.8,1280,102.7486,9.13172355547493e-06
2026-01-02 04:00:00,ETH/USDT,110.09084403781917,110.42144717306788,109.98064299273626,110.20104508290207,1280,110.14594456036062,9.13172355547493e-06
2026-01-02 04:00:00,SOL/USDT,94.92543225010539,95.21049360821381,94.83041179740259,95.0204527028082,1280,94.97294247645681,9.13172355547493e-06
2026-01-02 04:00:00,BNB/USDT,101.69239776727204,101.99778034314973,101.59060357531281,101.79419195923127,1280,101.74329486325166,9.13172355547493e-06
2026-01-02 04:00:00,TRX/USDT,97.33574501137863,97.62804454594733,97.23831183318906,97.4331781895682,1280,97.38446160047341,9.13172355547493e-06
2026-01-02 04:00:00,EURUSD,1.0835154,1.0867692,1.0824308,1.0846,1280,1.0840577,9.13172355547493e-06
2026-01-02 04:00:00,GBPUSD,1.234764,1.238472,1.233528,1.236,1280,1.235382,9.13172355547493e-06
2026-01-02 04:00:00,AUDUSD,0.64389546,0.64582908,0.64325092,0.64454,1280,0.64421773,9.13172355547493e-06
2026-01-02 04:00:00,USDJPY,145.1794752,145.6154496,145.03415040000002,145.3248,1280,145.25213760000003,9.13172355547493e-06
2026-01-02 04:00:00,USDCHF,0.90413496,0.9068500800000001,0.90322992,0.9050400000000001,1280,0.9045874800000001,9.13172355547493e-06
2026-01-02 05:00:00,BTC/USDT,102.79709999999999,103.10579999999999,102.6942,102.89999999999999,1290,102.84855,-2.395367731303159e-05
2026-01-02 05:00:00,ETH/USDT,110.49669755254244,110.82851946711465,110.38609024768503,110.60730485739984,1290,110.55200120497115,-2.395367731303159e-05
2026-01-02 05:00:00,SOL/USDT,94.8135071979395,95.09823244478017,94.71859878232596,94.90841561355306,1290,94.8609614057463,-2.395367731303159e-05
2026-01-02 05:00:00,BNB/USDT,101.84190467887949,102.14773622446171,101.73996083035209,101.9438485274069,1290,101.89287660314321,-2.395367731303159e-05
2026-01-02 05:00:00,TRX/USDT,97.31297069733705,97.6052018405723,97.21556031625863,97.41038107841547,1290,97.36167588787626,-2.395367731303159e-05
2026-01-02 05:00:00,EURUSD,1.0829659500000002,1.0862181000000002,1.0818819000000002,1.0840500000000002,1290,1.0835079750000003,-2.395367731303159e-05
2026-01-02 05:00:00,GBPUSD,1.2342645,1.2379710000000002,1.233029,1.2355,1290,1.23488225,-2.395367731303159e-05
2026-01-02 05:00:00,AUDUSD,0.643700655,0.6456336899999999,0.64305631,0.644345,1290,0.6440228275,-2.395367731303159e-05
2026-01-02 05:00:00,USDJPY,145.19106360000004,145.62707280000004,145.04572720000002,145.33640000000003,1290,145.26373180000004,-2.395367731303159e-05
2026-01-02 05:00:00,USDCHF,0.90431478,0.90703044,0.9034095600000001,0.90522,1290,0.9047673900000001,-2.395367731303159e-05
2026-01-02 06:00:00,BTC/USDT,102.897,103.206,102.794,103.0,1300,102.94850000000001,-5.440211108893698e-05
2026-01-02 06:00:00,ETH/USDT,110.93003464961151,111.26315787678753,110.81899357388617,111.04107572533685,1300,110.98555518747419,-5.440211108893698e-05
2026-01-02 06:00:00,SOL/USDT,94.67336809309099,94.95767250177894,94.57859995686167,94.7681362293203,1300,94.72075216120565,-5.440211108893698e-05
2026-01-02 06:00:00,BNB/USDT,101.96073718607879,102.26692558603698,101.85867438609272,102.06279998606485,1300,102.01176858607182,-5.440211108893698e-05
2026-01-02 06:00:00,TRX/USDT,97.29568396568573,97.58786319681391,97.19829088864299,97.39307704272845,1300,97.3443805042071,-5.440211108893698e-05
2026-01-02 06:00:00,EURUSD,1.0824165000000001,1.0856670000000002,1.081333,1.0835000000000001,1300,1.0829582500000001,-5.440211108893698e-05
2026-01-02 06:00:00,GBPUSD,1.2337649999999998,1.2374699999999998,1.23253,1.2349999999999999,1300,1.2343825,-5.440211108893698e-05
2026-01-02 06:00:00,AUDUSD,0.64350585,0.6454383,0.6428617,0.64415,1300,0.6438279250000001,-5.440211108893698e-05
2026-01-02 06:00:00,USDJPY,145.20265199999997,145.63869599999998,145.057304,145.34799999999998,1300,145.275326,-5.440211108893698e-05
2026-01-02 06:00:00,USDCHF,0.9044945999999999,0.9072108,0.9035892,0.9054,1300,0.9049473,-5.440211108893698e-05
2026-01-02 07:00:00,BTC/USDT,102.9969,103.30619999999999,102.8938,103.1,1310,103.04845,-7.886162822232243e-05
2026-01-02 07:00:00,ETH/USDT,111.38992035474274,111.7244246200723,111.27841893296623,111.50142177651927,1310,111.44567106563102,-7.886162822232243e-05
2026-01-02 07:00:00,SOL/USDT,94.50263644394096,94.78642814497381,94.40803921026334,94.59723367761858,1310,94.54993506077977,-7.886162822232243e-05
2026-01-02 07:00:00,BNB/USDT,102.04461250819924,102.35105278600165,101.94246574893177,102.1467592674667,1310,102.09568588783297,-7.886162822232243e-05
2026-01-02 07:00:00,TRX/USDT,97.28260875884051,97.57474872508328,97.18522877009292,97.3799887475881,1310,97.33129875321431,-7.886162822232243e-05
2026-01-02 07:00:00,EURUSD,1.08186705,1.0851159000000001,1.0807841,1.08295,1310,1.0824085250000002,-7.886162822232243e-05
2026-01-02 07:00:00,GBPUSD,1.2332655000000001,1.2369690000000002,1.232031,1.2345000000000002,1310,1.2338827500000003,-7.886162822232243e-05
2026-01-02 07:00:00,AUDUSD,0.643311045,0.64524291,0.6426670900000001,0.643955,1310,0.6436330225000001,-7.886162822232243e-05
2026-01-02 07:00:00,USDJPY,145.2142404,145.6503192,145.0688808,145.3596,1310,145.2869202,-7.886162822232243e-05
2026-01-02 07:00:00,USDCHF,0.9046744200000001,0.9073911600000001,0.90376884,0.90558,1310,0.9051272100000001,-7.886162822232243e-05
2026-01-02 08:00:00,BTC/USDT,103.0968,103.4064,102.9936,103.2,1320,103.14840000000001,-9.46395756838108e-05
2026-01-02 08:00:00,ETH/USDT,111.87468393782399,112.21064394964928,111.76269726721556,111.98667060843242,1320,111.93067727312821,-9.46395756838108e-05
2026-01-02 08:00:00,SOL/USDT,94.30015338707155,94.58333703087656,94.20575883913655,94.39454793500656,1320,94.34735066103906,-9.46395756838108e-05
2026-01-02 08:00:00,BNB/USDT,102.09142133302605,102.39800217786997,101.98922771807808,102.19361494797403,1320,102.14251814050004,-9.46395756838108e-05
2026-01-02 08:00:00,TRX/USDT,97.27238321580471,97.56449247471103,97.17501346283593,97.36975296877348,1320,97.3210680922891,-9.46395756838108e-05
2026-01-02 08:00:00,EURUSD,1.0813176,1.0845648,1.0802352,1.0824,1320,1.0818588,-9.46395756838108e-05
2026-01-02 08:00:00,GBPUSD,1.232766,1.236468,1.231532,1.234,1320,1.2333830000000001,-9.46395756838108e-05
2026-01-02 08:00:00,AUDUSD,0.64311624,0.64504752,0.64247248,0.64376,1320,0.64343812,-9.46395756838108e-05
2026-01-02 08:00:00,USDJPY,145.2258288,145.6619424,145.0804576,145.3712,1320,145.2985144,-9.46395756838108e-05
2026-01-02 08:00:00,USDCHF,0.90485424,0.90757152,0.90394848,0.90576,1320,0.90530712,-9.46395756838108e-05
2026-01-02 09:00:00,BTC/USDT,103.19669999999999,103.50659999999999,103.0934,103.3,1330,103.24835,-9.999902065507035e-05
2026-01-02 09:00:00,ETH/USDT,112.3819652147552,112.71944859377848,112.26947075508076,112.49445967442962,1330,112.43821244459241,-9.999902065507035e-05
2026-01-02 09:00:00,SOL/USDT,94.06602588749325,94.34850644571395,93.97186570141969,94.16018607356682,1330,94.11310598053004,-9.999902065507035e-05
2026-01-02 09:00:00,BNB/USDT,102.10135896361746,102.40796965119588,101.99915540109131,102.2035625261436,1330,102.15246074488053,-9.999902065507035e-05
2026-01-02 09:00:00,TRX/USDT,97.26358741801549,97.55567026311464,97.16622646964912,97.36094836638188,1330,97.31226789219869,-9.999902065507035e-05
2026-01-02 09:00:00,EURUSD,1.0807681500000001,1.0840137000000003,1.0796863,1.0818500000000002,1330,1.0813090750000003,-9.999902065507035e-05
2026-01-02 09:00:00,GBPUSD,1.2322665,1.235967,1.231033,1.2335,1330,1.2328832500000002,-9.999902065507035e-05
2026-01-02 09:00:00,AUDUSD,0.6429214350000001,0.6448521300000001,0.64227787,0.643565,1330,0.6432432175000001,-9.999902065507035e-05
2026-01-02 09:00:00,USDJPY,145.2374172,145.6735656,145.09203440000002,145.3828,1330,145.3101086,-9.999902065507035e-05
2026-01-02 09:00:00,USDCHF,0.90503406,0.90775188,0.90412812,0.90594,1330,0.90548703,-9.999902065507035e-05
2026-01-02 10:00:00,BTC/USDT,103.29660000000001,103.6068,103.1932,103.4,1340,103.34830000000001,-9.434996270154847e-05
2026-01-02 10:00:00,ETH/USDT,112.90877995649744,113.2478453617722,112.79575815473918,113.02180175825569,1340,112.96529085737657,-9.434996270154847e-05
2026-01-02 10:00:00,SOL/USDT,93.80162247428758,94.08330902826442,93.7077269562953,93.89551799227986,1340,93.84857023328372,-9.434996270154847e-05
2026-01-02 10:00:00,BNB/USDT,102.07691317530652,102.38345045210924,101.97473408303894,102.17909226757409,1340,102.12800272144031,-9.434996270154847e-05
2026-01-02 10:00:00,TRX/USDT,97.25477231802512,97.54682869135252,97.15742019358265,97.35212444246758,1340,97.30344838024635,-9.434996270154847e-05
2026-01-02 10:00:00,EURUSD,1.0802187,1.0834626,1.0791374000000002,1.0813000000000001,1340,1.0807593500000001,-9.434996270154847e-05
2026-01-02 10:00:00,GBPUSD,1.2317669999999998,1.235466,1.2305339999999998,1.2329999999999999,1340,1.2323834999999999,-9.434996270154847e-05
2026-01-02 10:00:00,AUDUSD,0.64272663,0.64465674,0.64208326,0.64337,1340,0.643048315,-9.434996270154847e-05
2026-01-02 10:00:00,USDJPY,145.24900560000003,145.68518880000002,145.10361120000002,145.39440000000002,1340,145.32170280000003,-9.434996270154847e-05
2026-01-02 10:00:00,USDCHF,0.9052138799999999,0.90793224,0.9043077599999999,0.9061199999999999,1340,0.9056669399999999,-9.434996270154847e-05
2026-01-02 11:00:00,BTC/USDT,103.39649999999999,103.70699999999998,103.29299999999999,103.49999999999999,1350,103.44824999999999,-7.8314284623659e-05
2026-01-02 11:00:00,ETH/USDT,113.45160259261456,113.79229809589569,113.33803742485418,113.56516776037493,1350,113.50838517649476,-7.8314284623659e-05
2026-01-02 11:00:00,SOL/USDT,93.50951868167117,93.79032804708159,93.41591555986768,93.60312180347464,1350,93.55632024257291,-7.8314284623659e-05
2026-01-02 11:00:00,BNB/USDT,102.02270953788027,102.32908404099703,101.92058470350801,102.12483437225252,1350,102.0737719550664,-7.8314284623659e-05
2026-01-02 11:00:00,TRX/USDT,97.24448926163888,97.53651475491708,97.14714743054614,97.34183109273161,1350,97.29316017718524,-7.8314284623659e-05
2026-01-02 11:00:00,EURUSD,1.07966925,1.0829115,1.0785885000000002,1.08075,1350,1.0802096250000002,-7.8314284623659e-05
2026-01-02 11:00:00,GBPUSD,1.2312675,1.2349649999999999,1.230035,1.2325,1350,1.23188375,-7.8314284623659e-05
2026-01-02 11:00:00,AUDUSD,0.6425318250000001,0.64446135,0.6418886500000001,0.643175,1350,0.6428534125,-7.8314284623659e-05
2026-01-02 11:00:00,USDJPY,145.26059399999997,145.69681199999997,145.115188,145.40599999999998,1350,145.333297,-7.8314284623659e-05
2026-01-02 11:00:00,USDCHF,0.9053936999999999,0.9081125999999999,0.9044873999999998,0.9062999999999999,1350,0.90584685,-7.8314284623659e-05
2026-01-02 12:00:00,BTC/USDT,103.49640000000001,103.80720000000001,103.39280000000001,103.60000000000001,1360,103.54820000000001,-5.36572918000435e-05
2026-01-02 12:00:00,ETH/USDT,114.00646391729927,114.34882567080467,113.89234333279748,114.12058450180108,1360,114.06352420955018,-5.36572918000435e-05
2026-01-02 12:00:00,SOL/USDT,93.19339437057418,93.47325441372905,93.10010768952256,93.2866810516258,1360,93.2400377111,-5.36572918000435e-05
2026-01-02 12:00:00,BNB/USDT,101.94522382005391,102.25136563332735,101.84317654896277,102.04727109114506,1360,101.9962474555995,-5.36572918000435e-05
2026-01-02 12:00:00,TRX/USDT,97.23131950204098,97.52330544649155,97.1339908538908,97.32864815019117,1360,97.27998382611608,-5.36572918000435e-05
2026-01-02 12:00:00,EURUSD,1.0791198,1.0823604,1.0780396,1.0802,1360,1.0796599,-5.36572918000435e-05
2026-01-02 12:00:00,GBPUSD,1.230768,1.234464,1.229536,1.232,1360,1.231384,-5.36572918000435e-05
2026-01-02 12:00:00,AUDUSD,0.64233702,0.64426596,0.64169404,0.64298,1360,0.6426585100000001,-5.36572918000435e-05
2026-01-02 12:00:00,USDJPY,145.2721824,145.7084352,145.1267648,145.4176,1360,145.3448912,-5.36572918000435e-05
2026-01-02 12:00:00,USDCHF,0.90557352,0.90829296,0.9046670400000001,0.9064800000000001,1360,0.9060267600000002,-5.36572918000435e-05
2026-01-02 13:00:00,BTC/USDT,103.59629999999999,103.9074,103.49259999999998,103.69999999999999,1370,103.64815,-2.3093376590116808e-05
2026-01-02 13:00:00,ETH/USDT,114.56906109010484,114.91311232460966,114.45437734526989,114.68374483493977,1370,114.6264029625223,-2.3093376590116808e-05
2026-01-02 13:00:00,SOL/USDT,92.85788702419745,93.13673953778364,92.76493618633539,92.95083786205952,1370,92.90436244312849,-2.3093376590116808e-05
2026-01-02 13:00:00,BNB/USDT,101.85237935753703,102.1582423586107,101.7504250238458,101.95433369122826,1370,101.90335652438264,-2.3093376590116808e-05
2026-01-02 13:00:00,TRX/USDT,97.21390310460323,97.50583674756,97.11659189028431,97.31121431892215,1370,97.2625587117627,-2.3093376590116808e-05
2026-01-02 13:00:00,EURUSD,1.0785703500000001,1.0818093000000002,1.0774907000000002,1.0796500000000002,1370,1.0791101750000003,-2.3093376590116808e-05
2026-01-02 13:00:00,GBPUSD,1.2302685,1.2339630000000001,1.229037,1.2315,1370,1.2308842500000001,-2.3093376590116808e-05
2026-01-02 13:00:00,AUDUSD,0.642142215,0.64407057,0.6414994300000001,0.642785,1370,0.6424636075000001,-2.3093376590116808e-05
2026-01-02 13:00:00,USDJPY,145.2837708,145.7200584,145.13834160000002,145.4292,1370,145.35648540000003,-2.3093376590116808e-05
2026-01-02 13:00:00,USDCHF,0.9057533400000002,0.9084733200000001,0.9048466800000001,0.9066600000000001,1370,0.9062066700000002,-2.3093376590116808e-05
2026-01-02 14:00:00,BTC/USDT,103.69619999999999,104.0076,103.5924,103.8,1380,103.74810000000001,1.0012798554657277e-05
2026-01-02 14:00:00,ETH/USDT,115.13487688287229,115.48062726390194,115.01962675586242,115.25012700988218,1380,115.19250194637725,1.0012798554657277e-05
2026-01-02 14:00:00,SOL/USDT,92.50840686619173,92.78620988981393,92.41580585831767,92.6010078740658,1380,92.55470737012877,1.0012798554657277e-05
2026-01-02 14:00:00,BNB/USDT,101.7530544183952,102.05861914637836,101.65119950906748,101.85490932772292,1380,101.80398187305907,1.0012798554657277e-05
2026-01-02 14:00:00,TRX/USDT,97.19096665348472,97.4828314182099,97.09367839857633,97.28825490839311,1380,97.23961078093892,1.0012798554657277e-05
2026-01-02 14:00:00,EURUSD,1.0780209,1.0812582000000002,1.0769418000000002,1.0791000000000002,1380,1.0785604500000003,1.0012798554657277e-05
2026-01-02 14:00:00,GBPUSD,1.2297690000000001,1.233462,1.2285380000000001,1.231,1380,1.2303845000000002,1.0012798554657277e-05
2026-01-02 14:00:00,AUDUSD,0.64194741,0.64387518,0.64130482,0.64259,1380,0.642268705,1.0012798554657277e-05
2026-01-02 14:00:00,USDJPY,145.2953592,145.7316816,145.1499184,145.4408,1380,145.36807960000002,1.0012798554657277e-05
2026-01-02 14:00:00,USDCHF,0.9059331600000001,0.9086536800000001,0.90502632,0.9068400000000001,1380,0.9063865800000002,1.0012798554657277e-05
2026-01-02 15:00:00,BTC/USDT,103.7961,104.1078,103.69219999999999,103.89999999999999,1390,103.84805,4.201670368266409e-05
2026-01-02 15:00:00,ETH/USDT,115.69930486809973,116.04675022806398,115.58348974811165,115.81511998808782,1390,115.75721242809378,4.201670368266409e-05
2026-01-02 15:00:00,SOL/USDT,92.15092117211367,92.42765066512302,92.05867800777722,92.24316433645012,1390,92.1970427542819,4.201670368266409e-05
2026-01-02 15:00:00,BNB/USDT,101.65653019534282,101.9618050607943,101.55477190685899,101.75828848382665,1390,101.70740933958474,4.201670368266409e-05
2026-01-02 15:00:00,TRX/USDT,97.1613491955429,97.45312501895293,97.06409058773954,97.25860780334624,1390,97.20997849944457,4.201670368266409e-05
2026-01-02 15:00:00,EURUSD,1.0774714500000002,1.0807071000000001,1.0763929,1.0785500000000001,1390,1.0780107250000002,4.201670368266409e-05
2026-01-02 15:00:00,GBPUSD,1.2292695000000002,1.2329610000000002,1.228039,1.2305000000000001,1390,1.2298847500000003,4.201670368266409e-05
2026-01-02 15:00:00,AUDUSD,0.641752605,0.64367979,0.6411102099999999,0.6423949999999999,1390,0.6420738025,4.201670368266409e-05
2026-01-02 15:00:00,USDJPY,145.3069476,145.7433048,145.16149520000002,145.4524,1390,145.3796738,4.201670368266409e-05
2026-01-02 15:00:00,USDCHF,0.9061129800000001,0.90883404,0.9052059600000001,0.90702,1390,0.9065664900000001,4.201670368266409e-05
2026-01-02 16:00:00,BTC/USDT,103.896,104.208,103.792,104.0,1400,103.94800000000001,6.939515345770562e-05
2026-01-02 16:00:00,ETH/USDT,116.25777707934064,116.60689953303236,116.14140292811007,116.37415123057121,1400,116.31596415495594,6.939515345770562e-05
2026-01-02 16:00:00,SOL/USDT,91.79171637298015,92.06736717289901,91.6998327730072,91.8835999729531,1400,91.83765817296664,6.939515345770562e-05
2026-01-02 16:00:00,BNB/USDT,101.57191374613292,101.87693450813332,101.47024015879946,101.67358733346639,1400,101.62275053979965,6.939515345770562e-05
2026-01-02 16:00:00,TRX/USDT,97.12402589298809,97.41568963440847,97.02680464584796,97.22124714012821,1400,97.17263651655816,6.939515345770562e-05
2026-01-02 16:00:00,EURUSD,1.0769220000000002,1.0801560000000001,1.075844,1.078,1400,1.0774610000000002,6.939515345770562e-05
2026-01-02 16:00:00,GBPUSD,1.22877,1.2324599999999999,1.22754,1.23,1400,1.229385,6.939515345770562e-05
2026-01-02 16:00:00,AUDUSD,0.6415578,0.6434844,0.6409156,0.6422,1400,0.6418789,6.939515345770562e-05
2026-01-02 16:00:00,USDJPY,145.31853600000002,145.75492800000004,145.17307200000002,145.46400000000003,1400,145.39126800000003,6.939515345770562e-05
2026-01-02 16:00:00,USDCHF,0.9062928,0.9090144,0.9053856,0.9072,1400,0.9067464000000001,6.939515345770562e-05
2026-01-02 17:00:00,BTC/USDT,103.99589999999999,104.3082,103.89179999999999,104.1,1410,104.04795,8.913416091820802e-05
2026-01-02 17:00:00,ETH/USDT,116.80589060571057,117.15665904596796,116.68896779229144,116.9228134191297,1410,116.86435201242014,8.913416091820802e-05
2026-01-02 17:00:00,SOL/USDT,91.43714743510172,91.71173346343535,91.34561875899051,91.52867611121293,1410,91.48291177315733,8.913416091820802e-05
2026-01-02 17:00:00,BNB/USDT,101.50757176081538,101.81239930364065,101.40596257987362,101.60918094175713,1410,101.55837635128626,8.913416091820802e-05
2026-01-02 17:00:00,TRX/USDT,97.07812890289492,97.36965481551621,96.98095359868782,97.17530420710202,1410,97.12671655499847,8.913416091820802e-05
2026-01-02 17:00:00,EURUSD,1.07637255,1.0796049,1.0752951,1.07745,1410,1.076911275,8.913416091820802e-05
2026-01-02 17:00:00,GBPUSD,1.2282705,1.231959,1.227041,1.2295,1410,1.22888525,8.913416091820802e-05
2026-01-02 17:00:00,AUDUSD,0.641362995,0.64328901,0.64072099,0.642005,1410,0.6416839975,8.913416091820802e-05
2026-01-02 17:00:00,USDJPY,145.3301244,145.76655119999998,145.1846488,145.4756,1410,145.4028622,8.913416091820802e-05
2026-01-02 17:00:00,USDCHF,0.90647262,0.90919476,0.9055652399999999,0.90738,1410,0.90692631,8.913416091820802e-05
2026-01-02 18:00:00,BTC/USDT,104.0958,104.4084,103.9916,104.2,1420,104.1479,9.906073556948704e-05
2026-01-02 18:00:00,ETH/USDT,117.33952961212007,117.69190057191624,117.22207262552136,117.4569865987188,1420,117.39825810541944,9.906073556948704e-05
2026-01-02 18:00:00,SOL/USDT,91.09338450762995,91.36693821486007,91.00219993855323,91.18456907670665,1420,91.13897679216831,9.906073556948704e-05
2026-01-02 18:00:00,BNB/USDT,101.47061036147299,101.77532690910505,101.36903817892897,101.57218254401701,1420,101.52139645274501,9.906073556948704e-05
2026-01-02 18:00:00,TRX/USDT,97.02296505818185,97.31432531361183,96.92584497303854,97.12008514332518,1420,97.07152510075353,9.906073556948704e-05
2026-01-02 18:00:00,EURUSD,1.0758231,1.0790538,1.0747461999999999,1.0769,1420,1.0763615500000001,9.906073556948704e-05
2026-01-02 18:00:00,GBPUSD,1.227771,1.231458,1.2265419999999998,1.2289999999999999,1420,1.2283855,9.906073556948704e-05
2026-01-02 18:00:00,AUDUSD,0.6411681900000001,0.6430936200000001,0.6405263800000001,0.6418100000000001,1420,0.6414890950000002,9.906073556948704e-05
2026-01-02 18:00:00,USDJPY,145.3417128,145.7781744,145.1962256,145.4872,1420,145.4144564,9.906073556948704e-05
2026-01-02 18:00:00,USDCHF,0.90665244,0.90937512,0.9057448800000001,0.90756,1420,0.9071062200000001,9.906073556948704e-05
2026-01-02 19:00:00,BTC/USDT,104.1957,104.5086,104.0914,104.3,1430,104.24785,9.808209944866031e-05
2026-01-02 19:00:00,ETH/USDT,117.85497940362251,118.20889826069045,117.73700645126654,117.97295235597849,1430,117.91396587980051,9.808209944866031e-05
2026-01-02 19:00:00,SOL/USDT,90.76616693818184,91.03873801006827,90.6753099142197,90.85702396214398,1430,90.81159545016291,9.808209944866031e-05
2026-01-02 19:00:00,BNB/USDT,101.46643327796833,101.77113728180608,101.36486527668909,101.56800127924758,1430,101.51721727860796,9.808209944866031e-05
2026-01-02 19:00:00,TRX/USDT,96.95802998983643,97.24919524506117,96.86097490476152,97.05508507491135,1430,97.00655753237389,9.808209944866031e-05
2026-01-02 19:00:00,EURUSD,1.0752736500000002,1.0785027,1.0741973000000002,1.0763500000000001,1430,1.0758118250000002,9.808209944866031e-05
2026-01-02 19:00:00,GBPUSD,1.2272714999999998,1.2309569999999999,1.226043,1.2285,1430,1.22788575,9.808209944866031e-05
2026-01-02 19:00:00,AUDUSD,0.640973385,0.64289823,0.6403317700000001,0.641615,1430,0.6412941925000001,9.808209944866031e-05
2026-01-02 19:00:00,USDJPY,145.3533012,145.7897976,145.20780240000002,145.49880000000002,1430,145.42605060000002,9.808209944866031e-05
2026-01-02 19:00:00,USDCHF,0.90683226,0.90955548,0.90592452,0.90774,1430,0.90728613,9.808209944866031e-05
2026-01-02 20:00:00,BTC/USDT,104.29560000000001,104.6088,104.19120000000001,104.4,1440,104.3478,8.630598679680195e-05
2026-01-02 20:00:00,ETH/USDT,118.34902937274919,118.70443186335804,118.23056187587956,118.4674968696188,1440,118.40826312118399,8.630598679680195e-05
2026-01-02 20:00:00,SOL/USDT,90.46057446316192,90.73222783992817,90.37002333757316,90.55112558875066,1440,90.50585002595629,8.630598679680195e-05
2026-01-02 20:00:00,BNB/USDT,101.49840587019352,101.80320588782173,101.39680586431744,101.60000587606959,1440,101.54920587313156,8.630598679680195e-05
2026-01-02 20:00:00,TRX/USDT,96.88301840266668,97.17395839786988,96.78603840426561,96.97999840106775,1440,96.93150840186722,8.630598679680195e-05
2026-01-02 20:00:00,EURUSD,1.0747242000000001,1.0779516,1.0736484000000002,1.0758,1440,1.0752621000000002,8.630598679680195e-05
2026-01-02 20:00:00,GBPUSD,1.226772,1.230456,1.225544,1.228,1440,1.227386,8.630598679680195e-05
2026-01-02 20:00:00,AUDUSD,0.64077858,0.64270284,0.64013716,0.64142,1440,0.64109929,8.630598679680195e-05
2026-01-02 20:00:00,USDJPY,145.3648896,145.80142080000002,145.2193792,145.5104,1440,145.43764480000002,8.630598679680195e-05
2026-01-02 20:00:00,USDCHF,0.90701208,0.90973584,0.9061041599999999,0.90792,1440,0.90746604,8.630598679680195e-05
2026-01-02 21:00:00,BTC/USDT,104.3955,104.709,104.291,104.5,1450,104.44775,6.502878401571169e-05
2026-01-02 21:00:00,ETH/USDT,118.81906197679797,119.17587597672829,118.7001239768212,118.93799997677475,1450,118.87853097678637,6.502878401571169e-05
2026-01-02 21:00:00,SOL/USDT,90.18082469470177,90.45163798207325,90.09055359891128,90.27109579049227,1450,90.22596024259703,6.502878401571169e-05
2026-01-02 21:00:00,BNB/USDT,101.56764588629176,101.87265383189623,101.46597657109027,101.66931520149325,1450,101.6184805438925,6.502878401571169e-05
2026-01-02 21:00:00,TRX/USDT,96.79783029522632,97.08851447028707,96.70093557020607,96.89472502024657,1450,96.84627765773645,6.502878401571169e-05
2026-01-02 21:00:00,EURUSD,1.07417475,1.0774005,1.0730995,1.07525,1450,1.074712375,6.502878401571169e-05
2026-01-02 21:00:00,GBPUSD,1.2262725,1.2299550000000001,1.225045,1.2275,1450,1.2268862500000002,6.502878401571169e-05
2026-01-02 21:00:00,AUDUSD,0.6405837750000001,0.6425074500000001,0.63994255,0.641225,1450,0.6409043875000001,6.502878401571169e-05
2026-01-02 21:00:00,USDJPY,145.37647800000002,145.81304400000002,145.23095600000002,145.52200000000002,1450,145.44923900000003,6.502878401571169e-05
2026-01-02 21:00:00,USDCHF,0.9071918999999999,0.9099162,0.9062837999999999,0.9080999999999999,1450,0.9076459499999999,6.502878401571169e-05
2026-01-02 22:00:00,BTC/USDT,104.4954,104.8092,104.39080000000001,104.60000000000001,1460,104.54770000000002,3.659281553529311e-05
2026-01-02 22:00:00,ETH/USDT,119.2631252791994,119.62127280256036,119.1437427714124,119.38250778698638,1460,119.32281653309289,3.659281553529311e-05
2026-01-02 22:00:00,SOL/USDT,89.9301049777738,90.20016535308243,89.84008485267093,90.02012510287668,1460,89.97511504032525,3.659281553529311e-05
2026-01-02 22:00:00,BNB/USDT,101.67295396649175,101.97827815257732,101.57117923779656,101.77472869518694,1460,101.72384133083935,3.659281553529311e-05
2026-01-02 22:00:00,TRX/USDT,96.70257299719223,96.99297111430091,96.60577362482267,96.7993723695618,1460,96.75097268337701,3.659281553529311e-05
2026-01-02 22:00:00,EURUSD,1.0736253,1.0768494,1.0725506,1.0747,1460,1.07416265,3.659281553529311e-05
2026-01-02 22:00:00,GBPUSD,1.225773,1.229454,1.2245460000000001,1.227,1460,1.2263865000000003,3.659281553529311e-05
2026-01-02 22:00:00,AUDUSD,0.64038897,0.64231206,0.63974794,0.64103,1460,0.640709485,3.659281553529311e-05
2026-01-02 22:00:00,USDJPY,145.38806639999999,145.82466719999996,145.2425328,145.53359999999998,1460,145.4608332,3.659281553529311e-05
2026-01-02 22:00:00,USDCHF,0.9073717200000001,0.91009656,0.9064634400000001,0.9082800000000001,1460,0.9078258600000001,3.659281553529311e-05
2026-01-02 23:00:00,BTC/USDT,104.5953,104.90939999999999,104.49059999999999,104.69999999999999,1470,104.64765,4.128486434866614e-06
2026-01-02 23:00:00,ETH/USDT,119.6799870445828,120.03938640507704,119.56018725775138,119.79978683141421,1470,119.7398869379985,4.128486434866614e-06
2026-01-02 23:00:00,SOL/USDT,89.71044532080548,89.97984605750459,89.6206450752391,89.80024556637184,1470,89.75534544358867,4.128486434866614e-06
2026-01-02 23:00:00,BNB/USDT,101.8108882134892,102.11662661653273,101.7089754124747,101.91280101450371,1470,101.86184461399647,4.128486434866614e-06
2026-01-02 23:00:00,TRX/USDT,96.59755898268547,96.88764174239324,96.50086472944955,96.6942532359214,1470,96.64590610930344,4.128486434866614e-06
2026-01-02 23:00:00,EURUSD,1.0730758500000002,1.0762983000000002,1.0720017000000002,1.0741500000000002,1470,1.0736129250000002,4.128486434866614e-06
2026-01-02 23:00:00,GBPUSD,1.2252735,1.228953,1.2240469999999999,1.2265,1470,1.22588675,4.128486434866614e-06
2026-01-02 23:00:00,AUDUSD,0.640194165,0.6421166700000001,0.63955333,0.640835,1470,0.6405145825,4.128486434866614e-06
2026-01-02 23:00:00,USDJPY,145.3996548,145.8362904,145.2541096,145.5452,1470,145.47242740000002,4.128486434866614e-06
2026-01-02 23:00:00,USDCHF,0.90755154,0.91027692,0.90664308,0.90846,1470,0.90800577,4.128486434866614e-06
2026-01-03 00:00:00,BTC/USDT,104.69520000000001,105.0096,104.59040000000002,104.80000000000001,1480,104.74760000000002,-2.8790331666506532e-05
2026-01-03 00:00:00,ETH/USDT,120.06916888837677,120.42973696311664,119.94897953013013,120.18935824662339,1480,120.12926356750008,-2.8790331666506532e-05
2026-01-03 00:00:00,SOL/USDT,89.52263746564934,89.79147421479543,89.43302521593397,89.6122497153647,1480,89.56744359050703,-2.8790331666506532e-05
2026-01-03 00:00:00,BNB/USDT,101.97597819295055,102.28221236169814,101.87390013670135,102.07805624919975,1480,102.02701722107516,-2.8790331666506532e-05
2026-01-03 00:00:00,TRX/USDT,96.4832995040863,96.77303914223671,96.38671962470283,96.57987938346977,1480,96.53158944377805,-2.8790331666506532e-05
2026-01-03 00:00:00,EURUSD,1.0725264,1.0757472000000001,1.0714528,1.0736,1480,1.0730632000000002,-2.8790331666506532e-05
2026-01-03 00:00:00,GBPUSD,1.224774,1.2284519999999999,1.223548,1.226,1480,1.225387,-2.8790331666506532e-05
2026-01-03 00:00:00,AUDUSD,0.63999936,0.64192128,0.6393587199999999,0.64064,1480,0.6403196800000001,-2.8790331666506532e-05
2026-01-03 00:00:00,USDJPY,145.4112432,145.8479136,145.26568640000002,145.5568,1480,145.4840216,-2.8790331666506532e-05
2026-01-03 00:00:00,USDCHF,0.9077313600000001,0.9104572800000001,0.9068227200000001,0.9086400000000001,1480,0.9081856800000002,-2.8790331666506532e-05
2026-01-03 01:00:00,BTC/USDT,104.79509999999999,105.10979999999999,104.69019999999999,104.89999999999999,1490,104.84755,-5.853973422480746e-05
2026-01-03 01:00:00,ETH/USDT,120.43095953453742,120.79261406767417,120.31040802349183,120.551511045583,1490,120.49123529006022,-5.853973422480746e-05
2026-01-03 01:00:00,SOL/USDT,89.36620332333388,89.63457030028083,89.27674766435156,89.4556589823162,1490,89.41093115282504,-5.853973422480746e-05
2026-01-03 01:00:00,BNB/USDT,102.16106505862432,102.46785504378535,102.0588017302373,102.26332838701133,1490,102.21219672281782,-5.853973422480746e-05
2026-01-03 01:00:00,TRX/USDT,96.36049417604448,96.649865029426,96.2640372249173,96.45695112717165,1490,96.40872265160807,-5.853973422480746e-05
2026-01-03 01:00:00,EURUSD,1.07197695,1.0751961,1.0709039,1.07305,1490,1.072513475,-5.853973422480746e-05
2026-01-03 01:00:00,GBPUSD,1.2242745,1.227951,1.223049,1.2255,1490,1.22488725,-5.853973422480746e-05
2026-01-03 01:00:00,AUDUSD,0.639804555,0.64172589,0.6391641100000001,0.640445,1490,0.6401247775000001,-5.853973422480746e-05
2026-01-03 01:00:00,USDJPY,145.4228316,145.8595368,145.2772632,145.5684,1490,145.4956158,-5.853973422480746e-05
2026-01-03 01:00:00,USDCHF,0.90791118,0.91063764,0.9070023600000001,0.9088200000000001,1490,0.9083655900000002,-5.853973422480746e-05
2026-01-03 02:00:00,BTC/USDT,104.895,105.21,104.79,105.0,1500,104.9475,-8.184472531579451e-05
2026-01-03 02:00:00,ETH/USDT,120.76640681398659,121.12906869631088,120.6455195198785,120.8872941080947,1500,120.82685046104065,-8.184472531579451e-05
2026-01-03 02:00:00,SOL/USDT,89.23941403396209,89.50740026229231,89.15008529118536,89.32874277673884,1500,89.28407840535047,-8.184472531579451e-05
2026-01-03 02:00:00,BNB/USDT,102.35774665472768,102.66512727531244,102.2552864478661,102.46020686158927,1500,102.40897675815849,-8.184472531579451e-05
2026-01-03 02:00:00,TRX/USDT,96.23001672189487,96.51899575108975,96.13369037882991,96.32634306495983,1500,96.27817989342735,-8.184472531579451e-05
2026-01-03 02:00:00,EURUSD,1.0714275,1.074645,1.070355,1.0725,1500,1.07196375,-8.184472531579451e-05
2026-01-03 02:00:00,GBPUSD,1.223775,1.2274500000000002,1.22255,1.225,1500,1.2243875000000002,-8.184472531579451e-05
2026-01-03 02:00:00,AUDUSD,0.63960975,0.6415305,0.6389695,0.64025,1500,0.639929875,-8.184472531579451e-05
2026-01-03 02:00:00,USDJPY,145.43442000000002,145.87116,145.28884000000002,145.58,1500,145.50721000000001,-8.184472531579451e-05
2026-01-03 02:00:00,USDCHF,0.908091,0.910818,0.907182,0.909,1500,0.9085455000000001,-8.184472531579451e-05
2026-01-03 03:00:00,BTC/USDT,104.9949,105.3102,104.8898,105.1,1510,105.04745,-9.613974918795569e-05
2026-01-03 03:00:00,ETH/USDT,121.07728862551086,121.44088408684873,120.95609013839824,121.19848711262348,1510,121.13788786906717,-9.613974918795569e-05
2026-01-03 03:00:00,SOL/USDT,89.13935889089987,89.407044653335,89.05013030342148,89.22858747837824,1510,89.18397318463906,-9.613974918795569e-05
2026-01-03 03:00:00,BNB/USDT,102.55689992129788,102.86487859974022,102.45424036181711,102.65955948077867,1510,102.60822970103828,-9.613974918795569e-05
2026-01-03 03:00:00,TRX/USDT,96.0928971728733,96.38146443165068,95.99670808661416,96.18908625913242,1510,96.14099171600286,-9.613974918795569e-05
2026-01-03 03:00:00,EURUSD,1.0708780500000001,1.0740939000000003,1.0698061,1.0719500000000002,1510,1.0714140250000002,-9.613974918795569e-05
2026-01-03 03:00:00,GBPUSD,1.2232755,1.2269489999999998,1.222051,1.2245,1510,1.22388775,-9.613974918795569e-05
2026-01-03 03:00:00,AUDUSD,0.6394149450000001,0.6413351100000001,0.63877489,0.640055,1510,0.6397349725000001,-9.613974918795569e-05
2026-01-03 03:00:00,USDJPY,145.4460084,145.8827832,145.3004168,145.5916,1510,145.5188042,-9.613974918795569e-05
2026-01-03 03:00:00,USDCHF,0.90827082,0.91099836,0.90736164,0.90918,1510,0.9087254100000001,-9.613974918795569e-05
2026-01-03 04:00:00,BTC/USDT,105.0948,105.41040000000001,104.9896,105.2,1520,105.1474,-9.985112230843634e-05
2026-01-03 04:00:00,ETH/USDT,121.36606366389795,121.73052631754328,121.24457611268284,121.48755121511306,1520,121.42680743950551,-9.985112230843634e-05
2026-01-03 04:00:00,SOL/USDT,89.06206138146416,89.32951501924634,88.9729101688701,89.15121259405822,1520,89.10663698776119,-9.985112230843634e-05
2026-01-03 04:00:00,BNB/USDT,102.74924812187389,103.05780442254017,102.6463960216518,102.85210022209598,1520,102.80067417198494,-9.985112230843634e-05
2026-01-03 04:00:00,TRX/USDT,95.95030088279663,96.23843992448671,95.8542545355666,96.04634723002665,1520,95.99832405641165,-9.985112230843634e-05
2026-01-03 04:00:00,EURUSD,1.0703286,1.0735428000000002,1.0692572,1.0714000000000001,1520,1.0708643000000002,-9.985112230843634e-05
2026-01-03 04:00:00,GBPUSD,1.222776,1.226448,1.221552,1.224,1520,1.2233880000000001,-9.985112230843634e-05
2026-01-03 04:00:00,AUDUSD,0.63922014,0.6411397200000001,0.6385802800000001,0.6398600000000001,1520,0.6395400700000001,-9.985112230843634e-05
2026-01-03 04:00:00,USDJPY,145.45759679999998,145.89440639999998,145.3119936,145.6032,1520,145.5303984,-9.985112230843634e-05
2026-01-03 04:00:00,USDCHF,0.90845064,0.91117872,0.9075412799999999,0.90936,1520,0.90890532,-9.985112230843634e-05
2026-01-03 05:00:00,BTC/USDT,105.1947,105.5106,105.0894,105.3,1530,105.24735,-9.257027405740301e-05
2026-01-03 05:00:00,ETH/USDT,121.63580328080808,122.00107596333302,121.51404571996642,121.75756084164972,1530,121.6966820612289,-9.257027405740301e-05
2026-01-03 05:00:00,SOL/USDT,89.00263771793514,89.2699129062773,88.91354598848777,89.09172944738253,1530,89.04718358265885,-9.257027405740301e-05
2026-01-03 05:00:00,BNB/USDT,102.92593762603832,103.23502452581621,102.82290865944569,103.02896659263095,1530,102.97745210933464,-9.257027405740301e-05
2026-01-03 05:00:00,TRX/USDT,95.80350478575126,96.09120299832108,95.70760538156131,95.8994041899412,1530,95.85145448784623,-9.257027405740301e-05
2026-01-03 05:00:00,EURUSD,1.06977915,1.0729917,1.0687083000000002,1.07085,1530,1.070314575,-9.257027405740301e-05
2026-01-03 05:00:00,GBPUSD,1.2222765,1.2259470000000001,1.221053,1.2235,1530,1.22288825,-9.257027405740301e-05
2026-01-03 05:00:00,AUDUSD,0.639025335,0.6409443300000001,0.63838567,0.639665,1530,0.6393451675,-9.257027405740301e-05
2026-01-03 05:00:00,USDJPY,145.4691852,145.9060296,145.3235704,145.6148,1530,145.54199260000001,-9.257027405740301e-05
2026-01-03 05:00:00,USDCHF,0.90863046,0.91135908,0.90772092,0.90954,1530,0.9090852300000001,-9.257027405740301e-05
2026-01-03 06:00:00,BTC/USDT,105.2946,105.61080000000001,105.1892,105.4,1540,105.34730000000002,-7.50987246771676e-05
2026-01-03 06:00:00,ETH/USDT,121.89010636675651,122.25614272221225,121.76809424827127,122.01211848524176,1540,121.95111242599914,-7.50987246771676e-05
2026-01-03 06:00:00,SOL/USDT,88.9554915387609,89.22262514698541,88.86644700268606,89.04453607483573,1540,89.00001380679832,-7.50987246771676e-05
2026-01-03 06:00:00,BNB/USDT,103.07908838527504,103.38863519724283,102.97590611461912,103.18227065593098,1540,103.13067952060302,-7.50987246771676e-05
2026-01-03 06:00:00,TRX/USDT,95.65387138050306,95.94112024350757,95.55812175950156,95.74962100150456,1540,95.70174619100382,-7.50987246771676e-05
2026-01-03 06:00:00,EURUSD,1.0692297,1.0724406,1.0681594,1.0703,1540,1.06976485,-7.50987246771676e-05
2026-01-03 06:00:00,GBPUSD,1.2217770000000001,1.225446,1.2205540000000001,1.223,1540,1.2223885,-7.50987246771676e-05
2026-01-03 06:00:00,AUDUSD,0.63883053,0.6407489399999999,0.63819106,0.63947,1540,0.639150265,-7.50987246771676e-05
2026-01-03 06:00:00,USDJPY,145.48077360000002,145.9176528,145.33514720000002,145.62640000000002,1540,145.55358680000003,-7.50987246771676e-05
2026-01-03 06:00:00,USDCHF,0.90881028,0.91153944,0.90790056,0.90972,1540,0.90926514,-7.50987246771676e-05
2026-01-03 07:00:00,BTC/USDT,105.3945,105.711,105.289,105.5,1550,105.44725000000001,-4.935984902873213e-05
2026-01-03 07:00:00,ETH/USDT,122.13299961312852,122.4997653777325,122.01074435826052,122.25525486799651,1550,122.19412724056252,-4.935984902873213e-05
2026-01-03 07:00:00,SOL/USDT,88.91453701783205,89.18154763950722,88.82553347727367,89.00354055839044,1550,88.95903878811124,-4.935984902873213e-05
2026-01-03 07:00:00,BNB/USDT,103.20228387621948,103.51220064461654,103.0989782867538,103.30558946568517,1550,103.25393667095234,-4.935984902873213e-05
2026-01-03 07:00:00,TRX/USDT,95.50282097165736,95.7896162298305,95.40722255226632,95.59841939104841,1550,95.5506201813529,-4.935984902873213e-05
2026-01-03 07:00:00,EURUSD,1.06868025,1.0718895000000002,1.0676105000000002,1.0697500000000002,1550,1.0692151250000002,-4.935984902873213e-05
2026-01-03 07:00:00,GBPUSD,1.2212775,1.224945,1.220055,1.2225,1550,1.22188875,-4.935984902873213e-05
2026-01-03 07:00:00,AUDUSD,0.638635725,0.64055355,0.63799645,0.639275,1550,0.6389553625000001,-4.935984902873213e-05
2026-01-03 07:00:00,USDJPY,145.492362,145.92927600000002,145.346724,145.638,1550,145.56518100000002,-4.935984902873213e-05
2026-01-03 07:00:00,USDCHF,0.9089900999999999,0.9117198,0.9080801999999999,0.9098999999999999,1550,0.90944505,-4.935984902873213e-05
2026-01-03 08:00:00,BTC/USDT,105.49440000000001,105.81120000000001,105.3888,105.60000000000001,1560,105.54720000000002,-1.8187139740326444e-05
2026-01-03 08:00:00,ETH/USDT,122.3688259183192,122.73629987002587,122.24633460108365,122.49131723555476,1560,122.430071576937,-1.8187139740326444e-05
2026-01-03 08:00:00,SOL/USDT,88.87344148716394,89.14032869883711,88.7844790832729,88.962403891055,1560,88.91792268910949,-1.8187139740326444e-05
2026-01-03 08:00:00,BNB/USDT,103.2909700490035,103.60115314224376,103.18757568459009,103.39436441341692,1560,103.34266723121021,-1.8187139740326444e-05
2026-01-03 08:00:00,TRX/USDT,95.35180273311259,95.63814448306188,95.2563554831295,95.44724998309569,1560,95.39952635810414,-1.8187139740326444e-05
2026-01-03 08:00:00,EURUSD,1.0681308,1.0713384000000001,1.0670616000000002,1.0692000000000002,1560,1.0686654000000002,-1.8187139740326444e-05
2026-01-03 08:00:00,GBPUSD,1.220778,1.224444,1.2195559999999999,1.222,1560,1.221389,-1.8187139740326444e-05
2026-01-03 08:00:00,AUDUSD,0.63844092,0.64035816,0.63780184,0.63908,1560,0.63876046,-1.8187139740326444e-05
2026-01-03 08:00:00,USDJPY,145.50395039999998,145.9408992,145.3583008,145.6496,1560,145.57677520000001,-1.8187139740326444e-05
2026-01-03 08:00:00,USDCHF,0.9091699200000001,0.9119001600000001,0.9082598400000002,0.9100800000000001,1560,0.9096249600000001,-1.8187139740326444e-05
2026-01-03 09:00:00,BTC/USDT,105.59429999999999,105.91139999999999,105.48859999999999,105.69999999999999,1570,105.64715,1.4987720966295236e-05
2026-01-03 09:00:00,ETH/USDT,122.60212403065864,122.97029857729726,122.47939918177912,122.72484887953819,1570,122.66348645509842,1.4987720966295236e-05
2026-01-03 09:00:00,SOL/USDT,88.82587790038524,89.09262227846448,88.73696310769215,88.91479269307831,1570,88.87033529673178,1.4987720966295236e-05
2026-01-03 09:00:00,BNB/USDT,103.34273847601897,103.65307703000101,103.23929229135828,103.44618466067965,1570,103.39446156834931,1.4987720966295236e-05
2026-01-03 09:00:00,TRX/USDT,95.2022651833463,95.48815787158458,95.10696762060022,95.2975627460924,1570,95.24991396471935,1.4987720966295236e-05
2026-01-03 09:00:00,EURUSD,1.0675813500000002,1.0707873,1.0665127,1.06865,1570,1.0681156750000003,1.4987720966295236e-05
2026-01-03 09:00:00,GBPUSD,1.2202785,1.223943,1.219057,1.2215,1570,1.2208892500000001,1.4987720966295236e-05
2026-01-03 09:00:00,AUDUSD,0.6382461150000001,0.64016277,0.6376072300000001,0.638885,1570,0.6385655575000001,1.4987720966295236e-05
2026-01-03 09:00:00,USDJPY,145.51553879999997,145.9525224,145.36987759999997,145.66119999999998,1570,145.58836939999998,1.4987720966295236e-05
2026-01-03 09:00:00,USDCHF,0.90934974,0.9120805200000001,0.9084394800000001,0.9102600000000001,1570,0.9098048700000001,1.4987720966295236e-05
2026-01-03 10:00:00,BTC/USDT,105.69420000000001,106.01160000000002,105.58840000000001,105.80000000000001,1580,105.74710000000002,4.651264181338188e-05
2026-01-03 10:00:00,ETH/USDT,122.83750276364282,123.20638415332343,122.71454230041596,122.96046322686969,1580,122.89898299525626,4.651264181338188e-05
2026-01-03 10:00:00,SOL/USDT,88.76577707211057,89.03234096722201,88.67692244040674,88.85463170381438,1580,88.81020438796247,4.651264181338188e-05
2026-01-03 10:00:00,BNB/USDT,103.35747609628149,103.66785890738143,103.25401515924818,103.4609370333148,1580,103.40920656479815,4.651264181338188e-05
2026-01-03 10:00:00,TRX/USDT,95.0556266740541,95.34107900640862,94.96047589660259,95.1507774515056,1580,95.10320206277986,4.651264181338188e-05
2026-01-03 10:00:00,EURUSD,1.0670319000000001,1.0702362,1.0659638,1.0681,1580,1.06756595,4.651264181338188e-05
2026-01-03 10:00:00,GBPUSD,1.2197790000000002,1.2234420000000001,1.218558,1.221,1580,1.2203895000000002,4.651264181338188e-05
2026-01-03 10:00:00,AUDUSD,0.63805131,0.6399673800000001,0.6374126200000001,0.6386900000000001,1580,0.6383706550000001,4.651264181338188e-05
2026-01-03 10:00:00,USDJPY,145.5271272,145.9641456,145.3814544,145.6728,1580,145.5999636,4.651264181338188e-05
2026-01-03 10:00:00,USDCHF,0.9095295600000001,0.91226088,0.90861912,0.91044,1580,0.90998478,4.651264181338188e-05
2026-01-03 11:00:00,BTC/USDT,105.79409999999999,106.11179999999999,105.6882,105.89999999999999,1590,105.84705,7.291716697971409e-05
2026-01-03 11:00:00,ETH/USDT,123.07951326941063,123.44912141736681,122.95631055342524,123.20271598539603,1590,123.14111462740334,7.291716697971409e-05
2026-01-03 11:00:00,SOL/USDT,88.68756963720948,88.95389867515905,88.59879329122629,88.77634598319267,1590,88.73195781020108,7.291716697971409e-05
2026-01-03 11:00:00,BNB/USDT,103.33737224501475,103.64769468418896,103.23393143195668,103.44081305807282,1590,103.38909265154379,7.291716697971409e-05
2026-01-03 11:00:00,TRX/USDT,94.9132464933911,95.19827125763551,94.81823823864296,95.00825474813924,1590,94.96075062076517,7.291716697971409e-05
2026-01-03 11:00:00,EURUSD,1.0664824500000003,1.0696851000000003,1.0654149000000002,1.0675500000000002,1590,1.0670162250000004,7.291716697971409e-05
2026-01-03 11:00:00,GBPUSD,1.2192795,1.222941,1.2180590000000002,1.2205000000000001,1590,1.21988975,7.291716697971409e-05
2026-01-03 11:00:00,AUDUSD,0.637856505,0.6397719900000001,0.63721801,0.638495,1590,0.6381757525,7.291716697971409e-05
2026-01-03 11:00:00,USDJPY,145.53871560000002,145.9757688,145.39303120000002,145.6844,1590,145.6115578,7.291716697971409e-05
2026-01-03 11:00:00,USDCHF,0.9097093800000001,0.9124412400000002,0.90879876,0.9106200000000001,1590,0.9101646900000001,7.291716697971409e-05
2026-01-03 12:00:00,BTC/USDT,105.894,106.212,105.788,106.0,1600,105.947,9.129452507276277e-05
2026-01-03 12:00:00,ETH/USDT,123.3325229102215,123.70289084688883,123.20906693133239,123.45597888911061,1600,123.39425089966606,9.129452507276277e-05
2026-01-03 12:00:00,SOL/USDT,88.586408083819,88.85243333331995,88.49773300065202,88.67508316698598,1600,88.6307456254025,9.129452507276277e-05
2026-01-03 12:00:00,BNB/USDT,103.28678253139017,103.59695304950246,103.18339235868608,103.39017270409427,1600,103.33847761774223,9.129452507276277e-05
2026-01-03 12:00:00,TRX/USDT,94.77639717254304,95.06101097786599,94.68152590410206,94.87126844098403,1600,94.82383280676353,9.129452507276277e-05
2026-01-03 12:00:00,EURUSD,1.065933,1.069134,1.0648659999999999,1.067,1600,1.0664665,9.129452507276277e-05
2026-01-03 12:00:00,GBPUSD,1.21878,1.22244,1.21756,1.22,1600,1.21939,9.129452507276277e-05
2026-01-03 12:00:00,AUDUSD,0.6376617,0.6395765999999999,0.6370234,0.6383,1600,0.63798085,9.129452507276277e-05
2026-01-03 12:00:00,USDJPY,145.550304,145.987392,145.404608,145.696,1600,145.623152,9.129452507276277e-05
2026-01-03 12:00:00,USDCHF,0.9098892000000001,0.9126216,0.9089784000000001,0.9108,1600,0.9103446000000001,9.129452507276277e-05
2026-01-03 13:00:00,BTC/USDT,105.9939,106.31219999999999,105.8878,106.1,1610,106.04695,9.962162427631029e-05
2026-01-03 13:00:00,ETH/USDT,123.60059422340022,123.97176717902605,123.47686990485829,123.72431854194217,1610,123.66245638267121,9.962162427631029e-05
2026-01-03 13:00:00,SOL/USDT,88.45836000834446,88.72400072909024,88.36981310142919,88.54690691525971,1610,88.50263346180209,9.962162427631029e-05
2026-01-03 13:00:00,BNB/USDT,103.21195802784477,103.52190384774822,103.10864275454362,103.31527330114592,1610,103.26361566449536,9.962162427631029e-05
2026-01-03 13:00:00,TRX/USDT,94.64623855983876,94.9304614984569,94.55149758029938,94.74097953937815,1610,94.69360904960845,9.962162427631029e-05
2026-01-03 13:00:00,EURUSD,1.0653835500000002,1.0685829000000002,1.0643171,1.0664500000000001,1610,1.0659167750000003,9.962162427631029e-05
2026-01-03 13:00:00,GBPUSD,1.2182805,1.221939,1.217061,1.2195,1610,1.21889025,9.962162427631029e-05
2026-01-03 13:00:00,AUDUSD,0.637466895,0.63938121,0.63682879,0.638105,1610,0.6377859475000001,9.962162427631029e-05
2026-01-03 13:00:00,USDJPY,145.5618924,145.9990152,145.41618480000002,145.7076,1610,145.63474620000002,9.962162427631029e-05
2026-01-03 13:00:00,USDCHF,0.91006902,0.91280196,0.90915804,0.91098,1610,0.91052451,9.962162427631029e-05
2026-01-03 14:00:00,BTC/USDT,106.0938,106.4124,105.9876,106.2,1620,106.1469,9.698176665334985e-05
2026-01-03 14:00:00,ETH/USDT,123.88737233405901,124.25940648521234,123.76336095034122,124.01138371777678,1620,123.9493780259179,9.698176665334985e-05
2026-01-03 14:00:00,SOL/USDT,88.30056488798127,88.56573174950674,88.21217593413945,88.3889538418231,1620,88.34475936490219,9.698176665334985e-05
2026-01-03 14:00:00,BNB/USDT,103.1206566086735,103.43032825014099,103.01743272818435,103.22388048916267,1620,103.1722685489181,9.698176665334985e-05
2026-01-03 14:00:00,TRX/USDT,94.52379419060458,94.80764942841421,94.42917577800137,94.61841260320779,1620,94.57110339690618,9.698176665334985e-05
2026-01-03 14:00:00,EURUSD,1.0648341000000001,1.0680318,1.0637682000000002,1.0659,1620,1.06536705,9.698176665334985e-05
2026-01-03 14:00:00,GBPUSD,1.2177809999999998,1.2214379999999998,1.216562,1.2189999999999999,1620,1.2183905,9.698176665334985e-05
2026-01-03 14:00:00,AUDUSD,0.6372720900000001,0.6391858200000001,0.63663418,0.6379100000000001,1620,0.6375910450000001,9.698176665334985e-05
2026-01-03 14:00:00,USDJPY,145.5734808,146.0106384,145.4277616,145.7192,1620,145.6463404,9.698176665334985e-05
2026-01-03 14:00:00,USDCHF,0.91024884,0.91298232,0.9093376799999999,0.91116,1620,0.9107044200000001,9.698176665334985e-05
2026-01-03 15:00:00,BTC/USDT,106.19369999999999,106.51259999999999,106.0874,106.3,1630,106.24685000000001,8.366556385360562e-05
2026-01-03 15:00:00,ETH/USDT,124.1959839357883,124.5689448485084,124.07166363154828,124.32030424002834,1630,124.25814408790833,8.366556385360562e-05
2026-01-03 15:00:00,SOL/USDT,88.1113481207324,88.3759467637376,88.02314857306399,88.1995476684008,1630,88.1554478945666,8.366556385360562e-05
2026-01-03 15:00:00,BNB/USDT,103.02166060298032,103.33103495914543,102.91853581759196,103.1247853883687,1630,103.07322299567451,8.366556385360562e-05
2026-01-03 15:00:00,TRX/USDT,94.40993043418861,94.69344373879578,94.31542599931954,94.50443486905766,1630,94.45718265162314,8.366556385360562e-05
2026-01-03 15:00:00,EURUSD,1.06428465,1.0674807,1.0632193,1.06535,1630,1.0648173250000001,8.366556385360562e-05
2026-01-03 15:00:00,GBPUSD,1.2172815,1.220937,1.216063,1.2185,1630,1.21789075,8.366556385360562e-05
2026-01-03 15:00:00,AUDUSD,0.637077285,0.63899043,0.6364395700000001,0.637715,1630,0.6373961425000001,8.366556385360562e-05
2026-01-03 15:00:00,USDJPY,145.5850692,146.02226159999998,145.4393384,145.7308,1630,145.6579346,8.366556385360562e-05
2026-01-03 15:00:00,USDCHF,0.9104286599999999,0.9131626799999999,0.90951732,0.9113399999999999,1630,0.91088433,8.366556385360562e-05
2026-01-03 16:00:00,BTC/USDT,106.29360000000001,106.61280000000001,106.1872,106.4,1640,106.34680000000002,6.113894480825791e-05
2026-01-03 16:00:00,ETH/USDT,124.52895063891873,124.90291145164822,124.40429703467557,124.6536042431619,1640,124.59127744104032,6.113894480825791e-05
2026-01-03 16:00:00,SOL/USDT,87.8902877865054,88.15422258466307,87.80230952045284,87.97826605255796,1640,87.93427691953168,6.113894480825791e-05
2026-01-03 16:00:00,BNB/USDT,102.92423075199096,103.23331252602097,102.82120349398096,103.02725801000096,1640,102.97574438099596,6.113894480825791e-05
2026-01-03 16:00:00,TRX/USDT,94.30533884300297,94.58853805874773,94.21093910442139,94.39973858158456,1640,94.35253871229376,6.113894480825791e-05
2026-01-03 16:00:00,EURUSD,1.0637352,1.0669296,1.0626704,1.0648,1640,1.0642676,6.113894480825791e-05
2026-01-03 16:00:00,GBPUSD,1.216782,1.220436,1.2155639999999999,1.218,1640,1.2173910000000001,6.113894480825791e-05
2026-01-03 16:00:00,AUDUSD,0.63688248,0.63879504,0.63624496,0.63752,1640,0.63720124,6.113894480825791e-05
2026-01-03 16:00:00,USDJPY,145.59665760000001,146.0338848,145.4509152,145.7424,1640,145.66952880000002,6.113894480825791e-05
2026-01-03 16:00:00,USDCHF,0.9106084799999999,0.91334304,0.90969696,0.91152,1640,0.9110642400000001,6.113894480825791e-05
2026-01-03 17:00:00,BTC/USDT,106.3935,106.713,106.287,106.5,1650,106.44675000000001,3.188177732022747e-05
2026-01-03 17:00:00,ETH/USDT,124.88811908778011,125.26315848444011,124.76310595556012,125.01313222000012,1650,124.95062565389013,3.188177732022747e-05
2026-01-03 17:00:00,SOL/USDT,87.638231467735,87.90140934001047,87.55050551030985,87.72595742516016,1650,87.68209444644758,3.188177732022747e-05
2026-01-03 17:00:00,BNB/USDT,102.83753042101723,103.14635183369296,102.73458995012533,102.94047089190914,1650,102.8890006564632,3.188177732022747e-05
2026-01-03 17:00:00,TRX/USDT,94.21052206319524,94.4934365438655,94.11621723630515,94.30482689008532,1650,94.25767447664029,3.188177732022747e-05
2026-01-03 17:00:00,EURUSD,1.0631857500000002,1.0663785000000001,1.0621215000000002,1.0642500000000001,1650,1.0637178750000003,3.188177732022747e-05
2026-01-03 17:00:00,GBPUSD,1.2162825,1.219935,1.215065,1.2175,1650,1.2168912500000002,3.188177732022747e-05
2026-01-03 17:00:00,AUDUSD,0.636687675,0.6385996500000001,0.63605035,0.637325,1650,0.6370063375,3.188177732022747e-05
2026-01-03 17:00:00,USDJPY,145.608246,146.045508,145.46249200000003,145.75400000000002,1650,145.681123,3.188177732022747e-05
2026-01-03 17:00:00,USDCHF,0.9107883,0.9135234,0.9098765999999999,0.9117,1650,0.91124415,3.188177732022747e-05
2026-01-03 18:00:00,BTC/USDT,106.49340000000001,106.81320000000001,106.38680000000001,106.60000000000001,1660,106.54670000000002,-8.851309290403877e-07
2026-01-03 18:00:00,ETH/USDT,125.27460978365585,125.6508098130362,125.1492097738624,125.4000097934493,1660,125.33730978855259,-8.851309290403877e-07
2026-01-03 18:00:00,SOL/USDT,87.35726245894624,87.61959658044458,87.26981775178012,87.44470716611235,1660,87.4009848125293,-8.851309290403877e-07
2026-01-03 18:00:00,BNB/USDT,102.77005586578395,103.07867465216768,102.66718293698938,102.87292879457853,1660,102.82149233018124,-8.851309290403877e-07
2026-01-03 18:00:00,TRX/USDT,94.12578359399758,94.40844360479038,94.03156359039998,94.22000359759518,1660,94.17289359579638,-8.851309290403877e-07
2026-01-03 18:00:00,EURUSD,1.0626363,1.0658274,1.0615726,1.0637,1660,1.06316815,-8.851309290403877e-07
2026-01-03 18:00:00,GBPUSD,1.215783,1.2194340000000001,1.214566,1.217,1660,1.2163915,-8.851309290403877e-07
2026-01-03 18:00:00,AUDUSD,0.63649287,0.63840426,0.63585574,0.63713,1660,0.636811435,-8.851309290403877e-07
2026-01-03 18:00:00,USDJPY,145.6198344,146.05713120000001,145.4740688,145.7656,1660,145.6927172,-8.851309290403877e-07
2026-01-03 18:00:00,USDCHF,0.9109681200000002,0.9137037600000001,0.9100562400000002,0.9118800000000001,1660,0.9114240600000002,-8.851309290403877e-07
2026-01-03 19:00:00,BTC/USDT,106.59329999999999,106.9134,106.48659999999998,106.69999999999999,1670,106.64665,-3.3554598559816936e-05
2026-01-03 19:00:00,ETH/USDT,125.68878603172912,126.06622983362621,125.56297143109677,125.81460063236149,1670,125.75169333204532,-3.3554598559816936e-05
2026-01-03 19:00:00,SOL/USDT,87.05061671237594,87.31202997577647,86.96347895790909,87.13775446684278,1670,87.09418558960937,-3.3554598559816936e-05
2026-01-03 19:00:00,BNB/USDT,102.72910797639894,103.03760379614788,102.62627603648262,102.83193991631525,1670,102.78052394635709,-3.3554598559816936e-05
2026-01-03 19:00:00,TRX/USDT,94.05122160439153,94.33365770530561,93.95707623742017,94.14536697136289,1670,94.09829428787721,-3.3554598559816936e-05
2026-01-03 19:00:00,EURUSD,1.06208685,1.0652763,1.0610237,1.06315,1670,1.0626184250000001,-3.3554598559816936e-05
2026-01-03 19:00:00,GBPUSD,1.2152835,1.2189329999999998,1.214067,1.2165,1670,1.21589175,-3.3554598559816936e-05
2026-01-03 19:00:00,AUDUSD,0.6362980650000001,0.63820887,0.63566113,0.636935,1670,0.6366165325,-3.3554598559816936e-05
2026-01-03 19:00:00,USDJPY,145.6314228,146.0687544,145.4856456,145.7772,1670,145.7043114,-3.3554598559816936e-05
2026-01-03 19:00:00,USDCHF,0.9111479400000001,0.9138841200000001,0.9102358800000001,0.9120600000000001,1670,0.9116039700000002,-3.3554598559816936e-05
2026-01-03 20:00:00,BTC/USDT,106.6932,107.01360000000001,106.58640000000001,106.80000000000001,1680,106.74660000000002,-6.253017105076292e-05
2026-01-03 20:00:00,ETH/USDT,126.13024387261154,126.5090133737305,126.00398737223857,126.25650037298453,1680,126.19337212279805,-6.253017105076292e-05
2026-01-03 20:00:00,SOL/USDT,86.72255383076856,86.98298192035045,86.6357444675746,86.80936319396253,1680,86.76595851236554,-6.253017105076292e-05
2026-01-03 20:00:00,BNB/USDT,102.7203383433674,103.02880782788202,102.61751518186253,102.82316150487227,1680,102.77174992411985,-6.253017105076292e-05
2026-01-03 20:00:00,TRX/USDT,93.98672693306423,94.26896935628665,93.89264612532344,94.08080774080504,1680,94.03376733693464,-6.253017105076292e-05
2026-01-03 20:00:00,EURUSD,1.0615374,1.0647252,1.0604748,1.0626,1680,1.0620687,-6.253017105076292e-05
2026-01-03 20:00:00,GBPUSD,1.2147839999999999,1.218432,1.213568,1.216,1680,1.215392,-6.253017105076292e-05
2026-01-03 20:00:00,AUDUSD,0.6361032600000001,0.6380134800000001,0.63546652,0.6367400000000001,1680,0.6364216300000001,-6.253017105076292e-05
2026-01-03 20:00:00,USDJPY,145.64301120000002,146.08037760000002,145.4972224,145.7888,1680,145.7159056,-6.253017105076292e-05
2026-01-03 20:00:00,USDCHF,0.91132776,0.9140644800000001,0.91041552,0.91224,1680,0.9117838800000001,-6.253017105076292e-05
2026-01-03 21:00:00,BTC/USDT,106.7931,107.1138,106.68619999999999,106.89999999999999,1690,106.84655,-8.462204041751706e-05
2026-01-03 21:00:00,ETH/USDT,126.59782327748626,126.9779969209622,126.47109872966095,126.72454782531157,1690,126.66118555139893,-8.462204041751706e-05
2026-01-03 21:00:00,SOL/USDT,86.37818725045688,86.63758120616396,86.29172259855451,86.46465190235924,1690,86.42141957640806,-8.462204041751706e-05
2026-01-03 21:00:00,BNB/USDT,102.74739786906729,103.05594861341883,102.64454762095009,102.85024811718446,1690,102.79882299312588,-8.462204041751706e-05
2026-01-03 21:00:00,TRX/USDT,93.93198531240431,94.2140633463755,93.83795930108059,94.02601132372804,1690,93.97899831806619,-8.462204041751706e-05
2026-01-03 21:00:00,EURUSD,1.0609879500000001,1.0641741000000002,1.0599259,1.0620500000000002,1690,1.0615189750000003,-8.462204041751706e-05
2026-01-03 21:00:00,GBPUSD,1.2142845,1.217931,1.213069,1.2155,1690,1.2148922500000001,-8.462204041751706e-05
2026-01-03 21:00:00,AUDUSD,0.635908455,0.63781809,0.63527191,0.636545,1690,0.6362267275000001,-8.462204041751706e-05
2026-01-03 21:00:00,USDJPY,145.65459959999998,146.0920008,145.5087992,145.8004,1690,145.7274998,-8.462204041751706e-05
2026-01-03 21:00:00,USDCHF,0.91150758,0.9142448400000001,0.91059516,0.91242,1690,0.91196379,-8.462204041751706e-05
2026-01-03 22:00:00,BTC/USDT,106.893,107.214,106.786,107.0,1700,106.9465,-9.739819875695561e-05
2026-01-03 22:00:00,ETH/USDT,127.08964029660964,127.47129086807094,126.96242343945589,127.21685715376341,1700,127.15324872518654,-9.739819875695561e-05
2026-01-03 22:00:00,SOL/USDT,86.0232803847917,86.2816085541154,85.93717099501714,86.10938977456627,1700,86.06633507967899,-9.739819875695561e-05
2026-01-03 22:00:00,BNB/USDT,102.81170977232239,103.12045364551254,102.70879514792567,102.9146243967191,1700,102.86316708452075,-9.739819875695561e-05
2026-01-03 22:00:00,TRX/USDT,93.88648377122631,94.1684251639327,93.79250330699084,93.98046423546177,1700,93.93347400334405,-9.739819875695561e-05
2026-01-03 22:00:00,EURUSD,1.0604385,1.0636230000000002,1.059377,1.0615,1700,1.06096925,-9.739819875695561e-05
2026-01-03 22:00:00,GBPUSD,1.213785,1.2174299999999998,1.21257,1.2149999999999999,1700,1.2143925,-9.739819875695561e-05
2026-01-03 22:00:00,AUDUSD,0.63571365,0.6376227,0.6350773,0.63635,1700,0.636031825,-9.739819875695561e-05
2026-01-03 22:00:00,USDJPY,145.666188,146.10362400000002,145.520376,145.812,1700,145.73909400000002,-9.739819875695561e-05
2026-01-03 22:00:00,USDCHF,0.9116874,0.9144252,0.9107748000000001,0.9126000000000001,1700,0.9121437000000001,-9.739819875695561e-05
2026-01-03 23:00:00,BTC/USDT,106.99289999999999,107.3142,106.88579999999999,107.1,1710,107.04645000000001,-9.945216853034029e-05
2026-01-03 23:00:00,ETH/USDT,127.60313927022179,127.98633188064288,127.47540840008143,127.73087014036216,1710,127.66700470529199,-9.945216853034029e-05
2026-01-03 23:00:00,SOL/USDT,85.66401685503908,85.92126615490406,85.57826708841742,85.74976662166074,1710,85.70689173834991,-9.945216853034029e-05
2026-01-03 23:00:00,BNB/USDT,102.91238109954905,103.2214272890372,102.809365703053,103.0153964960451,1710,102.96388879779708,-9.945216853034029e-05
2026-01-03 23:00:00,TRX/USDT,93.84952108577853,94.13135147942953,93.75557762122821,93.94346455032887,1710,93.89649281805372,-9.945216853034029e-05
2026-01-03 23:00:00,EURUSD,1.05988905,1.0630719,1.0588281000000002,1.06095,1710,1.0604195250000001,-9.945216853034029e-05
2026-01-03 23:00:00,GBPUSD,1.2132855000000002,1.2169290000000001,1.2120710000000001,1.2145000000000001,1710,1.2138927500000003,-9.945216853034029e-05
2026-01-03 23:00:00,AUDUSD,0.635518845,0.6374273100000001,0.63488269,0.636155,1710,0.6358369225,-9.945216853034029e-05
2026-01-03 23:00:00,USDJPY,145.6777764,146.1152472,145.5319528,145.8236,1710,145.7506882,-9.945216853034029e-05
2026-01-03 23:00:00,USDCHF,0.9118672200000001,0.91460556,0.91095444,0.91278,1710,0.9123236100000001,-9.945216853034029e-05
