profile_id,profile_kind,candidate_tier,weights,leverage_map,gross_notional_fraction,train_return,validation_return,locked_oos_return_report_only,train_mdd,validation_mdd,locked_oos_mdd_report_only,train_trade_event_count,validation_trade_event_count,locked_oos_trade_event_count_report_only,train_return_per_turnover_proxy_bps,validation_return_per_turnover_proxy_bps,locked_oos_return_per_turnover_proxy_bps_report_only,train_liquidation_count,validation_liquidation_count,locked_oos_liquidation_count_report_only,train_account_wipeout_count,validation_account_wipeout_count,locked_oos_account_wipeout_count_report_only,train_validation_score,paper_testnet_candidate,strict_promotion_profile,promotion_gate_pass,ready_for_paper,ready_for_real,real_money_execution,selection_reasons,report_only_gate_reasons
hybrid_mdd20_three_profile_blend,hybrid_train_validation_selected,hybrid_relaxed_paper_testnet_candidate,"{""aggressive_mdd30_gross10_shadow"": 0.8, ""balanced_mdd12_gross5"": 0.1, ""growth_mdd20_gross8"": 0.1}",{},4.41,3.8187540644007933,1.0366812250535444,0.2490140427131191,0.5125069087396452,0.2673999258204425,0.11257474928511402,3363,789,362,37.832107989447074,43.61392646263255,21.962783799005038,0,0,0,0,0,0,10.29586797790977,False,False,False,False,False,False,validation_mdd_0.2674_above_0.2000;train_mdd_0.5125_above_0.4500,
hybrid_mdd20_three_profile_blend,hybrid_train_validation_selected,hybrid_relaxed_paper_testnet_candidate,"{""aggressive_mdd30_gross10_shadow"": 0.75, ""balanced_mdd12_gross5"": 0.1, ""growth_mdd20_gross8"": 0.15}",{},4.36,3.746370870567773,1.0144204317841794,0.24708052773380573,0.5062805356581261,0.2625556269443926,0.11099864658126635,3363,789,362,37.70141613440516,43.37261610552961,22.045014965542983,0,0,0,0,0,0,10.075477175431855,False,False,False,False,False,False,validation_mdd_0.2626_above_0.2000;train_mdd_0.5063_above_0.4500,
hybrid_mdd20_three_profile_blend,hybrid_train_validation_selected,hybrid_relaxed_paper_testnet_candidate,"{""aggressive_mdd30_gross10_shadow"": 0.7, ""balanced_mdd12_gross5"": 0.1, ""growth_mdd20_gross8"": 0.2}",{},4.3100000000000005,3.6714469921984136,0.9921123197546395,0.24512446975072666,0.5000256001329291,0.2576992759804626,0.10942812812594938,3363,789,362,37.540549718540625,43.121256970754736,22.127141158216887,0,0,0,0,0,0,9.854456191117004,False,False,False,False,False,False,validation_mdd_0.2577_above_0.2000;train_mdd_0.5000_above_0.4500,
hybrid_mdd20_three_profile_blend,hybrid_train_validation_selected,hybrid_relaxed_paper_testnet_candidate,"{""aggressive_mdd30_gross10_shadow"": 0.75, ""balanced_mdd12_gross5"": 0.15, ""growth_mdd20_gross8"": 0.1}",{},4.215,3.6060424892779714,0.9909198958862839,0.23760835962538618,0.5004759425849746,0.25871721810616843,0.1092691555756099,3363,789,362,37.368606380650334,43.59476450484635,21.935779138237276,0,0,0,0,0,0,9.84376020096655,False,False,False,False,False,False,validation_mdd_0.2587_above_0.2000;train_mdd_0.5005_above_0.4500,
hybrid_mdd20_three_profile_blend,hybrid_train_validation_selected,hybrid_relaxed_paper_testnet_candidate,"{""aggressive_mdd30_gross10_shadow"": 0.65, ""balanced_mdd12_gross5"": 0.1, ""growth_mdd20_gross8"": 0.25}",{},4.260000000000001,3.5941368340729625,0.9697638490782974,0.24314598004135246,0.493742969749846,0.2528310516772977,0.10786323304828271,3363,789,362,37.34963638045467,42.85964904330309,22.209168801731135,0,0,0,0,0,0,9.632876338792922,False,False,False,False,False,False,validation_mdd_0.2528_above_0.2000;train_mdd_0.4937_above_0.4500,
hybrid_mdd20_three_profile_blend,hybrid_train_validation_selected,hybrid_relaxed_paper_testnet_candidate,"{""aggressive_mdd30_gross10_shadow"": 0.7, ""balanced_mdd12_gross5"": 0.15, ""growth_mdd20_gross8"": 0.15}",{},4.165,3.534222101310034,0.9689209274304753,0.23567627740889474,0.49413933255917564,0.2538308609662162,0.10769163567227591,3363,789,362,37.23006450920063,43.35362159492937,22.02170411221218,0,0,0,0,0,0,9.626256207441102,False,False,False,False,False,False,validation_mdd_0.2538_above_0.2000;train_mdd_0.4941_above_0.4500,
hybrid_mdd20_three_profile_blend,hybrid_train_validation_selected,hybrid_relaxed_paper_testnet_candidate,"{""aggressive_mdd30_gross10_shadow"": 0.6, ""balanced_mdd12_gross5"": 0.1, ""growth_mdd20_gross8"": 0.3}",{},4.21,3.514597832191887,0.947381918449429,0.2411451710684589,0.4874335301628815,0.2479511349159116,0.10630400040116439,3363,789,362,37.12884424903879,42.587575844527166,22.29110473918089,0,0,0,0,0,0,9.410808322405003,False,False,False,False,False,False,validation_mdd_0.2480_above_0.2000;train_mdd_0.4874_above_0.4500,
hybrid_mdd20_three_profile_blend,hybrid_train_validation_selected,hybrid_relaxed_paper_testnet_candidate,"{""aggressive_mdd30_gross10_shadow"": 0.65, ""balanced_mdd12_gross5"": 0.15, ""growth_mdd20_gross8"": 0.2}",{},4.115,3.4600571525808537,0.9468809477850455,0.23372190356094236,0.487774491321466,0.24893250181757942,0.10611973644683048,3363,789,362,37.06174966680703,43.10224746099691,22.107633707996815,0,0,0,0,0,0,9.408188317274131,False,False,False,False,False,False,validation_mdd_0.2489_above_0.2000;train_mdd_0.4878_above_0.4500,
hybrid_mdd20_three_profile_blend,hybrid_train_validation_selected,hybrid_relaxed_paper_testnet_candidate,"{""aggressive_mdd30_gross10_shadow"": 0.7, ""balanced_mdd12_gross5"": 0.2, ""growth_mdd20_gross8"": 0.1}",{},4.0200000000000005,3.395513475271665,0.9456599716333858,0.22625166333999425,0.4882800161200638,0.24996596119199566,0.10596512348708576,3363,789,362,36.88410123151094,43.59688219230952,21.91087190974184,0,0,0,0,0,0,9.39723020919195,False,False,False,False,False,False,validation_mdd_0.2500_above_0.2000;train_mdd_0.4883_above_0.4500,
hybrid_mdd20_three_profile_blend,hybrid_train_validation_selected,hybrid_relaxed_paper_testnet_candidate,"{""aggressive_mdd30_gross10_shadow"": 0.6, ""balanced_mdd12_gross5"": 0.15, ""growth_mdd20_gross8"": 0.25}",{},4.0649999999999995,3.3836991299637527,0.9248067737834853,0.23174534921949919,0.48138231338698234,0.24402232214873,0.10455349709639583,3363,789,362,36.86378448417166,42.840416161553016,22.19357874157242,0,0,0,0,0,0,9.189626132876187,False,False,False,False,False,False,validation_mdd_0.2440_above_0.2000;train_mdd_0.4814_above_0.4500,
hybrid_mdd20_three_profile_blend,hybrid_train_validation_selected,hybrid_relaxed_paper_testnet_candidate,"{""aggressive_mdd30_gross10_shadow"": 0.55, ""balanced_mdd12_gross5"": 0.1, ""growth_mdd20_gross8"": 0.35}",{},4.16,3.432989924607802,0.9249733619574121,0.23912215646971746,0.4810981849653678,0.24305970870577376,0.10475046915976427,3363,789,362,36.87837967340895,42.30480285199351,22.372956256522965,0,0,0,0,0,0,9.188322184063017,False,False,False,False,False,False,validation_mdd_0.2431_above_0.2000;train_mdd_0.4811_above_0.4500,
hybrid_mdd20_three_profile_blend,hybrid_train_validation_selected,hybrid_relaxed_paper_testnet_candidate,"{""aggressive_mdd30_gross10_shadow"": 0.65, ""balanced_mdd12_gross5"": 0.2, ""growth_mdd20_gross8"": 0.15}",{},3.9700000000000006,3.3244639540094214,0.9239281369176942,0.22432122843333113,0.4818331039862963,0.24503744131270477,0.10438622208111592,3363,789,362,36.7388738300724,43.356552647475084,22.00090510330827,0,0,0,0,0,0,9.182677541952271,False,False,False,False,False,False,validation_mdd_0.2450_above_0.2000;train_mdd_0.4818_above_0.4500,
hybrid_mdd20_three_profile_blend,hybrid_train_validation_selected,hybrid_relaxed_paper_testnet_candidate,"{""aggressive_mdd30_gross10_shadow"": 0.55, ""balanced_mdd12_gross5"": 0.15, ""growth_mdd20_gross8"": 0.3}",{},4.015000000000001,3.3053020680993557,0.9027051590706281,0.22974672669186802,0.47496371147739724,0.23910050559138707,0.10299295674086129,3363,789,362,36.6363283678301,42.56788253796066,22.279550687729635,0,0,0,0,0,0,8.970638596573911,False,False,False,False,False,False,validation_mdd_0.2391_above_0.2000;train_mdd_0.4750_above_0.4500,
hybrid_mdd20_three_profile_blend,hybrid_train_validation_selected,hybrid_relaxed_paper_testnet_candidate,"{""aggressive_mdd30_gross10_shadow"": 0.6, ""balanced_mdd12_gross5"": 0.2, ""growth_mdd20_gross8"": 0.2}",{},3.92,3.251259996183915,0.9021614028836096,0.22236875196921324,0.4753583238027652,0.24009697217442771,0.10281297784827681,3363,789,362,36.56428880423662,43.10580547965071,22.09107410780978,0,0,0,0,0,0,8.967625207341083,False,False,False,False,False,False,validation_mdd_0.2401_above_0.2000;train_mdd_0.4754_above_0.4500,
hybrid_mdd20_three_profile_blend,hybrid_train_validation_selected,hybrid_relaxed_paper_testnet_candidate,"{""aggressive_mdd30_gross10_shadow"": 0.5, ""balanced_mdd12_gross5"": 0.1, ""growth_mdd20_gross8"": 0.4}",{},4.11,3.3494750213855493,0.9025449459824366,0.23707705104717602,0.47503912656710223,0.238156958180622,0.10320267822003037,3363,789,362,36.598484709658045,42.01107575499507,22.4547311088441,0,0,0,0,0,0,8.965261297727189,False,False,False,False,False,False,validation_mdd_0.2382_above_0.2000;train_mdd_0.4750_above_0.4500,
hybrid_mdd20_three_profile_blend,hybrid_train_validation_selected,hybrid_relaxed_paper_testnet_candidate,"{""aggressive_mdd30_gross10_shadow"": 0.65, ""balanced_mdd12_gross5"": 0.25, ""growth_mdd20_gross8"": 0.1}",{},3.8250000000000006,3.1877392824400905,0.9009143743303005,0.21494447676593742,0.47592136358149273,0.2411460756367365,0.10266276372213012,3363,789,362,36.38193060777619,43.62411777841105,21.88843958919933,0,0,0,0,0,0,8.956448994961235,False,False,False,False,False,False,validation_mdd_0.2411_above_0.2000;train_mdd_0.4759_above_0.4500,
hybrid_mdd20_three_profile_blend,hybrid_train_validation_selected,hybrid_relaxed_paper_testnet_candidate,"{""aggressive_mdd30_gross10_shadow"": 0.55, ""balanced_mdd12_gross5"": 0.2, ""growth_mdd20_gross8"": 0.25}",{},3.87,3.1760497406594155,0.8803664424383693,0.22039434493325905,0.46885659732635254,0.23514473802587776,0.10124543005285591,3363,789,362,36.36045908550087,42.84438594697144,22.181395424039756,0,0,0,0,0,0,8.752141053284547,False,False,False,False,False,False,validation_mdd_0.2351_above_0.2000;train_mdd_0.4689_above_0.4500,
hybrid_mdd20_three_profile_blend,hybrid_train_validation_selected,hybrid_relaxed_paper_testnet_candidate,"{""aggressive_mdd30_gross10_shadow"": 0.5, ""balanced_mdd12_gross5"": 0.15, ""growth_mdd20_gross8"": 0.35}",{},3.9650000000000003,3.225022037069416,0.880582791025369,0.22772614944428926,0.4685196163821106,0.23416723791637972,0.10143815442137227,3363,789,362,36.3795749774467,42.284380308777514,22.365561721104818,0,0,0,0,0,0,8.75129393679784,False,False,False,False,False,False,validation_mdd_0.2342_above_0.2000;train_mdd_0.4685_above_0.4500,
hybrid_mdd20_three_profile_blend,hybrid_train_validation_selected,hybrid_relaxed_paper_testnet_candidate,"{""aggressive_mdd30_gross10_shadow"": 0.6, ""balanced_mdd12_gross5"": 0.25, ""growth_mdd20_gross8"": 0.15}",{},3.775,3.1176552970282163,0.8794546567745003,0.21301590113307856,0.46936415019218536,0.23617529188853958,0.10108251668413792,3363,789,362,36.23126770613422,43.38540294633896,21.98306513241265,0,0,0,0,0,0,8.744909997764632,False,False,False,False,False,False,validation_mdd_0.2362_above_0.2000;train_mdd_0.4694_above_0.4500,
hybrid_mdd20_three_profile_blend,hybrid_train_validation_selected,hybrid_relaxed_paper_testnet_candidate,"{""aggressive_mdd30_gross10_shadow"": 0.45, ""balanced_mdd12_gross5"": 0.1, ""growth_mdd20_gross8"": 0.45}",{},4.06,3.2642164761186594,0.8801033661741535,0.23500997075664598,0.46951146312165704,0.23324307059395522,0.10166066639720805,3363,789,362,36.289434361710285,41.706118525016166,22.536437548585155,0,0,0,0,0,0,8.741503594625847,False,False,False,False,False,False,validation_mdd_0.2332_above_0.2000;train_mdd_0.4695_above_0.4500,
hybrid_mdd20_three_profile_blend,hybrid_train_validation_selected,hybrid_relaxed_paper_testnet_candidate,"{""aggressive_mdd30_gross10_shadow"": 0.5, ""balanced_mdd12_gross5"": 0.2, ""growth_mdd20_gross8"": 0.3}",{},3.8200000000000003,3.0989834161767282,0.8585498636538094,0.21839811946454213,0.4623288646491275,0.2301809252697372,0.09968361788087932,3363,789,362,36.127530236733094,42.57201684205927,22.271886545435667,0,0,0,0,0,0,8.536292213973601,False,False,False,False,False,False,validation_mdd_0.2302_above_0.2000;train_mdd_0.4623_above_0.4500,
hybrid_mdd20_three_profile_blend,hybrid_train_validation_selected,hybrid_relaxed_paper_testnet_candidate,"{""aggressive_mdd30_gross10_shadow"": 0.55, ""balanced_mdd12_gross5"": 0.25, ""growth_mdd20_gross8"": 0.2}",{},3.7250000000000005,3.0456004484182566,0.8579659561820165,0.2110655327034432,0.46277946438977857,0.23119261432983407,0.09950796337920953,3363,789,362,36.05167510667779,43.13608548031104,22.077984592410374,0,0,0,0,0,0,8.532933536082954,False,False,False,False,False,False,validation_mdd_0.2312_above_0.2000;train_mdd_0.4628_above_0.4500,
hybrid_mdd20_three_profile_blend,hybrid_train_validation_selected,hybrid_relaxed_paper_testnet_candidate,"{""aggressive_mdd30_gross10_shadow"": 0.45, ""balanced_mdd12_gross5"": 0.15, ""growth_mdd20_gross8"": 0.4}",{},3.915,3.1430166309857954,0.8584462877651491,0.22568373209146064,0.4625938294829943,0.22922270702920078,0.09988912909883141,3363,789,362,36.093749440719755,41.98961995500686,22.45162476039203,0,0,0,0,0,0,8.531252473315748,False,False,False,False,False,False,validation_mdd_0.2292_above_0.2000;train_mdd_0.4626_above_0.4500,
hybrid_mdd20_three_profile_blend,hybrid_train_validation_selected,hybrid_relaxed_paper_testnet_candidate,"{""aggressive_mdd30_gross10_shadow"": 0.6, ""balanced_mdd12_gross5"": 0.3, ""growth_mdd20_gross8"": 0.1}",{},3.63,2.9832523939507802,0.8566953030459614,0.20368731236925353,0.4634023962379269,0.23225748857227746,0.09971599875336112,3363,789,362,35.865667136949824,43.68108619737215,21.86894055929284,0,0,0,0,0,0,8.521585569996825,False,False,False,False,False,False,validation_mdd_0.2323_above_0.2000;train_mdd_0.4634_above_0.4500,
hybrid_mdd20_three_profile_blend,hybrid_train_validation_selected,hybrid_relaxed_paper_testnet_candidate,"{""aggressive_mdd30_gross10_shadow"": 0.4, ""balanced_mdd12_gross5"": 0.1, ""growth_mdd20_gross8"": 0.5}",{},4.01,3.1773785613819188,0.8576552445149721,0.23292103269695819,0.4639790198951954,0.2283182353142691,0.10012447242434896,3363,789,362,35.95153357262622,41.38963127741582,22.61808435589029,0,0,0,0,0,0,8.517519656466607,False,False,False,False,False,False,validation_mdd_0.2283_above_0.2000;train_mdd_0.4640_above_0.4500,
hybrid_mdd20_three_profile_blend,hybrid_train_validation_selected,hybrid_relaxed_paper_testnet_candidate,"{""aggressive_mdd30_gross10_shadow"": 0.5, ""balanced_mdd12_gross5"": 0.25, ""growth_mdd20_gross8"": 0.25}",{},3.6750000000000003,2.9717191386557498,0.8364548010452775,0.20909348229763913,0.45616825547145534,0.2261982299898574,0.0979391431379224,3363,789,362,35.84325102785592,42.87587882592567,22.17322187673798,0,0,0,0,0,0,8.32058565985359,False,False,False,False,False,False,validation_mdd_0.2262_above_0.2000;train_mdd_0.4562_above_0.4500,
hybrid_mdd20_three_profile_blend,hybrid_train_validation_selected,hybrid_relaxed_paper_testnet_candidate,"{""aggressive_mdd30_gross10_shadow"": 0.45, ""balanced_mdd12_gross5"": 0.2, ""growth_mdd20_gross8"": 0.35}",{},3.77,3.0202128471956637,0.8367182067968741,0.2163801888452579,0.45577608404945036,0.2252057224582673,0.0981275804385986,3363,789,362,35.865677625855476,42.28839617895856,22.36256602369346,0,0,0,0,0,0,8.320145053477644,False,False,False,False,False,False,validation_mdd_0.2252_above_0.2000;train_mdd_0.4558_above_0.4500,
hybrid_mdd20_three_profile_blend,hybrid_train_validation_selected,hybrid_relaxed_paper_testnet_candidate,"{""aggressive_mdd30_gross10_shadow"": 0.55, ""balanced_mdd12_gross5"": 0.3, ""growth_mdd20_gross8"": 0.15}",{},3.58,2.9143146110758096,0.8355123628081096,0.2017608053796376,0.456734949798539,0.2272443432171667,0.09780372798160508,3363,789,362,35.710919954120094,43.44499195632736,21.968728808758446,0,0,0,0,0,0,8.31312080256019,False,False,False,False,False,False,validation_mdd_0.2272_above_0.2000;train_mdd_0.4567_above_0.4500,
hybrid_mdd20_three_profile_blend,hybrid_train_validation_selected,hybrid_relaxed_paper_testnet_candidate,"{""aggressive_mdd30_gross10_shadow"": 0.4, ""balanced_mdd12_gross5"": 0.15, ""growth_mdd20_gross8"": 0.45}",{},3.865,3.0594444598068096,0.8363021952335736,0.22361959038592927,0.45698067758695393,0.22426710296527597,0.09834591965240458,3363,789,362,35.77910529921394,41.68328636853817,22.537753516017865,0,0,0,0,0,0,8.310735819093635,False,False,False,False,False,False,validation_mdd_0.2243_above_0.2000;train_mdd_0.4570_above_0.4500,
hybrid_mdd20_three_profile_blend,hybrid_train_validation_selected,hybrid_relaxed_paper_testnet_candidate,"{""aggressive_mdd30_gross10_shadow"": 0.35, ""balanced_mdd12_gross5"": 0.1, ""growth_mdd20_gross8"": 0.55}",{},3.96,3.089125950438423,0.8352071264693401,0.23081035509922465,0.4584428022916295,0.22338264381997097,0.09859413495080593,3363,789,362,35.585113961472224,41.061287897020236,22.699680871284883,0,0,0,0,0,0,8.293376310854523,False,False,False,False,False,False,validation_mdd_0.2234_above_0.2000;train_mdd_0.4584_above_0.4500,
hybrid_mdd20_three_profile_blend,hybrid_train_validation_selected,hybrid_relaxed_paper_testnet_candidate,"{""aggressive_mdd30_gross10_shadow"": 0.45, ""balanced_mdd12_gross5"": 0.25, ""growth_mdd20_gross8"": 0.3}",{},3.625,2.89615742848484,0.8149276534956456,0.20709986187395413,0.44953149118826197,0.22119232806235822,0.09637609521157664,3363,789,362,35.606121663842146,42.604470128250604,22.268802352038076,0,0,0,0,0,0,8.10793164727394,False,False,False,False,False,False,validation_mdd_0.2212_above_0.2000,
hybrid_mdd20_three_profile_blend,hybrid_train_validation_selected,hybrid_relaxed_paper_testnet_candidate,"{""aggressive_mdd30_gross10_shadow"": 0.5, ""balanced_mdd12_gross5"": 0.3, ""growth_mdd20_gross8"": 0.2}",{},3.5300000000000002,2.8435825088123776,0.8143061605625799,0.1998127530259537,0.45004045957915495,0.22221936222695038,0.09620480446874502,3363,789,362,35.52768366239219,43.198119973612364,22.069002984973903,0,0,0,0,0,0,8.104278803766945,False,False,False,False,False,False,validation_mdd_0.2222_above_0.2000;train_mdd_0.4500_above_0.4500,
hybrid_mdd20_three_profile_blend,hybrid_train_validation_selected,hybrid_relaxed_paper_testnet_candidate,"{""aggressive_mdd30_gross10_shadow"": 0.4, ""balanced_mdd12_gross5"": 0.2, ""growth_mdd20_gross8"": 0.4}",{},3.72,2.9398909622957095,0.8148779414419616,0.2143406674901882,0.4499922311175958,0.220219320288632,0.09657735675100532,3363,789,362,35.57510330831338,41.9931946117991,22.45345353972221,0,0,0,0,0,0,8.103170357965467,False,False,False,False,False,False,validation_mdd_0.2202_above_0.2000,
hybrid_mdd20_three_profile_blend,hybrid_train_validation_selected,hybrid_relaxed_paper_testnet_candidate,"{""aggressive_mdd30_gross10_shadow"": 0.55, ""balanced_mdd12_gross5"": 0.35, ""growth_mdd20_gross8"": 0.1}",{},3.4350000000000005,2.782544022955634,0.8130142383799592,0.19248067217367204,0.4507257042183094,0.22335878321033387,0.09739861871262079,3363,789,362,35.33916518281311,43.77339659886984,21.852937349417807,0,0,0,0,0,0,8.092691253235852,False,False,False,False,False,False,validation_mdd_0.2234_above_0.2000;train_mdd_0.4507_above_0.4500,
hybrid_mdd20_three_profile_blend,hybrid_train_validation_selected,hybrid_relaxed_paper_testnet_candidate,"{""aggressive_mdd30_gross10_shadow"": 0.35, ""balanced_mdd12_gross5"": 0.15, ""growth_mdd20_gross8"": 0.5}",{},3.815,2.97446464663881,0.8141569843725536,0.22153384120738995,0.4513635183905582,0.21930061788493505,0.09680856487804534,3363,789,362,35.435921176789286,41.36503623175977,22.62396254160437,0,0,0,0,0,0,8.090047942323634,False,False,False,False,False,False,validation_mdd_0.2193_above_0.2000;train_mdd_0.4514_above_0.4500,
hybrid_mdd20_three_profile_blend,hybrid_train_validation_selected,hybrid_relaxed_paper_testnet_candidate,"{""aggressive_mdd30_gross10_shadow"": 0.3, ""balanced_mdd12_gross5"": 0.1, ""growth_mdd20_gross8"": 0.6}",{},3.9099999999999997,2.9996232074400977,0.8127654782204037,0.22867805731583202,0.45290382625975456,0.21843648969400953,0.09706969254076936,3363,789,362,35.19053029921689,40.72073339614739,22.781237030865913,0,0,0,0,0,0,8.069139449415852,False,False,False,False,False,False,validation_mdd_0.2184_above_0.2000;train_mdd_0.4529_above_0.4500,
hybrid_mdd20_three_profile_blend,hybrid_train_validation_selected,hybrid_relaxed_paper_testnet_candidate,"{""aggressive_mdd30_gross10_shadow"": 0.45, ""balanced_mdd12_gross5"": 0.3, ""growth_mdd20_gross8"": 0.25}",{},3.48,2.7711964056077276,0.7930830800527704,0.19784326595129675,0.4433199027013618,0.21718273543153288,0.09463474795053872,3363,789,362,35.31603644274744,42.9401488969799,22.16979672246714,0,0,0,0,0,0,7.895123782666309,False,False,False,False,False,False,validation_mdd_0.2172_above_0.2000,
hybrid_mdd20_three_profile_blend,hybrid_train_validation_selected,hybrid_relaxed_paper_testnet_candidate,"{""aggressive_mdd30_gross10_shadow"": 0.4, ""balanced_mdd12_gross5"": 0.25, ""growth_mdd20_gross8"": 0.35}",{},3.575,2.8190625624947967,0.7933909064407088,0.20508478451803103,0.44301639123583836,0.21617509990098238,0.0948188587706752,3363,789,362,35.340437984734585,42.32151740652159,22.36475294635017,0,0,0,0,0,0,7.894926269669107,False,False,False,False,False,False,validation_mdd_0.2162_above_0.2000,
hybrid_mdd20_three_profile_blend,hybrid_train_validation_selected,hybrid_relaxed_paper_testnet_candidate,"{""aggressive_mdd30_gross10_shadow"": 0.5, ""balanced_mdd12_gross5"": 0.35, ""growth_mdd20_gross8"": 0.15}",{},3.3850000000000002,2.7149186363526256,0.7921124149714669,0.19055644059137777,0.4439481615751725,0.21824453251456677,0.09548479997406889,3363,789,362,35.181809051684155,43.541201059322894,21.958566558121433,0,0,0,0,0,0,7.88747732780944,False,False,False,False,False,False,validation_mdd_0.2182_above_0.2000,
hybrid_mdd20_three_profile_blend,hybrid_train_validation_selected,hybrid_relaxed_paper_testnet_candidate,"{""aggressive_mdd30_gross10_shadow"": 0.35, ""balanced_mdd12_gross5"": 0.2, ""growth_mdd20_gross8"": 0.45}",{},3.67,2.8581713073250654,0.7930354636665573,0.21227967093615718,0.44429400186572154,0.21522191159791126,0.09503298576034103,3363,789,362,35.25603260586742,41.68605254765335,22.544569980475487,0,0,0,0,0,0,7.885945997733752,False,False,False,False,False,False,validation_mdd_0.2152_above_0.2000,
hybrid_mdd20_three_profile_blend,hybrid_train_validation_selected,hybrid_relaxed_paper_testnet_candidate,"{""aggressive_mdd30_gross10_shadow"": 0.3, ""balanced_mdd12_gross5"": 0.15, ""growth_mdd20_gross8"": 0.55}",{},3.765,2.888236332707253,0.7920170483806119,0.2194266025519196,0.44574338074077224,0.21432344606809517,0.09527710348697493,3363,789,362,35.06449716013262,41.034495091282274,22.710267289579754,0,0,0,0,0,0,7.869253625241065,False,False,False,False,False,False,validation_mdd_0.2143_above_0.2000,
hybrid_mdd20_three_profile_blend,hybrid_train_validation_selected,hybrid_relaxed_paper_testnet_candidate,"{""aggressive_mdd30_gross10_shadow"": 0.25, ""balanced_mdd12_gross5"": 0.1, ""growth_mdd20_gross8"": 0.65}",{},3.8600000000000003,2.9090342882783533,0.7903366839951531,0.22652425980952584,0.44736311801286355,0.2134799686182297,0.09555118367175797,3363,789,362,34.76815671515132,40.36758096867243,22.862763404271888,0,0,0,0,0,0,7.844873966930861,False,False,False,False,False,False,validation_mdd_0.2135_above_0.2000,
hybrid_mdd20_three_profile_blend,hybrid_train_validation_selected,hybrid_relaxed_paper_testnet_candidate,"{""aggressive_mdd30_gross10_shadow"": 0.4, ""balanced_mdd12_gross5"": 0.3, ""growth_mdd20_gross8"": 0.3}",{},3.43,2.6972978750213294,0.7718494372545197,0.19585245592076794,0.4365742748489303,0.21213465483570593,0.0930705005004906,3363,789,362,35.076079182576116,42.67072655303202,22.27114577220468,0,0,0,0,0,0,7.68571911317686,False,False,False,False,False,False,validation_mdd_0.2121_above_0.2000,
hybrid_mdd20_three_profile_blend,hybrid_train_validation_selected,hybrid_relaxed_paper_testnet_candidate,"{""aggressive_mdd30_gross10_shadow"": 0.45, ""balanced_mdd12_gross5"": 0.35, ""growth_mdd20_gross8"": 0.2}",{},3.335,2.645668038569816,0.7711928558889551,0.1886109097354518,0.4371440372801034,0.21317715654686975,0.09357392600469205,3363,789,362,34.99641907808469,43.2980759850631,22.064916908686456,0,0,0,0,0,0,7.681827232525644,False,False,False,False,False,False,validation_mdd_0.2132_above_0.2000,
hybrid_mdd20_three_profile_blend,hybrid_train_validation_selected,hybrid_relaxed_paper_testnet_candidate,"{""aggressive_mdd30_gross10_shadow"": 0.35, ""balanced_mdd12_gross5"": 0.25, ""growth_mdd20_gross8"": 0.4}",{},3.5250000000000004,2.7405824983177007,0.7718508807838462,0.2030483644323675,0.43723699167065455,0.21114673901431957,0.0932674729034354,3363,789,362,35.04637220310684,42.026646381653144,22.461102260217647,0,0,0,0,0,0,7.681173305576807,False,False,False,False,False,False,validation_mdd_0.2111_above_0.2000,
hybrid_mdd20_three_profile_blend,hybrid_train_validation_selected,hybrid_relaxed_paper_testnet_candidate,"{""aggressive_mdd30_gross10_shadow"": 0.5, ""balanced_mdd12_gross5"": 0.4, ""growth_mdd20_gross8"": 0.1}",{},3.24,2.586063017039309,0.7698819477956835,0.1813250477634174,0.4378940581635591,0.2145284610692837,0.0950845220180414,3363,789,362,34.80663028667405,43.90794729073136,21.841128374297448,0,0,0,0,0,0,7.6697793116092585,False,False,False,False,False,False,validation_mdd_0.2145_above_0.2000,
hybrid_mdd20_three_profile_blend,hybrid_train_validation_selected,hybrid_relaxed_paper_testnet_candidate,"{""aggressive_mdd30_gross10_shadow"": 0.3, ""balanced_mdd12_gross5"": 0.2, ""growth_mdd20_gross8"": 0.5}",{},3.62,2.775207565429205,0.7711970933313068,0.2101973158313728,0.4385925690825798,0.21021369135783585,0.09349450632457335,3363,789,362,34.9087103665355,41.366576909902214,22.635937522224083,0,0,0,0,0,0,7.668603046778525,False,False,False,False,False,False,validation_mdd_0.2102_above_0.2000,
hybrid_mdd20_three_profile_blend,hybrid_train_validation_selected,hybrid_relaxed_paper_testnet_candidate,"{""aggressive_mdd30_gross10_shadow"": 0.25, ""balanced_mdd12_gross5"": 0.15, ""growth_mdd20_gross8"": 0.6}",{},3.715,2.8009181921020674,0.76988870005818,0.21729799352108126,0.4401213039477849,0.20933578390864038,0.09375157410421031,3363,789,362,34.66515087828251,40.6912540826987,22.79668417132619,0,0,0,0,0,0,7.648416646227647,False,False,False,False,False,False,validation_mdd_0.2093_above_0.2000,
hybrid_mdd20_three_profile_blend,hybrid_train_validation_selected,hybrid_relaxed_paper_testnet_candidate,"{""aggressive_mdd30_gross10_shadow"": 0.2, ""balanced_mdd12_gross5"": 0.1, ""growth_mdd20_gross8"": 0.7}",{},3.81,2.8175220541372994,0.767927043479377,0.22434908414223598,0.44182171374114987,0.2085132783673983,0.09403864673314499,3363,789,362,34.31838262276018,40.0014086979751,22.944271235655144,0,0,0,0,0,0,7.6206436981734536,False,False,False,False,False,False,validation_mdd_0.2085_above_0.2000,
hybrid_mdd20_three_profile_blend,hybrid_train_validation_selected,hybrid_relaxed_paper_testnet_candidate,"{""aggressive_mdd30_gross10_shadow"": 0.4, ""balanced_mdd12_gross5"": 0.35, ""growth_mdd20_gross8"": 0.25}",{},3.285,2.574928160025478,0.750261799943412,0.18664419005912403,0.43031433654809337,0.2080981985249768,0.09166603117042371,3363,789,362,34.78304782330365,43.043662594822905,22.172034932183898,0,0,0,0,0,0,7.475920594328999,False,False,False,False,False,False,validation_mdd_0.2081_above_0.2000,
hybrid_mdd20_three_profile_blend,hybrid_train_validation_selected,hybrid_relaxed_paper_testnet_candidate,"{""aggressive_mdd30_gross10_shadow"": 0.35, ""balanced_mdd12_gross5"": 0.3, ""growth_mdd20_gross8"": 0.35}",{},3.38,2.62202929111579,0.7506114776193535,0.19384043581113253,0.43019525693520577,0.20707531461427298,0.09151210135249555,3363,789,362,34.807931806896335,42.38946647575059,22.37308815917966,0,0,0,0,0,0,7.475834269342458,False,False,False,False,False,False,validation_mdd_0.2071_above_0.2000,
hybrid_mdd20_three_profile_blend,hybrid_train_validation_selected,hybrid_relaxed_paper_testnet_candidate,"{""aggressive_mdd30_gross10_shadow"": 0.45, ""balanced_mdd12_gross5"": 0.4, ""growth_mdd20_gross8"": 0.15}",{},3.19,2.5199014149273022,0.7492652630532821,0.1794032957369791,0.43100662603984063,0.20917580376256295,0.09316917912044265,3363,789,362,34.64829797227068,43.681295578224336,21.95341357525442,0,0,0,0,0,0,7.46814946687709,False,False,False,False,False,False,validation_mdd_0.2092_above_0.2000,
hybrid_mdd20_three_profile_blend,hybrid_train_validation_selected,hybrid_relaxed_paper_testnet_candidate,"{""aggressive_mdd30_gross10_shadow"": 0.3, ""balanced_mdd12_gross5"": 0.25, ""growth_mdd20_gross8"": 0.45}",{},3.4749999999999996,2.660865441946476,0.7503138227265156,0.20099071692581338,0.43145415845328083,0.206107441060698,0.09172197661427861,3363,789,362,34.724113886060735,41.71944690510102,22.557880687521145,0,0,0,0,0,0,7.467290465001094,False,False,False,False,False,False,validation_mdd_0.2061_above_0.2000,
hybrid_mdd20_three_profile_blend,hybrid_train_validation_selected,hybrid_relaxed_paper_testnet_candidate,"{""aggressive_mdd30_gross10_shadow"": 0.25, ""balanced_mdd12_gross5"": 0.2, ""growth_mdd20_gross8"": 0.55}",{},3.5700000000000003,2.691153086009911,0.7493690714460464,0.20809371992465464,0.4328889851414295,0.20519485666920612,0.09196195721591749,3363,789,362,34.533396887037064,41.034337501152464,22.727579720910292,0,0,0,0,0,0,7.451204164629041,False,False,False,False,False,False,validation_mdd_0.2052_above_0.2000,
hybrid_mdd20_three_profile_blend,hybrid_train_validation_selected,hybrid_relaxed_paper_testnet_candidate,"{""aggressive_mdd30_gross10_shadow"": 0.2, ""balanced_mdd12_gross5"": 0.15, ""growth_mdd20_gross8"": 0.65}",{},3.665,2.7126679583098436,0.7477781692412742,0.2151481343109447,0.4344983374945899,0.20433782990850646,0.09223201526706126,3363,789,362,34.238213264796066,40.334866256254934,22.88323062230852,0,0,0,0,0,0,7.427599713830848,False,False,False,False,False,False,validation_mdd_0.2043_above_0.2000,
hybrid_mdd20_three_profile_blend,hybrid_train_validation_selected,hybrid_relaxed_paper_testnet_candidate,"{""aggressive_mdd30_gross10_shadow"": 0.15, ""balanced_mdd12_gross5"": 0.1, ""growth_mdd20_gross8"": 0.75}",{},3.76,2.7252477996953153,0.7455427693233689,0.22215265296395992,0.43628065931704385,0.20353661880294527,0.09253212002467048,3363,789,362,33.841608350918804,39.62175586976159,23.02577248797263,0,0,0,0,0,0,7.3965113521066295,False,False,False,False,False,False,validation_mdd_0.2035_above_0.2000,
hybrid_mdd20_three_profile_blend,hybrid_train_validation_selected,hybrid_relaxed_paper_testnet_candidate,"{""aggressive_mdd30_gross10_shadow"": 0.35, ""balanced_mdd12_gross5"": 0.35, ""growth_mdd20_gross8"": 0.3}",{},3.235,2.5028358108634383,0.7293254168888617,0.1846563931220726,0.4234600832539207,0.2030078532845404,0.089766945887225,3363,789,362,34.54176454528558,42.77756598612031,22.27997021260529,0,0,0,0,0,0,7.26981883629557,False,False,False,False,False,False,validation_mdd_0.2030_above_0.2000,
hybrid_mdd20_three_profile_blend,hybrid_train_validation_selected,hybrid_relaxed_paper_testnet_candidate,"{""aggressive_mdd30_gross10_shadow"": 0.4, ""balanced_mdd12_gross5"": 0.4, ""growth_mdd20_gross8"": 0.2}",{},3.14,2.4522759402888012,0.7286361750465877,0.1774604891710836,0.42409310836113534,0.20406594478175832,0.09125680218487886,3363,789,362,34.462406760853334,43.443606907142126,22.066710914086496,0,0,0,0,0,0,7.265748378635415,False,False,False,False,False,False,validation_mdd_0.2041_above_0.2000,
hybrid_mdd20_three_profile_blend,hybrid_train_validation_selected,hybrid_relaxed_paper_testnet_candidate,"{""aggressive_mdd30_gross10_shadow"": 0.3, ""balanced_mdd12_gross5"": 0.3, ""growth_mdd20_gross8"": 0.4}",{},3.33,2.545533379245688,0.7293753733999053,0.19180731960042086,0.4243309466787756,0.20200491110688068,0.0899595896571097,3363,789,362,34.511729214201594,42.09594398175658,22.47566435439663,0,0,0,0,0,0,7.265420458416762,False,False,False,False,False,False,validation_mdd_0.2020_above_0.2000,
hybrid_mdd20_three_profile_blend,hybrid_train_validation_selected,hybrid_relaxed_paper_testnet_candidate,"{""aggressive_mdd30_gross10_shadow"": 0.25, ""balanced_mdd12_gross5"": 0.25, ""growth_mdd20_gross8"": 0.5}",{},3.425,2.580059391172957,0.7287859011553437,0.19891195840288667,0.4256689569807779,0.20105740384264514,0.0901824088223313,3363,789,362,34.373865687517544,41.3994689287989,22.655120547025817,0,0,0,0,0,0,7.25333929323645,False,False,False,False,False,False,validation_mdd_0.2011_above_0.2000,
hybrid_mdd20_three_profile_blend,hybrid_train_validation_selected,hybrid_relaxed_paper_testnet_candidate,"{""aggressive_mdd30_gross10_shadow"": 0.45, ""balanced_mdd12_gross5"": 0.45, ""growth_mdd20_gross8"": 0.1}",{},3.045,2.3942151511745955,0.7273084917599828,0.17022092028806313,0.4249104106952273,0.20564043034030932,0.09277376653176339,3363,789,362,34.2727206526777,44.09333222752589,21.83439203284545,0,0,0,0,0,0,7.25327697755627,False,False,False,False,False,False,validation_mdd_0.2056_above_0.2000,
hybrid_mdd20_three_profile_blend,hybrid_train_validation_selected,hybrid_relaxed_paper_testnet_candidate,"{""aggressive_mdd30_gross10_shadow"": 0.2, ""balanced_mdd12_gross5"": 0.2, ""growth_mdd20_gross8"": 0.6}",{},3.52,2.6061604245800347,0.7275575576226228,0.20596900205457414,0.42718431278579516,0.2001656067560288,0.09043537711934746,3363,789,362,34.13036347490191,40.688862906024426,22.819521610300704,0,0,0,0,0,0,7.233810928848409,False,False,False,False,False,False,validation_mdd_0.2002_above_0.2000,
hybrid_mdd20_three_profile_blend,hybrid_train_validation_selected,hybrid_relaxed_paper_testnet_candidate,"{""aggressive_mdd30_gross10_shadow"": 0.15, ""balanced_mdd12_gross5"": 0.15, ""growth_mdd20_gross8"": 0.7}",{},3.6149999999999998,2.6236419644372,0.7256916003246558,0.21297714620103791,0.4288755407393703,0.19932978467146412,0.09071846542364759,3363,789,362,33.78402398216826,39.964842444875245,22.969925172674497,0,0,0,0,0,0,7.206864397569471,True,False,False,True,False,False,,
hybrid_mdd20_three_profile_blend,hybrid_train_validation_selected,hybrid_relaxed_paper_testnet_candidate,"{""aggressive_mdd30_gross10_shadow"": 0.1, ""balanced_mdd12_gross5"": 0.1, ""growth_mdd20_gross8"": 0.8}",{},3.71,2.632370797802078,0.7231899847393075,0.21993509000146005,0.43074100999352904,0.19855019186642753,0.09103164175493994,3363,789,362,33.33824046254191,39.22811883264937,23.107279890886748,0,0,0,0,0,0,7.1725384430177925,True,False,False,True,False,False,,
hybrid_mdd20_three_profile_blend,hybrid_train_validation_selected,hybrid_relaxed_paper_testnet_candidate,"{""aggressive_mdd30_gross10_shadow"": 0.35, ""balanced_mdd12_gross5"": 0.4, ""growth_mdd20_gross8"": 0.25}",{},3.09,2.3833178733439864,0.7080007776177974,0.17549673831696255,0.41715453868910446,0.19894457030042345,0.08934742563390219,3363,789,362,34.248977889061145,43.19448341271414,22.181084215996275,0,0,0,0,0,0,7.063145479733513,True,False,False,True,False,False,,
hybrid_mdd20_three_profile_blend,hybrid_train_validation_selected,hybrid_relaxed_paper_testnet_candidate,"{""aggressive_mdd30_gross10_shadow"": 0.3, ""balanced_mdd12_gross5"": 0.35, ""growth_mdd20_gross8"": 0.35}",{},3.185,2.4295282473410147,0.708389804770726,0.182647631580088,0.4172257606775387,0.19790631784117507,0.08820742048945329,3363,789,362,34.2726509307398,42.499350847913014,22.388775628841383,0,0,0,0,0,0,7.063099824896727,True,False,False,True,False,False,,
hybrid_mdd20_three_profile_blend,hybrid_train_validation_selected,hybrid_relaxed_paper_testnet_candidate,"{""aggressive_mdd30_gross10_shadow"": 0.4, ""balanced_mdd12_gross5"": 0.45, ""growth_mdd20_gross8"": 0.15}",{},2.995,2.3296537178787617,0.7069806531613181,0.16830184934090342,0.4179133668722699,0.20007469752271312,0.09085692336705176,3363,789,362,34.11525080089419,43.87437146296287,21.95432420309202,0,0,0,0,0,0,7.055239762718092,False,False,False,False,False,False,validation_mdd_0.2001_above_0.2000,
hybrid_mdd20_three_profile_blend,hybrid_train_validation_selected,hybrid_relaxed_paper_testnet_candidate,"{""aggressive_mdd30_gross10_shadow"": 0.25, ""balanced_mdd12_gross5"": 0.3, ""growth_mdd20_gross8"": 0.45}",{},3.28,2.467952774187603,0.7081472210581039,0.18975322235738545,0.4184640459957447,0.19692364281252872,0.08841300448005907,3363,789,362,34.18761678366503,41.789691720994,22.578917462801698,0,0,0,0,0,0,7.054926908027766,True,False,False,True,False,False,,
hybrid_mdd20_three_profile_blend,hybrid_train_validation_selected,hybrid_relaxed_paper_testnet_candidate,"{""aggressive_mdd30_gross10_shadow"": 0.2, ""balanced_mdd12_gross5"": 0.25, ""growth_mdd20_gross8"": 0.55}",{},3.375,2.498311689061319,0.7072732051144281,0.19681220635308105,0.41988246321936074,0.19599682730107082,0.08864880835992239,3363,789,362,33.995838670018465,41.066217945126546,22.752856225789717,0,0,0,0,0,0,7.039380239495792,True,False,False,True,False,False,,
hybrid_mdd20_three_profile_blend,hybrid_train_validation_selected,hybrid_relaxed_paper_testnet_candidate,"{""aggressive_mdd30_gross10_shadow"": 0.15, ""balanced_mdd12_gross5"": 0.2, ""growth_mdd20_gross8"": 0.65}",{},3.47,2.5203808953823277,0.705768627615772,0.2038232821384902,0.4214796248288868,0.19512614295933306,0.08891480463108292,3363,789,362,33.699887622275035,40.3296358637584,22.911789808733165,0,0,0,0,0,0,7.016483761967129,True,False,False,True,False,False,,
hybrid_mdd20_three_profile_blend,hybrid_train_validation_selected,hybrid_relaxed_paper_testnet_candidate,"{""aggressive_mdd30_gross10_shadow"": 0.1, ""balanced_mdd12_gross5"": 0.15, ""growth_mdd20_gross8"": 0.75}",{},3.565,2.5339946989245457,0.7036350498751254,0.21078515154316713,0.42325398261074243,0.19431185089660408,0.08921096293140329,3363,789,362,33.30292648336718,39.58064660592192,23.056787523864273,0,0,0,0,0,0,6.986271055006744,True,False,False,True,False,False,,
hybrid_mdd20_three_profile_blend,hybrid_train_validation_selected,hybrid_relaxed_paper_testnet_candidate,"{""aggressive_mdd30_gross10_shadow"": 0.3, ""balanced_mdd12_gross5"": 0.4, ""growth_mdd20_gross8"": 0.3}",{},3.04,2.313159027202715,0.6873650943779397,0.17351215451678925,0.41019196933171564,0.19381187800473565,0.08744108389712113,3363,789,362,34.00804238881936,42.933484970514655,22.296601711229666,0,0,0,0,0,0,6.860400202059745,True,False,False,True,False,False,,
hybrid_mdd20_three_profile_blend,hybrid_train_validation_selected,hybrid_relaxed_paper_testnet_candidate,"{""aggressive_mdd30_gross10_shadow"": 0.35, ""balanced_mdd12_gross5"": 0.45, ""growth_mdd20_gross8"": 0.2}",{},2.9450000000000003,2.263781718012858,0.6866455507628348,0.16636196721860053,0.41089076800827384,0.19488568130753425,0.0889430673926539,3363,789,362,33.93072635112632,43.644343853606955,22.07563259270177,0,0,0,0,0,0,6.856218787131714,True,False,False,True,False,False,,
hybrid_mdd20_three_profile_blend,hybrid_train_validation_selected,hybrid_relaxed_paper_testnet_candidate,"{""aggressive_mdd30_gross10_shadow"": 0.25, ""balanced_mdd12_gross5"": 0.35, ""growth_mdd20_gross8"": 0.4}",{},3.1350000000000002,2.3551427448141995,0.6874609873558388,0.18061801917466447,0.41127710828088304,0.19279379138503405,0.08665381948196571,3363,789,362,33.97579634243795,42.20853657651469,22.49850762016249,0,0,0,0,0,0,6.856074446637401,True,False,False,True,False,False,,
hybrid_mdd20_three_profile_blend,hybrid_train_validation_selected,hybrid_relaxed_paper_testnet_candidate,"{""aggressive_mdd30_gross10_shadow"": 0.2, ""balanced_mdd12_gross5"": 0.3, ""growth_mdd20_gross8"": 0.5}",{},3.23,2.3894295874777027,0.6869330387576829,0.18767826023087086,0.41259564403165017,0.19183171038379432,0.08687238480074666,3363,789,362,33.835745413421456,41.47019461847221,22.682893428918405,0,0,0,0,0,0,6.844412951889108,True,False,False,True,False,False,,
hybrid_mdd20_three_profile_blend,hybrid_train_validation_selected,hybrid_relaxed_paper_testnet_candidate,"{""aggressive_mdd30_gross10_shadow"": 0.4, ""balanced_mdd12_gross5"": 0.5, ""growth_mdd20_gross8"": 0.1}",{},2.85,2.207362796306181,0.6853032306596667,0.15916876046945583,0.4119235975389228,0.19669492364256536,0.0904664101949032,3363,789,362,33.74269570537213,44.34041154667702,21.833849172764864,0,0,0,0,0,0,6.8432585475207235,True,False,False,True,False,False,,
hybrid_mdd20_three_profile_blend,hybrid_train_validation_selected,hybrid_relaxed_paper_testnet_candidate,"{""aggressive_mdd30_gross10_shadow"": 0.15, ""balanced_mdd12_gross5"": 0.25, ""growth_mdd20_gross8"": 0.6}",{},3.3249999999999997,2.415768589284227,0.6857817413646308,0.19469157934000103,0.41409576340098164,0.19092591350912336,0.08712121397109007,3363,789,362,33.59024717871525,40.71914981309132,22.851124335680876,0,0,0,0,0,0,6.8254725794711355,True,False,False,True,False,False,,
hybrid_mdd20_three_profile_blend,hybrid_train_validation_selected,hybrid_relaxed_paper_testnet_candidate,"{""aggressive_mdd30_gross10_shadow"": 0.1, ""balanced_mdd12_gross5"": 0.2, ""growth_mdd20_gross8"": 0.7}",{},3.42,2.4339641385333786,0.6840082709529955,0.20165668116158653,0.4157760038458391,0.19007666873070928,0.0874002782570974,3363,789,362,33.242247757185694,39.956088028097184,23.004412635362367,0,0,0,0,0,0,6.799281853902361,True,False,False,True,False,False,,
hybrid_mdd20_three_profile_blend,hybrid_train_validation_selected,hybrid_relaxed_paper_testnet_candidate,"{""aggressive_mdd30_gross10_shadow"": 0.3, ""balanced_mdd12_gross5"": 0.45, ""growth_mdd20_gross8"": 0.25}",{},2.895,2.1967255612253265,0.6663091335447886,0.16440138395838688,0.4038436762484784,0.18972180871674882,0.08703223308733998,3363,789,362,33.719131684905875,43.402812939553385,22.198404531243163,0,0,0,0,0,0,6.656976076491501,True,False,False,True,False,False,,
hybrid_mdd20_three_profile_blend,hybrid_train_validation_selected,hybrid_relaxed_paper_testnet_candidate,"{""aggressive_mdd30_gross10_shadow"": 0.25, ""balanced_mdd12_gross5"": 0.4, ""growth_mdd20_gross8"": 0.35}",{},2.99,2.241931335817711,0.666735076158977,0.17150685019341294,0.40411102786963415,0.18866806777061174,0.08553781141025629,3363,789,362,33.73963604348831,42.66012388246062,22.413336407921193,0,0,0,0,0,0,6.656892498427681,True,False,False,True,False,False,,
hybrid_mdd20_three_profile_blend,hybrid_train_validation_selected,hybrid_relaxed_paper_testnet_candidate,"{""aggressive_mdd30_gross10_shadow"": 0.2, ""balanced_mdd12_gross5"": 0.35, ""growth_mdd20_gross8"": 0.45}",{},3.085,2.279816179134967,0.6665449116452309,0.17856767072253432,0.4053267404994153,0.18767047527506397,0.08510618199090492,3363,789,362,33.65129252984346,41.90459169478858,22.609226477910145,0,0,0,0,0,0,6.649017312634369,True,False,False,True,False,False,,
hybrid_mdd20_three_profile_blend,hybrid_train_validation_selected,hybrid_relaxed_paper_testnet_candidate,"{""aggressive_mdd30_gross10_shadow"": 0.35, ""balanced_mdd12_gross5"": 0.5, ""growth_mdd20_gross8"": 0.15}",{},2.8,2.144522843035261,0.665267634968965,0.1572525694909679,0.40467159213592974,0.19108802965223803,0.08854809073853886,3363,789,362,33.58820381432729,44.131986796840025,21.96264937024691,0,0,0,0,0,0,6.648640730533833,True,False,False,True,False,False,,
hybrid_mdd20_three_profile_blend,hybrid_train_validation_selected,hybrid_relaxed_paper_testnet_candidate,"{""aggressive_mdd30_gross10_shadow"": 0.15, ""balanced_mdd12_gross5"": 0.3, ""growth_mdd20_gross8"": 0.55}",{},3.18,2.3101049857391027,0.665738763941808,0.18558255043913685,0.4067268403952443,0.18672931662073766,0.08533776951072658,3363,789,362,33.456266041103035,41.13688410676356,22.787641262172993,0,0,0,0,0,0,6.633936729830282,True,False,False,True,False,False,,
hybrid_mdd20_three_profile_blend,hybrid_train_validation_selected,hybrid_relaxed_paper_testnet_candidate,"{""aggressive_mdd30_gross10_shadow"": 0.1, ""balanced_mdd12_gross5"": 0.25, ""growth_mdd20_gross8"": 0.65}",{},3.2750000000000004,2.3325748350452926,0.6643174320300642,0.19255019699046216,0.40830995371255363,0.18584486666577393,0.08559966431007149,3363,789,362,33.15730322209411,40.35766487128863,22.94996388444126,0,0,0,0,0,0,6.611674332461012,True,False,False,True,False,False,,
hybrid_mdd20_three_profile_blend,hybrid_train_validation_selected,hybrid_relaxed_paper_testnet_candidate,"{""aggressive_mdd30_gross10_shadow"": 0.25, ""balanced_mdd12_gross5"": 0.45, ""growth_mdd20_gross8"": 0.3}",{},2.845,2.1286118718729647,0.6459772791949681,0.16242021067304302,0.39696871506219567,0.18454669056555095,0.08512445493649057,3363,789,362,33.48045301812293,43.14929306781343,22.322733737361606,0,0,0,0,0,0,6.457495568939875,True,False,False,True,False,False,,
hybrid_mdd20_three_profile_blend,hybrid_train_validation_selected,hybrid_relaxed_paper_testnet_candidate,"{""aggressive_mdd30_gross10_shadow"": 0.3, ""balanced_mdd12_gross5"": 0.5, ""growth_mdd20_gross8"": 0.2}",{},2.75,2.080517402212163,0.6452297231766273,0.15531580931851918,0.39754029688826886,0.18563632745604297,0.08663277973568362,3363,789,362,33.40720809621715,43.91259558149027,22.093287243032602,0,0,0,0,0,0,6.453427200069142,True,False,False,True,False,False,,
hybrid_mdd20_three_profile_blend,hybrid_train_validation_selected,hybrid_relaxed_paper_testnet_candidate,"{""aggressive_mdd30_gross10_shadow"": 0.2, ""balanced_mdd12_gross5"": 0.4, ""growth_mdd20_gross8"": 0.4}",{},2.9400000000000004,2.169766449588153,0.6461165985473407,0.16948093883994408,0.3980786663003816,0.18351334165800826,0.08363764261422546,3363,789,362,33.44379372958712,42.37385877146778,22.53136650358204,0,0,0,0,0,0,6.4533051949104765,True,False,False,True,False,False,,
hybrid_mdd20_three_profile_blend,hybrid_train_validation_selected,hybrid_relaxed_paper_testnet_candidate,"{""aggressive_mdd30_gross10_shadow"": 0.15, ""balanced_mdd12_gross5"": 0.35, ""growth_mdd20_gross8"": 0.5}",{},3.035,2.2036846181958203,0.6456474454708874,0.1764967021050381,0.3993757702710805,0.1825365730329621,0.08356454705505734,3363,789,362,33.299227740168725,41.58692745500957,22.72099666645702,0,0,0,0,0,0,6.441985453115695,True,False,False,True,False,False,,
hybrid_mdd20_three_profile_blend,hybrid_train_validation_selected,hybrid_relaxed_paper_testnet_candidate,"{""aggressive_mdd30_gross10_shadow"": 0.35, ""balanced_mdd12_gross5"": 0.55, ""growth_mdd20_gross8"": 0.1}",{},2.6550000000000002,2.025824947221397,0.6438748324642438,0.14816902861067138,0.39885043699260403,0.18769218375003238,0.08816251102558259,3363,789,362,33.222635445537435,44.663128931882,21.840953509827738,0,0,0,0,0,0,6.439987468552525,True,False,False,True,False,False,,
hybrid_mdd20_three_profile_blend,hybrid_train_validation_selected,hybrid_relaxed_paper_testnet_candidate,"{""aggressive_mdd30_gross10_shadow"": 0.1, ""balanced_mdd12_gross5"": 0.3, ""growth_mdd20_gross8"": 0.6}",{},3.13,2.2301187816848573,0.6445702509970548,0.18346621125903662,0.40085874484477724,0.18161666646453178,0.08380919741220905,3363,789,362,33.04932358728866,40.78913152963486,22.89321328413235,0,0,0,0,0,0,6.42355509899468,True,False,False,True,False,False,,
hybrid_mdd20_three_profile_blend,hybrid_train_validation_selected,hybrid_relaxed_paper_testnet_candidate,"{""aggressive_mdd30_gross10_shadow"": 0.25, ""balanced_mdd12_gross5"": 0.5, ""growth_mdd20_gross8"": 0.25}",{},2.7,2.015467833513848,0.6251952996471013,0.15335858976350325,0.39038510290043993,0.1804298787334654,0.0847205117209191,3363,789,362,33.19965133655394,43.68176766093284,22.225882574420762,0,0,0,0,0,0,6.257604076212187,True,False,False,True,False,False,,
hybrid_mdd20_three_profile_blend,hybrid_train_validation_selected,hybrid_relaxed_paper_testnet_candidate,"{""aggressive_mdd30_gross10_shadow"": 0.2, ""balanced_mdd12_gross5"": 0.45, ""growth_mdd20_gross8"": 0.35}",{},2.795,2.059567098929516,0.6256557916632834,0.16041855954068618,0.3908543618268082,0.17936052960947246,0.08321976743116055,3363,789,362,33.214672342239744,42.88324280150677,22.448720898500724,0,0,0,0,0,0,6.257392989162686,True,False,False,True,False,False,,
hybrid_mdd20_three_profile_blend,hybrid_train_validation_selected,hybrid_relaxed_paper_testnet_candidate,"{""aggressive_mdd30_gross10_shadow"": 0.15, ""balanced_mdd12_gross5"": 0.4, ""growth_mdd20_gross8"": 0.45}",{},2.8899999999999997,2.096795340300589,0.6255154595000221,0.16743453500934669,0.39204549635469776,0.1783479039049135,0.081801622142187,3363,789,362,33.12054306407704,42.07408754288169,22.65077584000902,0,0,0,0,0,0,6.249732145909996,True,False,False,True,False,False,,
hybrid_mdd20_three_profile_blend,hybrid_train_validation_selected,hybrid_relaxed_paper_testnet_candidate,"{""aggressive_mdd30_gross10_shadow"": 0.3, ""balanced_mdd12_gross5"": 0.55, ""growth_mdd20_gross8"": 0.15}",{},2.605,1.9648127658113106,0.6241345696941121,0.14625591384793468,0.3913874195572824,0.18204419547106254,0.08624273933587157,3363,789,362,33.07361922679994,44.46907391703832,21.980149360976057,0,0,0,0,0,0,6.2488219659549635,True,False,False,True,False,False,,
hybrid_mdd20_three_profile_blend,hybrid_train_validation_selected,hybrid_relaxed_paper_testnet_candidate,"{""aggressive_mdd30_gross10_shadow"": 0.1, ""balanced_mdd12_gross5"": 0.35, ""growth_mdd20_gross8"": 0.55}",{},2.985,2.1268829252680628,0.624774375177156,0.17440523025749144,0.3934253208792974,0.17739229033684822,0.08202895362430473,3363,789,362,32.919680153356005,41.25489048167826,22.833887176943108,0,0,0,0,0,0,6.235034587973441,True,False,False,True,False,False,,
hybrid_mdd20_three_profile_blend,hybrid_train_validation_selected,hybrid_relaxed_paper_testnet_candidate,"{""aggressive_mdd30_gross10_shadow"": 0.2, ""balanced_mdd12_gross5"": 0.5, ""growth_mdd20_gross8"": 0.3}",{},2.65,1.9494954216696314,0.605170096501598,0.1513810216976179,0.38365679245306517,0.1752122595814054,0.08281132123498902,3363,789,362,32.96546897771518,43.43897616922787,22.36056450481801,0,0,0,0,0,0,6.061402766120749,True,False,False,True,False,False,,
hybrid_mdd20_three_profile_blend,hybrid_train_validation_selected,hybrid_relaxed_paper_testnet_candidate,"{""aggressive_mdd30_gross10_shadow"": 0.25, ""balanced_mdd12_gross5"": 0.55, ""growth_mdd20_gross8"": 0.2}",{},2.555,1.9027718210937614,0.6043967481264727,0.14432247047635238,0.38404516211081907,0.17638463748764177,0.0843259973972883,3363,789,362,32.89872566717404,44.26436809978378,22.12177659048933,0,0,0,0,0,0,6.057448569651576,True,False,False,True,False,False,,
hybrid_mdd20_three_profile_blend,hybrid_train_validation_selected,hybrid_relaxed_paper_testnet_candidate,"{""aggressive_mdd30_gross10_shadow"": 0.15, ""balanced_mdd12_gross5"": 0.45, ""growth_mdd20_gross8"": 0.4}",{},2.745,1.989717134455725,0.6053503987975957,0.15839654379437396,0.3847389891383999,0.17416353079739455,0.08131820506715881,3363,789,362,32.92176056282249,42.60405727439751,22.576474315047598,0,0,0,0,0,0,6.057295397902005,True,False,False,True,False,False,,
hybrid_mdd20_three_profile_blend,hybrid_train_validation_selected,hybrid_relaxed_paper_testnet_candidate,"{""aggressive_mdd30_gross10_shadow"": 0.1, ""balanced_mdd12_gross5"": 0.4, ""growth_mdd20_gross8"": 0.5}",{},2.84,2.0231479170113507,0.6049373770440123,0.16536775430379547,0.38601265478918734,0.17317196092108145,0.0802590087410473,3363,789,362,32.76989725957029,41.760139240923124,22.771654407022233,0,0,0,0,0,0,6.046227982666808,True,False,False,True,False,False,,
hybrid_mdd20_three_profile_blend,hybrid_train_validation_selected,hybrid_relaxed_paper_testnet_candidate,"{""aggressive_mdd30_gross10_shadow"": 0.3, ""balanced_mdd12_gross5"": 0.6, ""growth_mdd20_gross8"": 0.1}",{},2.46,1.8498775902880444,0.603031281103867,0.13722217460702346,0.38564496308019436,0.17863246364592988,0.085862127116893,3363,789,362,32.719769182801436,45.07971003243381,21.85762577365777,0,0,0,0,0,0,6.043723255779006,True,False,False,True,False,False,,
hybrid_mdd20_three_profile_blend,hybrid_train_validation_selected,hybrid_relaxed_paper_testnet_candidate,"{""aggressive_mdd30_gross10_shadow"": 0.2, ""balanced_mdd12_gross5"": 0.55, ""growth_mdd20_gross8"": 0.25}",{},2.505,1.8398182832010201,0.5846670278911503,0.1423688080698453,0.3767823597691815,0.17106875238215158,0.08241231979979757,3363,789,362,32.697853248577466,44.04852073841375,22.26600063651006,0,0,0,0,0,0,5.865243746913965,True,False,False,True,False,False,,
hybrid_mdd20_three_profile_blend,hybrid_train_validation_selected,hybrid_relaxed_paper_testnet_candidate,"{""aggressive_mdd30_gross10_shadow"": 0.15, ""balanced_mdd12_gross5"": 0.5, ""growth_mdd20_gross8"": 0.35}",{},2.6,1.8827210085463948,0.5851597712740046,0.14938321704262125,0.37745924453335344,0.16998367565416006,0.08090524282386768,3363,789,362,32.70458172660607,43.183629480388525,22.497472446177902,0,0,0,0,0,0,5.8648003507157815,True,False,False,True,False,False,,
hybrid_mdd20_three_profile_blend,hybrid_train_validation_selected,hybrid_relaxed_paper_testnet_candidate,"{""aggressive_mdd30_gross10_shadow"": 0.1, ""balanced_mdd12_gross5"": 0.45, ""growth_mdd20_gross8"": 0.45}",{},2.695,1.9191869421887433,0.5850667500614528,0.15635427771169397,0.37862374716897007,0.1689559012653088,0.07941980234409429,3363,789,362,32.60166971200264,42.311059287407765,22.70611061744031,0,0,0,0,0,0,5.8572564206380635,True,False,False,True,False,False,,
hybrid_mdd20_three_profile_blend,hybrid_train_validation_selected,hybrid_relaxed_paper_testnet_candidate,"{""aggressive_mdd30_gross10_shadow"": 0.25, ""balanced_mdd12_gross5"": 0.6, ""growth_mdd20_gross8"": 0.15}",{},2.41,1.790784622703442,0.5835891387792236,0.13531232965714368,0.3780709504957024,0.1729434539409307,0.08394092733432124,3363,789,362,32.579267973574005,44.905289225855924,22.009162273445625,0,0,0,0,0,0,5.856008770911249,True,False,False,True,False,False,,
hybrid_mdd20_three_profile_blend,hybrid_train_validation_selected,hybrid_relaxed_paper_testnet_candidate,"{""aggressive_mdd30_gross10_shadow"": 0.15, ""balanced_mdd12_gross5"": 0.55, ""growth_mdd20_gross8"": 0.3}",{},2.455,1.7760679858417983,0.5649509960323065,0.14039503724747404,0.37020928207690795,0.16580856078310668,0.08050174113909536,3363,789,362,32.47088264660104,43.82097741141434,22.413000837719355,0,0,0,0,0,0,5.672380494215898,True,False,False,True,False,False,,
hybrid_mdd20_three_profile_blend,hybrid_train_validation_selected,hybrid_relaxed_paper_testnet_candidate,"{""aggressive_mdd30_gross10_shadow"": 0.2, ""balanced_mdd12_gross5"": 0.6, ""growth_mdd20_gross8"": 0.2}",{},2.3600000000000003,1.7307911968445207,0.5641540061252521,0.1333823952748867,0.37046727420830705,0.16724303975133858,0.08202277863439511,3363,789,362,32.413641156703946,44.720888317499174,22.16390749001109,0,0,0,0,0,0,5.668253931743317,True,False,False,True,False,False,,
hybrid_mdd20_three_profile_blend,hybrid_train_validation_selected,hybrid_relaxed_paper_testnet_candidate,"{""aggressive_mdd30_gross10_shadow"": 0.1, ""balanced_mdd12_gross5"": 0.5, ""growth_mdd20_gross8"": 0.4}",{},2.5500000000000003,1.8152646345656533,0.5651699046473808,0.14736528875999855,0.37126162447257127,0.16474433480851225,0.07900231103783495,3363,789,362,32.416887085417265,42.91506166880905,22.63675710599056,0,0,0,0,0,0,5.6682485812000145,True,False,False,True,False,False,,
hybrid_mdd20_three_profile_blend,hybrid_train_validation_selected,hybrid_relaxed_paper_testnet_candidate,"{""aggressive_mdd30_gross10_shadow"": 0.25, ""balanced_mdd12_gross5"": 0.65, ""growth_mdd20_gross8"": 0.1}",{},2.265,1.6797543889675275,0.5627798855308881,0.1263286379590567,0.3723110513294059,0.16951602657544662,0.0835653166348983,3363,789,362,32.242978476920875,45.6144666191881,21.886458412864986,0,0,0,0,0,0,5.6547253284767685,True,False,False,True,False,False,,
hybrid_mdd20_three_profile_blend,hybrid_train_validation_selected,hybrid_relaxed_paper_testnet_candidate,"{""aggressive_mdd30_gross10_shadow"": 0.15, ""balanced_mdd12_gross5"": 0.6, ""growth_mdd20_gross8"": 0.25}",{},2.31,1.6700081921118555,0.5447313995494123,0.1314324807852416,0.3630391761190014,0.16163840883736225,0.08010771566206243,3363,789,362,32.22274474910482,44.526025792824285,22.322092524667397,0,0,0,0,0,0,5.480144790360409,True,False,False,True,False,False,,
hybrid_mdd20_three_profile_blend,hybrid_train_validation_selected,hybrid_relaxed_paper_testnet_candidate,"{""aggressive_mdd30_gross10_shadow"": 0.1, ""balanced_mdd12_gross5"": 0.55, ""growth_mdd20_gross8"": 0.35}",{},2.4050000000000002,1.711636080621945,0.5452541642640252,0.13840126966318778,0.36392933720528964,0.16053748536162638,0.07859429601566914,3363,789,362,32.21766759284445,43.581110141994216,22.562971904660547,0,0,0,0,0,0,5.479342795658834,True,False,False,True,False,False,,
hybrid_mdd20_three_profile_blend,hybrid_train_validation_selected,hybrid_relaxed_paper_testnet_candidate,"{""aggressive_mdd30_gross10_shadow"": 0.2, ""balanced_mdd12_gross5"": 0.65, ""growth_mdd20_gross8"": 0.15}",{},2.215,1.6226575044777123,0.5436383532406082,0.12442225376212357,0.3646266582769767,0.1637860743274938,0.08164271298144843,3363,789,362,32.11482045604976,45.46706699066286,22.052863126927257,0,0,0,0,0,0,5.470548275570884,True,False,False,True,False,False,,
hybrid_mdd20_three_profile_blend,hybrid_train_validation_selected,hybrid_relaxed_paper_testnet_candidate,"{""aggressive_mdd30_gross10_shadow"": 0.1, ""balanced_mdd12_gross5"": 0.6, ""growth_mdd20_gross8"": 0.3}",{},2.26,1.6085459176405759,0.5253267616367583,0.12946269654323128,0.35662995807094466,0.15633557708853385,0.07819577306755199,3363,789,362,32.00640542890694,44.320151998376645,22.483969528174935,0,0,0,0,0,0,5.29068988378749,True,False,False,True,False,False,,
hybrid_mdd20_three_profile_blend,hybrid_train_validation_selected,hybrid_relaxed_paper_testnet_candidate,"{""aggressive_mdd30_gross10_shadow"": 0.15, ""balanced_mdd12_gross5"": 0.65, ""growth_mdd20_gross8"": 0.2}",{},2.165,1.5647800430315777,0.5245082119900739,0.12249601788841336,0.3569132054797154,0.15804488723614907,0.07972318177555338,3363,789,362,31.96249838952908,45.31094849060094,22.223515582077894,0,0,0,0,0,0,5.286387661493522,True,False,False,True,False,False,,
hybrid_mdd20_three_profile_blend,hybrid_train_validation_selected,hybrid_relaxed_paper_testnet_candidate,"{""aggressive_mdd30_gross10_shadow"": 0.2, ""balanced_mdd12_gross5"": 0.7, ""growth_mdd20_gross8"": 0.1}",{},2.0700000000000003,1.5156476627595024,0.5231272894329859,0.11548884778753021,0.358852759295505,0.16034314609669165,0.08127213781659581,3363,789,362,31.803587396462238,46.30059648917873,21.931038318938516,0,0,0,0,0,0,5.2733108954251,True,False,False,True,False,False,,
hybrid_mdd20_three_profile_blend,hybrid_train_validation_selected,hybrid_relaxed_paper_testnet_candidate,"{""aggressive_mdd30_gross10_shadow"": 0.1, ""balanced_mdd12_gross5"": 0.65, ""growth_mdd20_gross8"": 0.25}",{},2.115,1.5062275287954625,0.5053948351032371,0.12055003940266862,0.34940205393925117,0.15229277191474466,0.07780675771672185,3363,789,362,31.785837365834595,45.14570089579822,22.39874385036578,0,0,0,0,0,0,5.102122535536626,True,False,False,True,False,False,,
hybrid_mdd20_three_profile_blend,hybrid_train_validation_selected,hybrid_relaxed_paper_testnet_candidate,"{""aggressive_mdd30_gross10_shadow"": 0.15, ""balanced_mdd12_gross5"": 0.7, ""growth_mdd20_gross8"": 0.15}",{},2.02,1.4606095339827814,0.5042885636551311,0.11358611262022067,0.3510586780809707,0.15457233625035727,0.07934815459504951,3363,789,362,31.692784958345324,46.19084622442236,22.115676133220536,0,0,0,0,0,0,5.09277935298294,True,False,False,True,False,False,,
hybrid_mdd20_three_profile_blend,hybrid_train_validation_selected,hybrid_relaxed_paper_testnet_candidate,"{""aggressive_mdd30_gross10_shadow"": 0.1, ""balanced_mdd12_gross5"": 0.7, ""growth_mdd20_gross8"": 0.2}",{},1.97,1.4049023374372305,0.48546542509479407,0.11166376209896911,0.34323617770959824,0.14879046564819554,0.07742726521884935,3363,789,362,31.55913734092372,46.074638171574435,22.305985237508814,0,0,0,0,0,0,4.91232668495418,True,False,False,True,False,False,,
hybrid_mdd20_three_profile_blend,hybrid_train_validation_selected,hybrid_relaxed_paper_testnet_candidate,"{""aggressive_mdd30_gross10_shadow"": 0.15, ""balanced_mdd12_gross5"": 0.75, ""growth_mdd20_gross8"": 0.1}",{},1.875,1.3577096334158876,0.484079481565743,0.1047032228503908,0.3452743264450536,0.1511141061299096,0.07898264896788332,3363,789,362,31.416646132320313,47.18468519294715,21.99647538873757,0,0,0,0,0,0,4.899888136157691,True,False,False,True,False,False,,
hybrid_mdd20_three_profile_blend,hybrid_train_validation_selected,hybrid_relaxed_paper_testnet_candidate,"{""aggressive_mdd30_gross10_shadow"": 0.1, ""balanced_mdd12_gross5"": 0.75, ""growth_mdd20_gross8"": 0.15}",{},1.825,1.3047792018519955,0.46554547075141417,0.10280432232016068,0.3373713277537932,0.1453025297313505,0.07705731056113674,3363,789,362,31.330052570207293,47.128334548266565,22.203957304570345,0,0,0,0,0,0,4.7231461807315736,True,False,False,True,False,False,,
hybrid_mdd20_three_profile_blend,hybrid_train_validation_selected,hybrid_relaxed_paper_testnet_candidate,"{""aggressive_mdd30_gross10_shadow"": 0.1, ""balanced_mdd12_gross5"": 0.8, ""growth_mdd20_gross8"": 0.1}",{},1.6800000000000002,1.2060539108694854,0.44564180667187014,0.09397217156168147,0.3315801738128481,0.14182920100487628,0.07669690846150312,3363,789,362,31.103102714810333,48.33425235052821,22.090308312572045,0,0,0,0,0,0,4.535011833009935,True,False,False,True,False,False,,
