profile_id,symbol,asset_group,family,timeframe,side,lookback_bars,threshold,exit_threshold,min_hold_bars,cooldown_bars,integer_leverage,notional_fraction,train_return,validation_return,train_mdd,validation_mdd,train_trade_event_count,validation_trade_event_count,train_return_per_turnover_proxy_bps,validation_return_per_turnover_proxy_bps,train_validation_score,profile_objective_score,dominant_anchor,dominant_anchor_abs_corr,ready_for_paper,rejection_reasons,sleeve_multiplier,weighted_notional_fraction,profile_weight_rank
balanced_mdd12_gross5_69_asset_profile_optuna,XPTUSDT,tradfi_commodity,volatility_adjusted_trend_persistence,2h,long_short,6,0.8,0.15000000000000002,66,6,6,0.6000000000000001,0.14017114488401283,0.09250314631732937,0.07977724620146509,0.04711156565456576,20,17,116.809287403344,90.68935913463663,2.5313265066701063,1.7615378803545143,precious_metal_gold,0.03359949728957383,False,train_trade_event_count_20_below_80;validation_trade_event_count_17_below_30,0.8937503599493716,0.5362502159696231,1
balanced_mdd12_gross5_69_asset_profile_optuna,GOOGLUSDT,tradfi_equity,volatility_adjusted_trend_persistence,4h,long_only,6,1.1,0.4,60,18,5,0.5,0.03524810115324062,0.1192255914627458,0.01568865347442483,0.028046176811517998,1,8,704.9620230648123,298.0639786568645,2.4190491690826743,0.03491653372474035,us_equity_beta_spy,0.1389417896419326,False,train_trade_event_count_1_below_80;validation_trade_event_count_8_below_30;train_return_below_validation_return_possible_validation_spike,0.8851819095545781,0.44259095477728905,2
balanced_mdd12_gross5_69_asset_profile_optuna,TONUSDT,crypto_core,volatility_adjusted_trend_persistence,2h,long_short,24,2.0,0.05,72,6,4,0.4,0.3114301773141095,0.3090850708968318,0.1393660261404409,0.0783030969110654,72,8,108.1354782340658,965.8908465525993,4.567540230320085,3.739671996672943,high_beta_alt_sol,0.014848062945894538,False,train_trade_event_count_72_below_80;validation_trade_event_count_8_below_30,0.9214501640517389,0.36858006562069556,3
balanced_mdd12_gross5_69_asset_profile_optuna,CRCLUSDT,tradfi_equity,cross_sectional_momentum_rank,30m,long_only,6,0.05,0.6,54,18,4,0.4,0.14273549660626172,0.13614600030266044,0.09957804606034004,0.07802371606600444,42,40,84.96160512277483,85.09125018916278,2.634763850069522,1.8348540508628548,high_beta_alt_sol,0.04367140990893477,False,train_trade_event_count_42_below_80,0.8959940900546873,0.35839763602187497,4
balanced_mdd12_gross5_69_asset_profile_optuna,EWYUSDT,tradfi_etf_index,cross_sectional_momentum_rank,4h,long_short,24,0.3,0.35,60,0,4,0.4,0.008290543451193066,0.19255961144705824,0.04629220890276742,0.054264399467663926,3,9,69.08786209327555,534.8878095751618,2.101353064125015,0.02117805889148694,precious_metal_gold,0.12345472280211724,False,train_trade_event_count_3_below_80;validation_trade_event_count_9_below_30;train_return_below_validation_return_possible_validation_spike,0.8732603588586771,0.3493041435434709,5
balanced_mdd12_gross5_69_asset_profile_optuna,METAUSDT,tradfi_equity,cross_sectional_momentum_rank,2h,long_short,72,0.15000000000000002,0.44999999999999996,54,9,5,0.5,0.005886467726563316,0.04804888135404628,0.00046077930208621165,0.016535391520409504,1,7,117.72935453126632,137.28251815441794,2.060711562647607,-0.3515209009589788,energy_crude_beta,0.07787293838464028,False,train_trade_event_count_1_below_80;validation_trade_event_count_7_below_30;train_return_below_validation_return_possible_validation_spike,0.6888885910928688,0.3444442955464344,6
balanced_mdd12_gross5_69_asset_profile_optuna,COPPERUSDT,tradfi_commodity,volatility_adjusted_trend_persistence,30m,long_short,72,1.2000000000000002,0.1,72,15,5,0.5,0.004385781747489714,0.03686214403616472,0.026648907255256038,0.028573532155053427,17,35,5.1597432323408405,21.06408230637984,0.3018431040762466,-0.7018093815125813,energy_crude_beta,0.023224035156881317,False,train_trade_event_count_17_below_80;train_return_below_validation_return_possible_validation_spike;train_return_per_turnover_proxy_bps_5.160_not_above_10.000,0.5622284437577615,0.28111422187888074,7
balanced_mdd12_gross5_69_asset_profile_optuna,SOLUSDT,crypto_core,volatility_adjusted_trend_persistence,4h,long_short,48,0.6000000000000001,0.35000000000000003,36,6,3,0.30000000000000004,0.11023611172871739,0.031876838326695855,0.14156879220796292,0.03012614662715185,78,9,47.109449456716824,118.06236417294761,1.6860152341787547,1.0886299962912662,high_beta_alt_sol,0.033978676073108775,False,train_trade_event_count_78_below_80;validation_trade_event_count_9_below_30,0.8845601582391699,0.265368047471751,8
balanced_mdd12_gross5_69_asset_profile_optuna,MSTRUSDT,tradfi_equity,cross_sectional_momentum_rank,1h,long_only,48,0.05,0.55,12,12,3,0.30000000000000004,0.0009817734730579453,0.02768268011194941,0.0010118158310586933,0.026215516294694097,2,10,16.36289121763242,92.27560037316469,1.146209378136271,-1.05654972900328,energy_crude_beta,0.12638820505927234,False,train_trade_event_count_2_below_80;validation_trade_event_count_10_below_30;train_return_below_validation_return_possible_validation_spike,0.8690923887771679,0.2607277166331504,9
balanced_mdd12_gross5_69_asset_profile_optuna,PAYPUSDT,tradfi_equity,cross_sectional_momentum_rank,4h,short_only,48,0.25,0.65,24,6,4,0.4,0.0031920204691224807,0.011548345718084052,0.01952587620535362,0.05069542337316291,1,6,79.80051172806202,48.11810715868354,1.0522613762078974,-1.606634944660624,tech_growth_qqq,0.0882065855432312,False,train_trade_event_count_1_below_80;validation_trade_event_count_6_below_30;validation_return_0.0115_below_0.02;train_return_below_validation_return_possible_validation_spike,0.6306045252610668,0.25224181010442676,10
balanced_mdd12_gross5_69_asset_profile_optuna,XAGUSDT,tradfi_commodity,volatility_adjusted_trend_persistence,1h,long_only,6,0.8,0.3,48,9,5,0.5,0.1538829362508609,0.07276002798067993,0.16469536482714142,0.05063850187291541,58,37,53.06308146581411,39.329744854421584,1.3678557689223771,0.8242654589082161,silver_metal_beta,0.030776332280309748,False,train_trade_event_count_58_below_80,0.45112882441136953,0.22556441220568477,11
balanced_mdd12_gross5_69_asset_profile_optuna,TRXUSDT,crypto_core,volatility_adjusted_trend_persistence,1h,long_only,6,1.3,0.15000000000000002,30,9,6,0.6000000000000001,0.10163424914604247,0.0037737090694740516,0.12884899193131882,0.03256147721479541,395,54,4.28836494287099,1.1647250214426084,-0.04571790904811314,-2.869853684806793,crypto_liquidity_eth,0.018214731698586496,False,validation_return_0.0038_below_0.02;train_return_per_turnover_proxy_bps_4.288_not_above_10.000;validation_return_per_turnover_proxy_bps_1.165_not_above_10.000,0.3718065045455059,0.22308390272730358,12
balanced_mdd12_gross5_69_asset_profile_optuna,COINUSDT,tradfi_equity,cross_sectional_momentum_rank,4h,long_only,12,0.2,0.39999999999999997,54,12,4,0.4,0.09197936486575498,0.04535095836509617,0.04073100032348187,0.05889406757893867,7,9,328.4977316634106,125.97488434748936,2.1397022785971034,0.24351894891705084,energy_crude_beta,0.05876326666204457,False,train_trade_event_count_7_below_80;validation_trade_event_count_9_below_30,0.5049583532089085,0.2019833412835634,13
balanced_mdd12_gross5_69_asset_profile_optuna,ADAUSDT,crypto_core,cross_sectional_momentum_rank,4h,short_only,6,0.05,0.39999999999999997,42,18,3,0.30000000000000004,0.17947479293710078,0.017305400855920583,0.1307874611353096,0.030440253935924422,64,7,93.47645465473998,82.40667074247895,1.7372404227601472,0.8393352891084358,us_equity_beta_spy,0.032278410764497015,False,train_trade_event_count_64_below_80;validation_trade_event_count_7_below_30;validation_return_0.0173_below_0.02,0.6307052604572487,0.18921157813717465,14
balanced_mdd12_gross5_69_asset_profile_optuna,TSLAUSDT,tradfi_equity,cross_sectional_momentum_rank,30m,long_only,48,0.05,0.55,48,18,3,0.30000000000000004,0.0016511549536371017,0.012574609246837953,0.0065714749310401555,0.012716192709177565,2,10,27.519249227285027,41.9153641561265,0.6926449093978921,-1.5968305708706414,tech_growth_qqq,0.04044674298268112,False,train_trade_event_count_2_below_80;validation_trade_event_count_10_below_30;validation_return_0.0126_below_0.02;train_return_below_validation_return_possible_validation_spike,0.610755521877004,0.18322665656310122,15
balanced_mdd12_gross5_69_asset_profile_optuna,HOODUSDT,tradfi_equity,trend_pullback_reclaim,1h,short_only,36,-0.25,0.0,30,6,3,0.30000000000000004,0.049379756213416615,0.013213867100697163,0.03143199753495174,0.03211273700606476,16,8,102.8744921112846,55.057779586238176,1.442167229279455,0.21898182675409994,crypto_liquidity_eth,0.06923267705257151,False,train_trade_event_count_16_below_80;validation_trade_event_count_8_below_30;validation_return_0.0132_below_0.02,0.5317257726595714,0.15951773179787146,16
balanced_mdd12_gross5_69_asset_profile_optuna,PLTRUSDT,tradfi_equity,volatility_adjusted_trend_persistence,30m,long_short,12,0.4,0.6,24,12,2,0.2,0.026267730129404976,-0.00021636583272877097,0.022200320577704935,0.05701791961982128,134,141,9.801391839330215,-0.07672547259885494,-0.14930139381355503,-2.519030063218951,precious_metal_gold,0.021033039725239264,False,validation_return_-0.0002_below_0.02;train_return_per_turnover_proxy_bps_9.801_not_above_10.000;validation_return_per_turnover_proxy_bps_-0.077_not_above_10.000,0.5826650355342677,0.11653300710685355,17
balanced_mdd12_gross5_69_asset_profile_optuna,AMZNUSDT,tradfi_equity,volatility_adjusted_trend_persistence,2h,long_only,6,0.4,0.6,72,0,1,0.1,0.003478296864790398,0.02456977734618171,0.009059252303687981,0.007471565094355759,16,17,21.739355404939985,144.52810203636298,1.3587044074345374,0.6333788493840194,silver_metal_beta,0.03883566425895179,False,train_trade_event_count_16_below_80;validation_trade_event_count_17_below_30;train_return_below_validation_return_possible_validation_spike,0.9181805342148806,0.09181805342148806,18
balanced_mdd12_gross5_69_asset_profile_optuna,XAUUSDT,tradfi_commodity,cross_sectional_momentum_rank,2h,long_short,24,0.15000000000000002,0.55,72,3,2,0.2,0.019358561669367447,0.005089012169428031,0.023225435257937188,0.004978937610694456,16,2,60.49550521677327,127.22530423570078,1.6436701864176768,-0.7115294823491278,precious_metal_gold,0.05155338919490279,False,train_trade_event_count_16_below_80;validation_trade_event_count_2_below_30;validation_return_0.0051_below_0.02,0.327554609541597,0.0655109219083194,19
balanced_mdd12_gross5_69_asset_profile_optuna,BNBUSDT,crypto_core,cross_sectional_momentum_rank,1h,short_only,48,0.05,0.5,54,15,3,0.30000000000000004,0.027345045765097664,0.005788980383583109,0.036910374310431204,0.005185658574980212,39,6,23.37183398726296,32.16100213101727,0.5863624306937241,-0.09476792474790025,crypto_liquidity_eth,0.013294533021782639,False,train_trade_event_count_39_below_80;validation_trade_event_count_6_below_30;validation_return_0.0058_below_0.02,0.16932007198356103,0.05079602159506832,20
balanced_mdd12_gross5_69_asset_profile_optuna,AVAXUSDT,crypto_core,volatility_adjusted_trend_persistence,30m,short_only,6,2.0,0.05,24,12,4,0.4,0.010291804118239156,0.01690029670353388,0.2325665074946518,0.047241204702956896,525,66,0.4900859103923408,6.401627539217378,0.0038460422007911554,-2.1339182874127456,high_beta_alt_sol,0.016193759127512277,False,validation_return_0.0169_below_0.02;train_return_below_validation_return_possible_validation_spike;train_return_per_turnover_proxy_bps_0.490_not_above_10.000;validation_return_per_turnover_proxy_bps_6.402_not_above_10.000,0.06079659769151944,0.02431863907660778,21
balanced_mdd12_gross5_69_asset_profile_optuna,XPDUSDT,tradfi_commodity,volatility_adjusted_trend_persistence,4h,short_only,6,2.0,0.5,6,18,2,0.2,0.017496569861329414,0.0036178424973538625,0.010434020923731135,0.005893054266798203,9,10,97.20316589627451,18.089212486769313,1.0218149189796155,-1.0211455792190787,tech_growth_qqq,0.03494607626866827,False,train_trade_event_count_9_below_80;validation_trade_event_count_10_below_30;validation_return_0.0036_below_0.02,0.04708313304683281,0.009416626609366562,22
growth_mdd20_gross8_69_asset_profile_optuna,AAPLUSDT,tradfi_equity,volatility_adjusted_trend_persistence,2h,long_only,6,0.4,0.35000000000000003,60,18,10,1.0,0.0,0.22309001308444154,0.0,0.02669275692667661,0,15,,148.7266753896277,1.6736101226577293,-19.198177209135174,crypto_beta_btc,0.057984582419146495,False,train_trade_event_count_0_below_80;validation_trade_event_count_15_below_30;train_return_not_positive;train_return_below_validation_return_possible_validation_spike;train_return_per_turnover_proxy_bps_missing_not_above_10.000,0.7648232442129135,0.7648232442129135,1
growth_mdd20_gross8_69_asset_profile_optuna,MUUSDT,tradfi_equity,cross_sectional_momentum_rank,1h,long_only,6,0.3,0.35,54,3,9,0.9,0.0,1.3120575637710603,0.0,0.13417075794677324,0,39,,373.8055737239488,4.5106007706371996,-15.272219010469087,high_beta_alt_sol,0.03979124832642483,False,train_trade_event_count_0_below_80;train_return_not_positive;train_return_below_validation_return_possible_validation_spike;train_return_per_turnover_proxy_bps_missing_not_above_10.000,0.7838023870643229,0.7054221483578906,2
growth_mdd20_gross8_69_asset_profile_optuna,SNDKUSDT,tradfi_equity,volatility_adjusted_trend_persistence,30m,long_only,12,1.3,0.3,72,6,7,0.7000000000000001,0.0,0.8801014161431964,0.0,0.13165378903218372,0,47,,267.508029222856,3.2248002034119656,-16.989975725322182,silver_metal_beta,0.0744961555081906,False,train_trade_event_count_0_below_80;train_return_not_positive;train_return_below_validation_return_possible_validation_spike;train_return_per_turnover_proxy_bps_missing_not_above_10.000,0.8856426104150742,0.619949827290552,3
growth_mdd20_gross8_69_asset_profile_optuna,TSLAUSDT,tradfi_equity,cross_sectional_momentum_rank,30m,long_only,6,0.05,0.55,60,12,8,0.8,0.017399584962139558,0.06047151555267227,0.026613702193013067,0.08720974156180106,14,28,15.535343716196033,26.99621230030012,0.3750919947474658,-0.3796434778571339,us_equity_beta_spy,0.06439092066731275,False,train_trade_event_count_14_below_80;validation_trade_event_count_28_below_30;train_return_below_validation_return_possible_validation_spike,0.6609093065316191,0.5287274452252952,4
growth_mdd20_gross8_69_asset_profile_optuna,TONUSDT,crypto_core,volatility_adjusted_trend_persistence,30m,long_short,48,1.1,0.1,60,9,7,0.7000000000000001,0.5941603890259917,0.9190164830530254,0.33836323023063253,0.16880787810171494,407,44,20.855050509862814,298.38197501721595,7.228763664114464,6.704043753788364,energy_crude_beta,0.027352967936484195,False,train_return_below_validation_return_possible_validation_spike,0.7524991088948705,0.5267493762264094,5
growth_mdd20_gross8_69_asset_profile_optuna,CRCLUSDT,tradfi_equity,cross_sectional_momentum_rank,1h,long_only,72,0.2,0.5,36,9,9,0.9,0.3302773357331408,0.28667270438528947,0.0918081242220038,0.14431152709235473,14,15,262.1248696294768,212.35015139651074,4.090589027735276,2.7709320503506425,us_equity_beta_spy,0.02335154873307586,False,train_trade_event_count_14_below_80;validation_trade_event_count_15_below_30,0.5573137166390267,0.5015823449751241,6
growth_mdd20_gross8_69_asset_profile_optuna,SOXLUSDT,tradfi_etf_index,volatility_adjusted_trend_persistence,1h,long_short,48,1.3,0.6,30,18,8,0.8,0.0,0.277236762251319,0.0,0.08409900589721986,0,6,,577.5765880235812,1.6064253742761887,-19.211215208349838,crypto_liquidity_eth,0.08675661522724501,False,train_trade_event_count_0_below_80;validation_trade_event_count_6_below_30;train_return_not_positive;train_return_below_validation_return_possible_validation_spike;train_return_per_turnover_proxy_bps_missing_not_above_10.000,0.6217222371554563,0.497377789724365,7
growth_mdd20_gross8_69_asset_profile_optuna,XAGUSDT,tradfi_commodity,cross_sectional_momentum_rank,30m,long_only,48,0.25,0.5,66,3,5,0.5,0.10494617463350142,0.015405975767483593,0.16279681516608557,0.0526541591454065,65,39,32.291130656461974,7.90050039358133,0.2926162263864438,-0.5162057904434132,silver_metal_beta,0.024929468244222926,False,train_trade_event_count_65_below_80;validation_return_0.0154_below_0.02;validation_return_per_turnover_proxy_bps_7.901_not_above_10.000,0.9225907419856668,0.4612953709928334,8
growth_mdd20_gross8_69_asset_profile_optuna,PLTRUSDT,tradfi_equity,cross_sectional_momentum_rank,30m,long_short,12,0.1,0.5,18,3,6,0.6000000000000001,0.012887205130036161,0.15362737365633428,0.0600597632165093,0.04659358876819353,104,78,2.06525723237759,32.82636189237911,0.7402224305377114,-0.31289245654912223,precious_metal_gold,0.021830229684105373,False,train_return_below_validation_return_possible_validation_spike;train_return_per_turnover_proxy_bps_2.065_not_above_10.000,0.7154395958273505,0.4292637574964104,9
growth_mdd20_gross8_69_asset_profile_optuna,COPPERUSDT,tradfi_commodity,cross_sectional_momentum_rank,4h,long_short,6,0.25,0.55,36,12,9,0.9,0.08837665582583587,0.06353795550386221,0.03846740734772791,0.05458163346452305,5,11,196.39256850185748,64.17975303420425,1.931725743808646,-0.168363397728569,crypto_liquidity_eth,0.07740944219805095,False,train_trade_event_count_5_below_80;validation_trade_event_count_11_below_30,0.36599876299627876,0.3293988866966509,10
growth_mdd20_gross8_69_asset_profile_optuna,INTCUSDT,tradfi_equity,cross_sectional_momentum_rank,1h,long_only,6,0.3,0.5,72,12,4,0.4,0.03887366891650634,0.34703302161616456,0.06567440042656636,0.06330837924957533,30,29,32.39472409708862,299.16639794496945,2.421611541060999,2.275758850444338,crypto_beta_btc,0.03873936586308228,False,train_trade_event_count_30_below_80;validation_trade_event_count_29_below_30;train_return_below_validation_return_possible_validation_spike,0.7505796884446218,0.30023187537784873,11
growth_mdd20_gross8_69_asset_profile_optuna,EWYUSDT,tradfi_etf_index,cross_sectional_momentum_rank,4h,short_only,6,0.05,0.65,54,18,4,0.4,0.018127326235432673,0.03330644143172523,0.0348674952671324,0.03289503049478515,2,2,226.5915779429084,416.33051789656537,2.0306112672907917,-1.3363623524977195,precious_metal_gold,0.18250942171546522,False,train_trade_event_count_2_below_80;validation_trade_event_count_2_below_30;train_return_below_validation_return_possible_validation_spike,0.6641875819804889,0.26567503279219556,12
growth_mdd20_gross8_69_asset_profile_optuna,EWJUSDT,tradfi_etf_index,volatility_adjusted_trend_persistence,30m,long_only,6,0.7000000000000001,0.45,60,15,3,0.30000000000000004,0.013914375517563915,0.027712859227313036,0.016920223232850695,0.016277949816570048,19,61,24.41118511853318,15.143638922028979,0.4801594166234784,0.22030294890148674,energy_crude_beta,0.1404155174464466,False,train_trade_event_count_19_below_80;train_return_below_validation_return_possible_validation_spike,0.8646901990760533,0.259407059722816,13
growth_mdd20_gross8_69_asset_profile_optuna,BNBUSDT,crypto_core,volatility_adjusted_trend_persistence,30m,long_only,72,1.5,0.35000000000000003,60,6,4,0.4,0.10156475869841342,0.036940935573601674,0.09022543444588904,0.010918919324192089,119,16,21.337134180338953,57.72021183375261,1.1264083491969679,0.7152296964654205,crypto_liquidity_eth,0.023762043652567868,False,validation_trade_event_count_16_below_30,0.6148305348436088,0.24593221393744355,14
growth_mdd20_gross8_69_asset_profile_optuna,CLUSDT,tradfi_commodity,volatility_adjusted_trend_persistence,30m,long_only,6,1.7000000000000002,0.05,18,0,5,0.5,0.014022165929923558,-0.034581927281588265,0.02157523944082773,0.06384677320476984,6,87,46.74055309974519,-7.949868340595003,-0.2827426632806802,-6.468546319447763,crypto_beta_btc,0.061952352091168,False,train_trade_event_count_6_below_80;validation_return_-0.0346_below_0.02;validation_return_per_turnover_proxy_bps_-7.950_not_above_10.000,0.4725054702377608,0.2362527351188804,15
growth_mdd20_gross8_69_asset_profile_optuna,ADAUSDT,crypto_core,cross_sectional_momentum_rank,2h,short_only,24,0.2,0.65,24,12,8,0.8,0.22089427080739776,0.026745954793611526,0.3897529711225015,0.05912753780819813,171,16,16.14724201808463,20.895277182509002,0.38430651592954446,-0.15755180375134625,crypto_beta_btc,0.029314071317840237,False,validation_trade_event_count_16_below_30,0.2796789391189673,0.22374315129517386,16
growth_mdd20_gross8_69_asset_profile_optuna,TRXUSDT,crypto_core,trend_pullback_reclaim,4h,long_only,96,-0.25,0.0,36,15,7,0.7000000000000001,0.12678257664827597,0.01719340358334942,0.10347452905373922,0.048916084796377435,21,4,86.2466507811401,61.40501279767649,1.3686730046733273,0.272146683987197,crypto_liquidity_eth,0.03262824357613399,False,train_trade_event_count_21_below_80;validation_trade_event_count_4_below_30;validation_return_0.0172_below_0.02,0.2847183420714333,0.19930283945000335,17
growth_mdd20_gross8_69_asset_profile_optuna,ETHUSDT,crypto_core,volatility_adjusted_trend_persistence,4h,long_only,72,0.4,0.05,18,18,10,1.0,0.04596007630592225,0.07833243661559308,0.2945390328044578,0.02705681889896283,18,2,25.533375725512357,391.66218307796544,1.74939977239647,-0.07724050925195525,us_equity_beta_spy,0.03340073275000889,False,train_trade_event_count_18_below_80;validation_trade_event_count_2_below_30;train_return_below_validation_return_possible_validation_spike,0.15350693308136398,0.15350693308136398,18
growth_mdd20_gross8_69_asset_profile_optuna,XPTUSDT,tradfi_commodity,cross_sectional_momentum_rank,4h,long_short,6,0.25,0.35,36,3,5,0.5,0.009868993570314677,0.07844805613589445,0.08906449750881207,0.044708810722339454,17,15,11.610580670958443,104.5974081811926,1.3285233337611357,0.5971109615485946,crypto_beta_btc,0.03664168799328749,False,train_trade_event_count_17_below_80;validation_trade_event_count_15_below_30;train_return_below_validation_return_possible_validation_spike,0.24637216602616985,0.12318608301308492,19
growth_mdd20_gross8_69_asset_profile_optuna,BTCUSDT,crypto_core,volatility_adjusted_trend_persistence,1h,long_only,48,1.9,0.6,18,9,3,0.30000000000000004,0.00515346324542576,-0.004031029453339663,0.03342390901756864,0.005460395577481458,70,8,2.454030116869409,-16.795956055581925,-0.22630784509365118,-6.331337189553374,high_beta_alt_sol,0.05805266543798173,False,train_trade_event_count_70_below_80;validation_trade_event_count_8_below_30;validation_return_-0.0040_below_0.02;train_return_per_turnover_proxy_bps_2.454_not_above_10.000;validation_return_per_turnover_proxy_bps_-16.796_not_above_10.000,0.36201849682791987,0.10860554904837598,20
growth_mdd20_gross8_69_asset_profile_optuna,PAYPUSDT,tradfi_equity,cross_sectional_momentum_rank,2h,long_short,12,0.25,0.65,72,15,2,0.2,0.007500885651985811,0.03089978489774703,0.019121928895727613,0.034029054664105995,3,15,125.01476086643017,102.99928299249011,1.9497833372191695,-0.41147069288421956,energy_crude_beta,0.10443655862159933,False,train_trade_event_count_3_below_80;validation_trade_event_count_15_below_30;train_return_below_validation_return_possible_validation_spike,0.5193340984930636,0.10386681969861272,21
growth_mdd20_gross8_69_asset_profile_optuna,BZUSDT,tradfi_commodity,volatility_adjusted_trend_persistence,1h,long_only,48,0.9,0.2,42,15,10,1.0,0.0012424053999910978,0.1488272991218269,0.001829156758734407,0.16759780715536732,1,18,12.424053999910978,82.68183284545938,0.8063871187927605,-1.323393187761364,high_beta_alt_sol,0.03915610365427174,False,train_trade_event_count_1_below_80;validation_trade_event_count_18_below_30;train_return_below_validation_return_possible_validation_spike,0.09618257729181026,0.09618257729181026,22
growth_mdd20_gross8_69_asset_profile_optuna,GOOGLUSDT,tradfi_equity,volatility_adjusted_trend_persistence,2h,long_only,6,0.7000000000000001,0.55,42,18,2,0.2,0.0125975083565808,0.045078046067647426,0.0048934341965483075,0.015391010711307995,2,21,314.93770891452,107.32868111344625,2.09999834411993,-0.3085502673378089,crypto_liquidity_eth,0.03183027225753281,False,train_trade_event_count_2_below_80;validation_trade_event_count_21_below_30;train_return_below_validation_return_possible_validation_spike,0.4201746006848874,0.08403492013697748,23
growth_mdd20_gross8_69_asset_profile_optuna,AVAXUSDT,crypto_core,volatility_adjusted_trend_persistence,30m,short_only,12,0.9,0.15000000000000002,60,18,2,0.2,0.14515415147691835,0.0319925062657207,0.10923516601892702,0.017757078025148698,453,55,16.02142952283867,29.084096605200635,0.6895690390607478,0.3946358063543798,high_beta_alt_sol,0.012006394974430989,True,,0.2753199876701329,0.055063997534026576,24
growth_mdd20_gross8_69_asset_profile_optuna,COINUSDT,tradfi_equity,volatility_adjusted_trend_persistence,4h,long_only,12,0.9,0.25,60,6,3,0.30000000000000004,0.029499613039241757,0.019903510637306887,0.03978964275426633,0.061767461696672354,7,9,140.47434780591308,73.71670606409957,1.5944213494243882,-0.33463942664612656,energy_crude_beta,0.04857202523179792,False,train_trade_event_count_7_below_80;validation_trade_event_count_9_below_30;validation_return_0.0199_below_0.02,0.1710341763652136,0.051310252909564084,25
growth_mdd20_gross8_69_asset_profile_optuna,MSTRUSDT,tradfi_equity,cross_sectional_momentum_rank,4h,long_short,72,0.25,0.5,42,6,3,0.30000000000000004,0.02596900326040208,0.04972954838627475,0.0403149975667928,0.037400138295623275,7,7,123.66192028762893,236.80737326797492,2.112831057613389,0.2466388623473066,us_equity_beta_spy,0.044402390249856045,False,train_trade_event_count_7_below_80;validation_trade_event_count_7_below_30;train_return_below_validation_return_possible_validation_spike,0.1363713125213755,0.04091139375641265,26
growth_mdd20_gross8_69_asset_profile_optuna,DOGEUSDT,crypto_core,volatility_adjusted_trend_persistence,30m,short_only,24,0.8,0.15000000000000002,6,6,5,0.5,0.10220108363233549,0.018012218677277536,0.18785049368696638,0.060044704375569746,729,72,2.8038706071971324,5.003394077021538,0.009896115847628562,-2.005750771452135,high_beta_alt_sol,0.020673833199590236,False,validation_return_0.0180_below_0.02;train_return_per_turnover_proxy_bps_2.804_not_above_10.000;validation_return_per_turnover_proxy_bps_5.003_not_above_10.000,0.06853386066589749,0.034266930332948746,27
growth_mdd20_gross8_69_asset_profile_optuna,NVDAUSDT,tradfi_equity,cross_sectional_momentum_rank,2h,long_short,72,0.3,0.44999999999999996,18,3,3,0.30000000000000004,0.004199365600570326,0.02687677544485112,0.0018122735961291214,0.03569618856327428,1,19,139.97885335234417,47.15223762254582,1.3223885331801168,-1.0329969821884117,tech_growth_qqq,0.08427666330030507,False,train_trade_event_count_1_below_80;validation_trade_event_count_19_below_30;train_return_below_validation_return_possible_validation_spike,0.07018727322876431,0.021056181968629295,28
growth_mdd20_gross8_69_asset_profile_optuna,AMZNUSDT,tradfi_equity,volatility_adjusted_trend_persistence,30m,long_only,72,0.9,0.2,66,0,2,0.2,0.008452935637138559,0.027590523268133715,0.009636630899426568,0.013891839752965818,25,32,16.905871274277118,43.11019260645893,0.7020326931246804,0.47388818509189023,us_equity_beta_spy,0.06421485707354987,False,train_trade_event_count_25_below_80;train_return_below_validation_return_possible_validation_spike,0.08676179708565263,0.017352359417130526,29
growth_mdd20_gross8_69_asset_profile_optuna,XAUUSDT,tradfi_commodity,volatility_adjusted_trend_persistence,2h,long_only,48,0.8,0.3,42,9,2,0.2,0.015323465839438333,0.003528957412184841,0.02772902119035725,0.0055852689061876015,26,8,29.46820353738141,22.055983826155256,0.5018188695597979,-0.2202458449266972,precious_metal_gold,0.13940159198732216,False,train_trade_event_count_26_below_80;validation_trade_event_count_8_below_30;validation_return_0.0035_below_0.02,0.0776045145912866,0.01552090291825732,30
aggressive_mdd30_gross10_69_asset_profile_optuna,MUUSDT,tradfi_equity,volatility_adjusted_trend_persistence,4h,long_only,24,1.4,0.2,54,6,12,1.2000000000000002,0.0,1.213555892993944,0.0,0.1273077233529033,0,5,,2022.5931549899067,4.242547896681329,-15.638773555202071,crypto_beta_btc,0.05347042562888937,False,train_trade_event_count_0_below_80;validation_trade_event_count_5_below_30;train_return_not_positive;train_return_below_validation_return_possible_validation_spike;train_return_per_turnover_proxy_bps_missing_not_above_10.000,0.6608451384322845,0.7930141661187415,1
aggressive_mdd30_gross10_69_asset_profile_optuna,CBRSUSDT,tradfi_equity,cross_sectional_momentum_rank,30m,short_only,24,0.2,0.5,48,6,10,1.0,0.0,0.19252267130625356,0.0,0.12774715810520432,0,13,,148.09436254327196,1.1776904926090546,-19.724664180962037,crypto_beta_btc,0.07492339003616982,False,train_trade_event_count_0_below_80;validation_trade_event_count_13_below_30;train_return_not_positive;train_return_below_validation_return_possible_validation_spike;train_return_per_turnover_proxy_bps_missing_not_above_10.000,0.6525451081261391,0.6525451081261391,2
aggressive_mdd30_gross10_69_asset_profile_optuna,SNDKUSDT,tradfi_equity,cross_sectional_momentum_rank,1h,long_only,6,0.15000000000000002,0.65,60,12,9,0.9,0.0,1.025539612903828,0.0,0.18576493656761328,0,31,,367.5769221877519,3.444670203552141,-16.624667528421377,tech_growth_qqq,0.08614104310525537,False,train_trade_event_count_0_below_80;train_return_not_positive;train_return_below_validation_return_possible_validation_spike;train_return_per_turnover_proxy_bps_missing_not_above_10.000,0.6679413906748971,0.6011472516074075,3
aggressive_mdd30_gross10_69_asset_profile_optuna,TONUSDT,crypto_core,volatility_adjusted_trend_persistence,30m,long_only,72,1.7000000000000002,0.55,12,0,9,0.9,0.25639935329271535,0.8335093181293021,0.09931305404557023,0.1625842477511139,100,8,28.488817032523926,1157.6518307351419,4.865304679501577,4.904301344607268,tech_growth_qqq,0.010917624787882635,False,validation_trade_event_count_8_below_30;train_return_below_validation_return_possible_validation_spike,0.6220338073762776,0.5598304266386498,4
aggressive_mdd30_gross10_69_asset_profile_optuna,HOODUSDT,tradfi_equity,cross_sectional_momentum_rank,30m,long_only,12,0.3,0.6,48,15,11,1.1,0.042532690493775505,0.715842237697494,0.19679086793395795,0.16538601097204253,69,64,5.6037800387056,101.68213603657584,2.9202544355141775,2.428449233512171,crypto_beta_btc,0.03666324599961643,False,train_trade_event_count_69_below_80;train_return_below_validation_return_possible_validation_spike;train_return_per_turnover_proxy_bps_5.604_not_above_10.000,0.4807063555077335,0.5287769910585068,5
aggressive_mdd30_gross10_69_asset_profile_optuna,ADAUSDT,crypto_core,cross_sectional_momentum_rank,30m,short_only,6,0.2,0.44999999999999996,72,18,8,0.8,0.925073581560059,0.06943028874900703,0.3824338723992907,0.1502744903162908,446,53,25.92695015583125,16.3750681011809,0.45649290093989614,-0.1099586315867005,crypto_liquidity_eth,0.018821251590434483,True,,0.6299037202790952,0.5039229762232762,6
aggressive_mdd30_gross10_69_asset_profile_optuna,CRCLUSDT,tradfi_equity,cross_sectional_momentum_rank,2h,long_only,24,0.1,0.6,42,9,8,0.8,0.4400571445677077,0.3161317420712033,0.09685576256550676,0.10056935595514871,12,11,458.3928589246955,359.24061599000373,4.545418570300281,3.0118762432663715,precious_metal_gold,0.042003278793365476,False,train_trade_event_count_12_below_80;validation_trade_event_count_11_below_30,0.5388079798487394,0.4310463838789915,7
aggressive_mdd30_gross10_69_asset_profile_optuna,BTCUSDT,crypto_core,cross_sectional_momentum_rank,4h,long_only,24,0.25,0.65,12,18,7,0.7000000000000001,0.0619272282147203,0.037525872118689074,0.09478568615433591,0.02777590697255483,36,6,24.57429691060329,89.34731456830731,1.4429259044735465,0.8892451631003735,crypto_beta_btc,0.018392902375531903,False,train_trade_event_count_36_below_80;validation_trade_event_count_6_below_30,0.6105704358744041,0.4273993051120829,8
aggressive_mdd30_gross10_69_asset_profile_optuna,TSMUSDT,tradfi_equity,volatility_adjusted_trend_persistence,2h,long_only,48,1.0,0.1,36,15,7,0.7000000000000001,0.0,0.05792335840885965,0.0,0.045698470959878335,0,8,,103.43456858724936,1.1020873024981768,-20.053191194061384,crypto_liquidity_eth,0.06541619567159235,False,train_trade_event_count_0_below_80;validation_trade_event_count_8_below_30;train_return_not_positive;train_return_below_validation_return_possible_validation_spike;train_return_per_turnover_proxy_bps_missing_not_above_10.000,0.5774794363443602,0.40423560544105214,9
aggressive_mdd30_gross10_69_asset_profile_optuna,FLNCUSDT,tradfi_equity,cross_sectional_momentum_rank,30m,long_short,24,0.1,0.55,54,15,6,0.6000000000000001,0.0,0.19000166776763683,0.0,0.056224146470707725,0,13,,243.59188175338053,1.4562195285311907,-19.448656148578518,tech_growth_qqq,0.1351564174930423,False,train_trade_event_count_0_below_80;validation_trade_event_count_13_below_30;train_return_not_positive;train_return_below_validation_return_possible_validation_spike;train_return_per_turnover_proxy_bps_missing_not_above_10.000,0.6368490789116015,0.38210944734696095,10
aggressive_mdd30_gross10_69_asset_profile_optuna,USARUSDT,tradfi_equity,volatility_adjusted_trend_persistence,1h,long_only,24,1.3,0.25,60,12,12,1.2000000000000002,0.0,0.19251294276100794,0.0,0.09987112792846853,0,8,,200.5343153760499,1.2891654276802609,-19.613198974436077,precious_metal_gold,0.0826908321929355,False,train_trade_event_count_0_below_80;validation_trade_event_count_8_below_30;train_return_not_positive;train_return_below_validation_return_possible_validation_spike;train_return_per_turnover_proxy_bps_missing_not_above_10.000,0.301265787989426,0.36151894558731124,11
aggressive_mdd30_gross10_69_asset_profile_optuna,GOOGLUSDT,tradfi_equity,cross_sectional_momentum_rank,30m,long_short,72,0.3,0.35,48,6,8,0.8,0.030632030971421864,0.04777803923934276,0.030792816218701335,0.048716274027167605,6,48,63.81673119046221,12.442197718578843,0.8176299574949943,-0.8963103026058779,silver_metal_beta,0.061101171630169065,False,train_trade_event_count_6_below_80;train_return_below_validation_return_possible_validation_spike,0.4300979921482434,0.3440783937185947,12
aggressive_mdd30_gross10_69_asset_profile_optuna,PAYPUSDT,tradfi_equity,volatility_adjusted_trend_persistence,2h,short_only,48,1.7000000000000002,0.35000000000000003,18,15,5,0.5,0.03585342700425609,0.011297962327466049,0.03704541836144948,0.04919656263193872,2,6,358.5342700425609,37.65987442488683,1.1623207740819153,-1.376497897163084,precious_metal_gold,0.029343184728429204,False,train_trade_event_count_2_below_80;validation_trade_event_count_6_below_30;validation_return_0.0113_below_0.02,0.6316981531329424,0.3158490765664712,13
aggressive_mdd30_gross10_69_asset_profile_optuna,XPDUSDT,tradfi_commodity,cross_sectional_momentum_rank,4h,short_only,72,0.25,0.5,60,0,6,0.6000000000000001,0.07867797382215502,0.007636170161078093,0.045498695102081044,0.048527996046304755,2,3,655.6497818512918,42.42316756154495,1.1831334941399667,-2.158462304745553,precious_metal_gold,0.08715549771654457,False,train_trade_event_count_2_below_80;validation_trade_event_count_3_below_30;validation_return_0.0076_below_0.02,0.4260861300506967,0.25565167803041805,14
aggressive_mdd30_gross10_69_asset_profile_optuna,CRWVUSDT,tradfi_equity,volatility_adjusted_trend_persistence,1h,long_only,12,1.9,0.6,42,15,12,1.2000000000000002,0.0,0.17380162481825323,0.0,0.05548717480515819,0,5,,289.6693746970887,1.410567286345238,-19.510508433713852,silver_metal_beta,0.07187013824356099,False,train_trade_event_count_0_below_80;validation_trade_event_count_5_below_30;train_return_not_positive;train_return_below_validation_return_possible_validation_spike;train_return_per_turnover_proxy_bps_missing_not_above_10.000,0.21028772160592404,0.2523452659271089,15
aggressive_mdd30_gross10_69_asset_profile_optuna,CLUSDT,tradfi_commodity,cross_sectional_momentum_rank,30m,long_short,12,0.15000000000000002,0.65,54,3,4,0.4,0.015160199414264941,0.13974094034389184,0.015902103435194603,0.051122584273429084,3,66,126.33499511887449,52.9321743726863,1.73474238427164,-0.35905413693971844,us_equity_beta_spy,0.09079922244861699,False,train_trade_event_count_3_below_80;train_return_below_validation_return_possible_validation_spike,0.6257960405196263,0.25031841620785056,16
aggressive_mdd30_gross10_69_asset_profile_optuna,METAUSDT,tradfi_equity,cross_sectional_momentum_rank,30m,short_only,12,0.05,0.35,24,6,12,1.2000000000000002,0.038205975152355576,0.04754351047733141,0.011249856633180677,0.02573273482988392,4,6,79.59578156740744,66.03265344073806,1.685032759672699,-0.49187486583557627,us_equity_beta_spy,0.0234671914959056,False,train_trade_event_count_4_below_80;validation_trade_event_count_6_below_30;train_return_below_validation_return_possible_validation_spike,0.2069047772908708,0.248285732749045,17
aggressive_mdd30_gross10_69_asset_profile_optuna,INTCUSDT,tradfi_equity,cross_sectional_momentum_rank,1h,long_only,12,0.2,0.5,54,6,7,0.7000000000000001,0.09468006062339884,0.6687150986948263,0.1002371148205552,0.13613974374599958,28,31,48.30615337928512,308.1636399515328,3.5906691044243937,3.5991169018105778,crypto_beta_btc,0.040808349815855564,False,train_trade_event_count_28_below_80;train_return_below_validation_return_possible_validation_spike,0.34136300617710624,0.2389541043239744,18
aggressive_mdd30_gross10_69_asset_profile_optuna,TSLAUSDT,tradfi_equity,volatility_adjusted_trend_persistence,2h,short_only,24,1.2000000000000002,0.1,42,6,5,0.5,-0.0054188476803551655,0.015549003159685437,0.0360842143504746,0.04471707962008731,17,12,-6.3751149180649005,25.915005266142398,0.06737472638299541,-7.559412889510697,high_beta_alt_sol,0.04889882718005494,False,train_trade_event_count_17_below_80;validation_trade_event_count_12_below_30;validation_return_0.0155_below_0.02;train_return_not_positive;train_return_below_validation_return_possible_validation_spike;train_return_per_turnover_proxy_bps_-6.375_not_above_10.000,0.4623597712520238,0.2311798856260119,19
aggressive_mdd30_gross10_69_asset_profile_optuna,NVDAUSDT,tradfi_equity,volatility_adjusted_trend_persistence,30m,long_only,6,1.5,0.45,24,15,5,0.5,0.01811687845191856,0.04843861187467291,0.016583666192592883,0.07792020737440264,14,91,25.88125493131223,10.645848763664375,0.28535904897664044,-0.44661843548861724,energy_crude_beta,0.03319724472778424,False,train_trade_event_count_14_below_80;train_return_below_validation_return_possible_validation_spike,0.4423049109018831,0.22115245545094156,20
aggressive_mdd30_gross10_69_asset_profile_optuna,QQQUSDT,tradfi_etf_index,volatility_adjusted_trend_persistence,2h,long_only,72,1.9,0.05,60,6,12,1.2000000000000002,0.0,0.18941812370138011,0.0,0.030078460734008217,0,6,,263.0807273630279,1.5590516392792186,-19.346407581896745,tech_growth_qqq,0.07017523203429128,False,train_trade_event_count_0_below_80;validation_trade_event_count_6_below_30;train_return_not_positive;train_return_below_validation_return_possible_validation_spike;train_return_per_turnover_proxy_bps_missing_not_above_10.000,0.1803410646933037,0.21640927763196446,21
aggressive_mdd30_gross10_69_asset_profile_optuna,EWJUSDT,tradfi_etf_index,volatility_adjusted_trend_persistence,2h,short_only,24,1.0,0.35000000000000003,30,0,3,0.30000000000000004,0.0017842228816074002,-0.0010342179643354488,0.015232400837359883,0.01221388367541587,5,14,11.894819210716,-2.4624237246082106,0.013082624453025181,-4.245221281350358,tech_growth_qqq,0.05260161953665603,False,train_trade_event_count_5_below_80;validation_trade_event_count_14_below_30;validation_return_-0.0010_below_0.02;validation_return_per_turnover_proxy_bps_-2.462_not_above_10.000,0.5918575939945631,0.17755727819836895,22
aggressive_mdd30_gross10_69_asset_profile_optuna,XAGUSDT,tradfi_commodity,volatility_adjusted_trend_persistence,30m,long_short,24,1.8000000000000003,0.6,66,18,7,0.7000000000000001,0.23950623449313646,0.10600547799261495,0.1622483360810243,0.06604886686921485,62,37,55.185768316390885,40.928755981704604,1.6575019314418467,1.0919992524244901,high_beta_alt_sol,0.019067451865059513,False,train_trade_event_count_62_below_80,0.19238789922965316,0.13467152946075722,23
aggressive_mdd30_gross10_69_asset_profile_optuna,PLTRUSDT,tradfi_equity,cross_sectional_momentum_rank,4h,long_only,24,0.25,0.5,66,0,10,1.0,0.07002369246427165,0.06278255382770492,0.18968325420138987,0.1805028615523122,3,7,233.41230821423883,89.68936261100703,1.704304621942915,-0.848002355376872,tech_growth_qqq,0.042434636256345824,False,train_trade_event_count_3_below_80;validation_trade_event_count_7_below_30,0.12642920177244793,0.12642920177244793,24
aggressive_mdd30_gross10_69_asset_profile_optuna,MRVLUSDT,tradfi_equity,cross_sectional_momentum_rank,2h,long_only,6,0.25,0.35,48,9,9,0.9,0.0,0.10226043619341452,0.0,0.11932928696675982,0,5,,227.24541376314335,0.9405752718243154,-20.052041636859617,precious_metal_gold,0.19071702268874777,False,train_trade_event_count_0_below_80;validation_trade_event_count_5_below_30;train_return_not_positive;train_return_below_validation_return_possible_validation_spike;train_return_per_turnover_proxy_bps_missing_not_above_10.000,0.13157691055650028,0.11841921950085026,25
aggressive_mdd30_gross10_69_asset_profile_optuna,MSTRUSDT,tradfi_equity,volatility_adjusted_trend_persistence,30m,long_only,72,0.8,0.05,72,18,3,0.30000000000000004,-0.00220481791528937,0.08951022706433753,0.03757676180831082,0.026950465671868207,23,25,-3.1953882830280715,119.34696941911669,1.2308803774753694,-5.632320623131232,crypto_liquidity_eth,0.02677947780571454,False,train_trade_event_count_23_below_80;validation_trade_event_count_25_below_30;train_return_not_positive;train_return_below_validation_return_possible_validation_spike;train_return_per_turnover_proxy_bps_-3.195_not_above_10.000,0.37526533130179107,0.11257959939053734,26
aggressive_mdd30_gross10_69_asset_profile_optuna,DRAMUSDT,tradfi_equity,volatility_adjusted_trend_persistence,1h,long_only,24,0.4,0.1,66,15,4,0.4,0.0,0.07546018234574325,0.0,0.02413208292713165,0,5,,377.30091172871624,1.2409633264398143,-19.77845383609179,crypto_beta_btc,0.10042961367194332,False,train_trade_event_count_0_below_80;validation_trade_event_count_5_below_30;train_return_not_positive;train_return_below_validation_return_possible_validation_spike;train_return_per_turnover_proxy_bps_missing_not_above_10.000,0.2570438020085335,0.1028175208034134,27
aggressive_mdd30_gross10_69_asset_profile_optuna,TRXUSDT,crypto_core,volatility_adjusted_trend_persistence,1h,long_short,24,1.5,0.35000000000000003,24,9,6,0.6000000000000001,-0.06714318628937921,0.043747915997803144,0.2085586895842173,0.028377107053193518,358,40,-3.1258466615167224,18.228298332417975,-0.24220746514165803,-7.692388981064075,crypto_beta_btc,0.02361857486481662,False,train_return_not_positive;train_return_below_validation_return_possible_validation_spike;train_return_per_turnover_proxy_bps_-3.126_not_above_10.000,0.1660623186059755,0.09963739116358532,28
aggressive_mdd30_gross10_69_asset_profile_optuna,COINUSDT,tradfi_equity,cross_sectional_momentum_rank,1h,long_only,12,0.3,0.6,18,0,4,0.4,0.10668857276316879,0.1092449903407331,0.09897986413556259,0.04262196762589421,47,69,56.749240831472754,39.58151823939605,1.7634278108458932,1.2629690300621834,crypto_liquidity_eth,0.050172857564656385,False,train_trade_event_count_47_below_80;train_return_below_validation_return_possible_validation_spike,0.23449166979027805,0.09379666791611123,29
aggressive_mdd30_gross10_69_asset_profile_optuna,AMDUSDT,tradfi_equity,volatility_adjusted_trend_persistence,2h,long_only,12,1.5,0.2,42,18,3,0.30000000000000004,0.0,0.025353750283233056,0.0,0.02485104903701718,0,7,,120.73214420587168,1.0877681658127416,-19.98175542878137,tech_growth_qqq,0.08538576492815722,False,train_trade_event_count_0_below_80;validation_trade_event_count_7_below_30;train_return_not_positive;train_return_below_validation_return_possible_validation_spike;train_return_per_turnover_proxy_bps_missing_not_above_10.000,0.2840017581515827,0.08520052744547482,30
aggressive_mdd30_gross10_69_asset_profile_optuna,XPTUSDT,tradfi_commodity,cross_sectional_momentum_rank,4h,long_only,24,0.25,0.65,54,3,2,0.2,0.014866032184249534,0.00524047094511948,0.021108620887232532,0.012372946466305712,7,6,106.18594417321094,43.67059120932899,1.318854812661512,-0.9705777687459177,precious_metal_gold,0.07658758414813091,False,train_trade_event_count_7_below_80;validation_trade_event_count_6_below_30;validation_return_0.0052_below_0.02,0.400538228399806,0.0801076456799612,31
aggressive_mdd30_gross10_69_asset_profile_optuna,BNBUSDT,crypto_core,cross_sectional_momentum_rank,2h,long_only,24,0.25,0.39999999999999997,42,12,3,0.30000000000000004,0.02721159077766777,0.020097233366703326,0.1188721322252384,0.02103659541851932,70,10,12.957900370317985,66.99077788901108,0.9591018149401551,0.5192811365622432,silver_metal_beta,0.014042420177990397,False,train_trade_event_count_70_below_80;validation_trade_event_count_10_below_30,0.24827147118901413,0.07448144135670424,32
aggressive_mdd30_gross10_69_asset_profile_optuna,NATGASUSDT,tradfi_commodity,cross_sectional_momentum_rank,30m,long_short,6,0.15000000000000002,0.44999999999999996,54,12,2,0.2,0.0018054268912337523,-0.01287533147376041,0.0053176680417950095,0.029606467072681997,4,68,22.567836140421903,-9.467155495412063,-0.15786683273695895,-6.0380239118933305,crypto_liquidity_eth,0.05840023081913474,False,train_trade_event_count_4_below_80;validation_return_-0.0129_below_0.02;validation_return_per_turnover_proxy_bps_-9.467_not_above_10.000,0.35445506960662293,0.07089101392132459,33
aggressive_mdd30_gross10_69_asset_profile_optuna,LITEUSDT,tradfi_equity,cross_sectional_momentum_rank,30m,long_short,24,0.2,0.55,66,12,12,1.2000000000000002,0.0,0.21356424255023176,0.0,0.11635695229659382,0,17,,104.68835419129006,1.2863760295754312,-19.704305971385324,energy_crude_beta,0.12024613324959062,False,train_trade_event_count_0_below_80;validation_trade_event_count_17_below_30;train_return_not_positive;train_return_below_validation_return_possible_validation_spike;train_return_per_turnover_proxy_bps_missing_not_above_10.000,0.04812979409259535,0.05775575291111443,34
aggressive_mdd30_gross10_69_asset_profile_optuna,ARMUSDT,tradfi_equity,cross_sectional_momentum_rank,30m,long_only,6,0.05,0.55,30,6,4,0.4,0.0,0.05142234627458575,0.0,0.016156182033267186,0,7,,183.65123669494912,1.2007534218017997,-19.84270157680096,crypto_beta_btc,0.14028942576910336,False,train_trade_event_count_0_below_80;validation_trade_event_count_7_below_30;train_return_not_positive;train_return_below_validation_return_possible_validation_spike;train_return_per_turnover_proxy_bps_missing_not_above_10.000,0.13694102361490423,0.054776409445961696,35
aggressive_mdd30_gross10_69_asset_profile_optuna,DOGEUSDT,crypto_core,volatility_adjusted_trend_persistence,4h,long_only,48,0.7000000000000001,0.25,24,3,4,0.4,0.1083971968331634,0.026084054404087675,0.13339891654125202,0.03696054144481431,38,6,71.31394528497593,108.68356001703197,1.8053503395454862,1.0591976579257878,crypto_liquidity_eth,0.022509446904884024,False,train_trade_event_count_38_below_80;validation_trade_event_count_6_below_30,0.13202917138178655,0.05281166855271462,36
aggressive_mdd30_gross10_69_asset_profile_optuna,SOLUSDT,crypto_core,volatility_adjusted_trend_persistence,30m,short_only,24,0.9,0.05,66,18,3,0.30000000000000004,0.09217029157525247,0.014525375811144992,0.12424268188090537,0.038231750785350904,350,41,8.7781230071669,11.809248626947145,0.189428965756944,-0.3362572422993115,crypto_beta_btc,0.019451956497518613,False,validation_return_0.0145_below_0.02;train_return_per_turnover_proxy_bps_8.778_not_above_10.000,0.17074356539384086,0.05122306961815227,37
aggressive_mdd30_gross10_69_asset_profile_optuna,XRPUSDT,crypto_core,cross_sectional_momentum_rank,30m,short_only,24,0.3,0.35,48,15,4,0.4,0.08220061575144189,-0.04916617580548621,0.33021598862119084,0.07135393222894781,517,71,3.974884707516532,-17.31203373432613,-0.9117262902200073,-8.55368056911534,crypto_liquidity_eth,0.025622198032629318,False,validation_return_-0.0492_below_0.02;train_return_per_turnover_proxy_bps_3.975_not_above_10.000;validation_return_per_turnover_proxy_bps_-17.312_not_above_10.000,0.1267290743505134,0.05069162974020536,38
aggressive_mdd30_gross10_69_asset_profile_optuna,BZUSDT,tradfi_commodity,volatility_adjusted_trend_persistence,2h,long_short,12,1.2000000000000002,0.4,36,9,1,0.1,0.0007569156021189904,0.002316329314785648,0.0006408965007848044,0.02389958091855693,1,25,75.69156021189904,9.265317259142591,0.6499815869957568,-2.2257618018344894,tech_growth_qqq,0.05985616459091191,False,train_trade_event_count_1_below_80;validation_trade_event_count_25_below_30;validation_return_0.0023_below_0.02;train_return_below_validation_return_possible_validation_spike;validation_return_per_turnover_proxy_bps_9.265_not_above_10.000,0.4741405977333757,0.04741405977333757,39
aggressive_mdd30_gross10_69_asset_profile_optuna,ETHUSDT,crypto_core,cross_sectional_momentum_rank,1h,short_only,6,0.25,0.39999999999999997,18,15,7,0.7000000000000001,-0.19286299387756423,0.014166193258726034,0.4719015411388481,0.08807876230010891,491,71,-5.611376022041438,2.850340695920731,-1.5785169443018734,-12.022262091496174,us_equity_beta_spy,0.013732332958323504,False,validation_return_0.0142_below_0.02;train_return_not_positive;train_return_below_validation_return_possible_validation_spike;train_return_per_turnover_proxy_bps_-5.611_not_above_10.000;validation_return_per_turnover_proxy_bps_2.850_not_above_10.000,0.06047986547181429,0.042335905830270006,40
aggressive_mdd30_gross10_69_asset_profile_optuna,AVAXUSDT,crypto_core,volatility_adjusted_trend_persistence,1h,short_only,6,1.6,0.15000000000000002,12,15,2,0.2,0.11375024527103661,0.010122396566048852,0.06227305401674865,0.014725482702167114,399,56,14.25441670063115,9.037854076829332,0.2564682432610478,-0.3553857895646122,crypto_liquidity_eth,0.023812660493260654,False,validation_return_0.0101_below_0.02;validation_return_per_turnover_proxy_bps_9.038_not_above_10.000,0.1984077148425384,0.039681542968507684,41
aggressive_mdd30_gross10_69_asset_profile_optuna,ORCLUSDT,tradfi_equity,volatility_adjusted_trend_persistence,2h,long_only,6,0.8,0.15000000000000002,12,18,8,0.8,0.0,0.1608513687449491,0.0,0.012926506600083765,0,7,,287.234587044552,1.5419591909456234,-19.39206678518677,high_beta_alt_sol,0.06359641869153355,False,train_trade_event_count_0_below_80;validation_trade_event_count_7_below_30;train_return_not_positive;train_return_below_validation_return_possible_validation_spike;train_return_per_turnover_proxy_bps_missing_not_above_10.000,0.04408652852474742,0.035269222819797934,42
aggressive_mdd30_gross10_69_asset_profile_optuna,EWYUSDT,tradfi_etf_index,volatility_adjusted_trend_persistence,30m,short_only,6,1.0,0.1,18,3,5,0.5,0.029701442342343398,-0.047400159984521295,0.03798859438907254,0.10154217584833503,48,128,12.375600975976417,-7.406274997581452,-0.8356321595307273,-5.799938634665344,crypto_beta_btc,0.037532060923354746,False,train_trade_event_count_48_below_80;validation_return_-0.0474_below_0.02;validation_return_per_turnover_proxy_bps_-7.406_not_above_10.000,0.06399538932137358,0.03199769466068679,43
aggressive_mdd30_gross10_69_asset_profile_optuna,COPPERUSDT,tradfi_commodity,cross_sectional_momentum_rank,4h,long_short,6,0.25,0.44999999999999996,18,3,1,0.1,0.010876821512972645,0.0061876674411536214,0.003916697611218489,0.004446622944782819,11,22,98.88019557247858,28.12576109615282,1.177506435306403,-0.6287928977328219,tech_growth_qqq,0.11722967513712794,False,train_trade_event_count_11_below_80;validation_trade_event_count_22_below_30;validation_return_0.0062_below_0.02,0.2670523491512707,0.02670523491512707,44
aggressive_mdd30_gross10_69_asset_profile_optuna,XAUUSDT,tradfi_commodity,volatility_adjusted_trend_persistence,2h,long_only,6,0.5,0.1,66,0,1,0.1,0.007240363330529576,0.0004104681977230573,0.024314416390855298,0.007916958305459576,35,18,20.686752372941644,2.280378876239207,0.16995876083370232,-1.8161763037399024,silver_metal_beta,0.043796129793187005,False,train_trade_event_count_35_below_80;validation_trade_event_count_18_below_30;validation_return_0.0004_below_0.02;validation_return_per_turnover_proxy_bps_2.280_not_above_10.000,0.12977878783088126,0.012977878783088127,45
