rank,candidate_id,name,strategy_class,family,strategy_timeframe,symbols,selected_fold_count,selected_folds,mean_validation_return,mean_validation_sharpe,mean_oos_report_only_return,mean_oos_report_only_sharpe,mean_oos_report_only_max_drawdown,oos_report_only_positive_return_and_sharpe_count,selection_status
1,19d07d85cab54789,alpha101_formula_4h_a011_a011_flow_swing_dir,Alpha101FormulaStrategy,formulaic_alpha,4h,"BTC/USDT,ETH/USDT,SOL/USDT,BNB/USDT,TRX/USDT,XRP/USDT,DOGE/USDT,ADA/USDT,AVAX/USDT",3,"WF202605,WF202606,WF202607_PARTIAL",0.10677478785193932,2.944023573612206,0.030665628650891952,-2.5762701496925193,0.04858216865927208,2,research_selected_train_validation
2,632d6e864ee01bd8,pair_spread_4h_fast_cycle_btcusdt_bnbusdt_1.6_0.35,PairSpreadZScoreStrategy,market_neutral,4h,"BTC/USDT,BNB/USDT",2,"WF202606,WF202607_PARTIAL",0.10055884259620806,6.15753394119503,-0.0023786235072476014,-20.896014228660263,0.007715937452756949,1,research_selected_train_validation
3,a27ef46e91376b7c,pair_spread_4h_fast_cycle_btcusdt_bnbusdt_1.8_0.45,PairSpreadZScoreStrategy,market_neutral,4h,"BTC/USDT,BNB/USDT",2,"WF202606,WF202607_PARTIAL",0.09608268815773502,5.321882752905721,-0.001366749424949687,-22.303033638567133,0.00851942646898185,1,research_selected_train_validation
4,1f1fd241c12f0bc2,pair_spread_4h_balanced_btcusdt_bnbusdt_1.6_0.35,PairSpreadZScoreStrategy,market_neutral,4h,"BTC/USDT,BNB/USDT",2,"WF202606,WF202607_PARTIAL",0.09722599234131013,5.408599098485896,0.0027579655622461674,0.7197541263935027,0.0014039794110866088,1,research_selected_train_validation
5,914ff36cba1555ea,pair_spread_4h_balanced_btcusdt_bnbusdt_2.0_0.50,PairSpreadZScoreStrategy,market_neutral,4h,"BTC/USDT,BNB/USDT",2,"WF202606,WF202607_PARTIAL",0.0902124919672006,5.0394120415197445,-0.005419853274218234,-23.974229452563513,0.007426863996133848,0,research_selected_train_validation
6,01b6c17e2d0faf32,adaptive_regime_momentum_4h_profit_reboot_slow_defensive_60_6_0.020,AdaptiveRegimeMomentumStrategy,profit_reboot_cross_sectional,4h,"BTC/USDT,ETH/USDT,SOL/USDT,BNB/USDT,TRX/USDT,XRP/USDT,DOGE/USDT,ADA/USDT,AVAX/USDT",2,"WF202604,WF202605",0.1443908247455532,2.1414534288029294,-0.03680618865911911,-2.0135329208636565,0.0862018080861095,1,research_selected_train_validation
7,c9c210b24af36839,profit_moonshot_trend_4h_slow_36_0.014,ProfitMoonshotTrendStrategy,profit_moonshot_cross_sectional,4h,"BTC/USDT,ETH/USDT,SOL/USDT,BNB/USDT,TRX/USDT,XRP/USDT,DOGE/USDT,ADA/USDT,AVAX/USDT",2,"WF202604,WF202605",0.1443908247455532,2.1414534288029294,-0.03680618865911911,-2.0135329208636565,0.0862018080861095,1,research_selected_train_validation
8,81a321b38312a128,profit_moonshot_breakout_4h_slow_expansion_30_0.008,ProfitMoonshotBreakoutStrategy,profit_moonshot_breakout,4h,"BTC/USDT,ETH/USDT,SOL/USDT,BNB/USDT,TRX/USDT,XRP/USDT,DOGE/USDT,ADA/USDT,AVAX/USDT",2,"WF202604,WF202605",0.1443908247455532,2.1414534288029294,-0.03680618865911911,-2.0135329208636565,0.0862018080861095,1,research_selected_train_validation
9,64ae2306e46aa279,profit_moonshot_reversion_4h_slow_shock_fade_24_0.850,ProfitMoonshotReversionStrategy,profit_moonshot_reversion,4h,"BTC/USDT,ETH/USDT,SOL/USDT,BNB/USDT,TRX/USDT,XRP/USDT,DOGE/USDT,ADA/USDT,AVAX/USDT",2,"WF202604,WF202605",0.1443908247455532,2.1414534288029294,-0.03680618865911911,-2.0135329208636565,0.0862018080861095,1,research_selected_train_validation
10,78f5a77c2badecfe,hurst_regime_gated_4h_balanced_lo_48_0.55,HurstRegimeGatedStrategy,cross_sectional,4h,"BTC/USDT,ETH/USDT,SOL/USDT,BNB/USDT,TRX/USDT,XRP/USDT,DOGE/USDT,ADA/USDT,AVAX/USDT",2,"WF202604,WF202605",0.1443908247455532,2.1414534288029294,-0.03680618865911911,-2.0135329208636565,0.0862018080861095,1,research_selected_train_validation
11,7e64a5c8f39ca7e8,flow_share_rotation_4h_balanced_lo,CrossSectionalFlowShareRotationStrategy,cross_sectional,4h,"BTC/USDT,ETH/USDT,SOL/USDT,BNB/USDT,TRX/USDT,XRP/USDT,DOGE/USDT,ADA/USDT,AVAX/USDT",2,"WF202604,WF202605",0.1443908247455532,2.1414534288029294,-0.03680618865911911,-2.0135329208636565,0.0862018080861095,1,research_selected_train_validation
12,6bb1fdf57477d280,flow_share_rotation_4h_guarded_ls,CrossSectionalFlowShareRotationStrategy,cross_sectional,4h,"BTC/USDT,ETH/USDT,SOL/USDT,BNB/USDT,TRX/USDT,XRP/USDT,DOGE/USDT,ADA/USDT,AVAX/USDT",2,"WF202604,WF202605",0.1443908247455532,2.1414534288029294,-0.03680618865911911,-2.0135329208636565,0.0862018080861095,1,research_selected_train_validation
13,b9fefc414f9b57df,regime_router_confirmed_4h_core_42_56,RegimeRouterConfirmedRotationStrategy,cross_sectional,4h,"BTC/USDT,ETH/USDT,SOL/USDT,BNB/USDT,TRX/USDT,XRP/USDT,DOGE/USDT,ADA/USDT,AVAX/USDT",2,"WF202604,WF202605",0.1443908247455532,2.1414534288029294,-0.03680618865911911,-2.0135329208636565,0.0862018080861095,1,research_selected_train_validation
14,942a3646d139b779,liquidation_cascade_reversion_4h_cascade_swing_0.04_6,LiquidationCascadeReversionStrategy,cross_sectional,4h,"BTC/USDT,ETH/USDT,SOL/USDT,BNB/USDT,TRX/USDT,XRP/USDT,DOGE/USDT,ADA/USDT,AVAX/USDT",2,"WF202604,WF202605",0.1443908247455532,2.1414534288029294,-0.03680618865911911,-2.0135329208636565,0.0862018080861095,1,research_selected_train_validation
15,4cf80de7bc75ba7f,selection_gated_momentum_4h_screened_swing_30_10,SelectionGatedMomentumStrategy,cross_sectional,4h,"BTC/USDT,ETH/USDT,SOL/USDT,BNB/USDT,TRX/USDT,XRP/USDT,DOGE/USDT,ADA/USDT,AVAX/USDT",2,"WF202604,WF202605",0.1443908247455532,2.1414534288029294,-0.03680618865911911,-2.0135329208636565,0.0862018080861095,1,research_selected_train_validation
16,a41d21c3ceef9859,selection_gated_reversion_4h_screened_fade_swing_4_10,SelectionGatedReversionStrategy,cross_sectional,4h,"BTC/USDT,ETH/USDT,SOL/USDT,BNB/USDT,TRX/USDT,XRP/USDT,DOGE/USDT,ADA/USDT,AVAX/USDT",2,"WF202604,WF202605",0.1443908247455532,2.1414534288029294,-0.03680618865911911,-2.0135329208636565,0.0862018080861095,1,research_selected_train_validation
17,31c6486faa07ee45,pair_spread_4h_participation_btcusdt_bnbusdt_1.6_0.35,PairSpreadZScoreStrategy,market_neutral,4h,"BTC/USDT,BNB/USDT",2,"WF202606,WF202607_PARTIAL",0.042157732263635506,2.8642968610652635,-0.007320188042357012,-2.8740199880717205,0.00747815708945726,0,research_selected_train_validation
18,4a8bb636b1474f56,pair_spread_4h_participation_btcusdt_bnbusdt_1.8_0.45,PairSpreadZScoreStrategy,market_neutral,4h,"BTC/USDT,BNB/USDT",2,"WF202606,WF202607_PARTIAL",0.03277335947486382,2.3472367029813026,-8.05093839912896e-05,-0.4224021786398049,0.005504809121476384,0,research_selected_train_validation
19,34f87512bdf9b9dc,pair_spread_1h_exec_tightstop_tp_btcusdt_trxusdt_2.2_0.55,PairSpreadZScoreStrategy,market_neutral,1h,"BTC/USDT,TRX/USDT",2,"WF202604,WF202606",0.016864824920640564,1.204319729898956,0.0008101715367322959,-0.26370455324300246,0.014127438568541983,1,research_selected_train_validation
20,94c8b5762e0cfbaf,pair_spread_1h_core_btcusdt_trxusdt_2.2_0.55,PairSpreadZScoreStrategy,market_neutral,1h,"BTC/USDT,TRX/USDT",2,"WF202604,WF202606",0.016799067730488115,1.2011871312281694,0.0008101715367322959,-0.26370455324300246,0.014127438568541983,1,research_selected_train_validation
21,ae745773a979b939,regime_breakout_1h_trend_ls_48_0.70,RegimeBreakoutCandidateStrategy,trend,1h,"BTC/USDT,ETH/USDT,SOL/USDT,BNB/USDT,TRX/USDT,XRP/USDT,DOGE/USDT,ADA/USDT,AVAX/USDT",2,"WF202604,WF202607_PARTIAL",0.03630753618226423,0.757642620011575,-0.04129258389680929,1.7735798323548186,0.057506073591301776,1,research_selected_train_validation
22,9fc68016d5aeef0c,regime_breakout_30m_trend_guarded_48_0.68,RegimeBreakoutCandidateStrategy,trend,30m,"BTC/USDT,ETH/USDT,SOL/USDT,BNB/USDT,TRX/USDT,XRP/USDT,DOGE/USDT,ADA/USDT,AVAX/USDT",2,"WF202604,WF202605",0.029119250082174197,0.8605769689722034,-0.00769824837306643,-1.1388671186483674,0.04082514146326033,1,research_selected_train_validation
23,182385a51fbcc120,idiosyncratic_volatility_4h_ivol_lo_120_60,IdiosyncraticVolatilityStrategy,cross_sectional,4h,"BTC/USDT,ETH/USDT,SOL/USDT,BNB/USDT,TRX/USDT,XRP/USDT,DOGE/USDT,ADA/USDT,AVAX/USDT",1,WF202604,0.25221887107440133,3.5601374697911328,0.0141750186180305,0.5955520925907264,0.08406255888876357,1,selected_once_train_validation
24,eb4914335e5c4aec,composite_trend_stable_30m_stable_ls_exec_trail_ls_0.75_0.45_0.20_0.80,CompositeTrendStrategy,trend,30m,"BTC/USDT,ETH/USDT,SOL/USDT,BNB/USDT,TRX/USDT,XRP/USDT,DOGE/USDT,ADA/USDT,AVAX/USDT",1,WF202604,0.03726013738206779,1.748528366029343,-0.03689514318595122,-11.744627197623013,0.038316556824904424,0,selected_once_train_validation
25,886a901633fbf1e7,composite_trend_stable_30m_stable_ls_highconv_ls_0.75_0.45_0.20_0.80,CompositeTrendStrategy,trend,30m,"BTC/USDT,ETH/USDT,SOL/USDT,BNB/USDT,TRX/USDT,XRP/USDT,DOGE/USDT,ADA/USDT,AVAX/USDT",1,WF202604,0.03807497831812379,1.738647505109042,-0.040304927379787636,-12.19360701331109,0.04188225209381691,0,selected_once_train_validation
26,b271c1c63cbc2825,composite_trend_stable_30m_stable_ls_exec_shorthold_ls_0.75_0.45_0.20_0.80,CompositeTrendStrategy,trend,30m,"BTC/USDT,ETH/USDT,SOL/USDT,BNB/USDT,TRX/USDT,XRP/USDT,DOGE/USDT,ADA/USDT,AVAX/USDT",1,WF202604,0.03794210896912542,1.8000903218461428,-0.03613541203845272,-11.680822843522357,0.03752028913769956,0,selected_once_train_validation
27,5f0de3daa56f9743,pair_spread_4h_fast_cycle_btcusdt_bnbusdt_2.2_0.55,PairSpreadZScoreStrategy,market_neutral,4h,"BTC/USDT,BNB/USDT",1,WF202607_PARTIAL,0.029432995585390476,2.686528334858447,0.0,0.0,0.0,0,selected_once_train_validation
28,1b67a7f671c3c91a,composite_trend_stable_30m_stable_ls_crashguard_ls_0.75_0.45_0.20_0.82,CompositeTrendStrategy,trend,30m,"BTC/USDT,ETH/USDT,SOL/USDT,BNB/USDT,TRX/USDT,XRP/USDT,DOGE/USDT,ADA/USDT,AVAX/USDT",1,WF202604,0.034569459176341466,1.6606503321268236,-0.0324757929078614,-11.306393422269522,0.03461401236598838,0,selected_once_train_validation
29,c01a3510bb5eab15,pair_spread_1h_exec_tightstop_tp_btcusdt_trxusdt_2.6_0.70,PairSpreadZScoreStrategy,market_neutral,1h,"BTC/USDT,TRX/USDT",1,WF202604,0.038798128168283874,2.52692437169386,0.0,0.0,0.0,0,selected_once_train_validation
30,f54d2780eb950ba8,pair_spread_1h_exec_takeprofit_btcusdt_trxusdt_2.6_0.70,PairSpreadZScoreStrategy,market_neutral,1h,"BTC/USDT,TRX/USDT",1,WF202604,0.038798128168283874,2.52692437169386,0.0,0.0,0.0,0,selected_once_train_validation
31,bc5b361892847da3,composite_trend_stable_30m_stable_ls_core_ls_0.60_0.45_0.20_0.80,CompositeTrendStrategy,trend,30m,"BTC/USDT,ETH/USDT,SOL/USDT,BNB/USDT,TRX/USDT,XRP/USDT,DOGE/USDT,ADA/USDT,AVAX/USDT",1,WF202604,0.03288732091750557,1.3726522339689982,-0.04756634665293291,-11.640151524388642,0.05101867571163765,0,selected_once_train_validation
32,1523ae68946b002a,pair_spread_1h_core_btcusdt_trxusdt_2.6_0.70,PairSpreadZScoreStrategy,market_neutral,1h,"BTC/USDT,TRX/USDT",1,WF202604,0.038798128168283874,2.52692437169386,0.0,0.0,0.0,0,selected_once_train_validation
33,ab940796e8245b88,pair_spread_1h_state_atr_btcusdt_trxusdt_2.6_0.70,PairSpreadZScoreStrategy,market_neutral,1h,"BTC/USDT,TRX/USDT",1,WF202604,0.038798128168283874,2.52692437169386,0.0,0.0,0.0,0,selected_once_train_validation
34,346eaec5b7f79e2d,pair_spread_1h_state_vwap_btcusdt_trxusdt_2.6_0.70,PairSpreadZScoreStrategy,market_neutral,1h,"BTC/USDT,TRX/USDT",1,WF202604,0.038798128168283874,2.52692437169386,0.0,0.0,0.0,0,selected_once_train_validation
35,a1912ebf2f4457db,pair_spread_4h_fast_cycle_btcusdt_bnbusdt_2.0_0.50,PairSpreadZScoreStrategy,market_neutral,4h,"BTC/USDT,BNB/USDT",1,WF202607_PARTIAL,0.024985978840535994,2.678568792527604,0.0,0.0,0.0,0,selected_once_train_validation
36,7da189bdfded8ca7,carry_trend_factor_rotation_1h_guarded_ls_32_8_0.150,CarryTrendFactorRotationStrategy,cross_sectional,1h,"BTC/USDT,ETH/USDT,SOL/USDT,BNB/USDT,TRX/USDT,XRP/USDT,DOGE/USDT,ADA/USDT,AVAX/USDT",1,WF202607_PARTIAL,0.04595581483096356,1.8077300678832016,0.005545397931081997,8.518058165071055,0.006531754336418505,1,selected_once_train_validation
37,fa62852b1894fd94,rolling_breakout_1h_guarded_ls_48_0.002,RollingBreakoutStrategy,trend,1h,"BTC/USDT,ETH/USDT,SOL/USDT,BNB/USDT,TRX/USDT,XRP/USDT,DOGE/USDT,ADA/USDT,AVAX/USDT",1,WF202607_PARTIAL,0.10736757649484607,1.6959581656767635,-0.005964605924394961,-7.648225968812415,0.014030484142835142,0,selected_once_train_validation
38,8d8d50f568a3eb3a,last_day_liquidity_regime_1h_liquid_momo_ls_24_6_0.012,LastDayLiquidityRegimeStrategy,cross_sectional,1h,"BTC/USDT,ETH/USDT,SOL/USDT,BNB/USDT,TRX/USDT,XRP/USDT,DOGE/USDT,ADA/USDT,AVAX/USDT",1,WF202606,0.03457839038819688,2.395404836581944,-0.039100139280111246,-4.4591881599902425,0.059092426374941165,0,selected_once_train_validation
39,231ff8a644aa4d76,composite_trend_stable_30m_stable_ls_tefilter_ls_0.60_0.45_0.25_0.80,CompositeTrendStrategy,trend,30m,"BTC/USDT,ETH/USDT,SOL/USDT,BNB/USDT,TRX/USDT,XRP/USDT,DOGE/USDT,ADA/USDT,AVAX/USDT",1,WF202604,0.014851043873725933,0.6093492858787024,-0.030072925046176535,-12.581616061430854,0.0338535040398934,0,selected_once_train_validation
40,0af8d5a205263172,deep_research_vol_managed_momentum_crash_gate_1h_balanced_ls_96_0.018,VolManagedMomentumCrashGateStrategy,deep_research_leaf,1h,"BTC/USDT,ETH/USDT,SOL/USDT,BNB/USDT,TRX/USDT,XRP/USDT,DOGE/USDT,ADA/USDT,AVAX/USDT",1,WF202607_PARTIAL,0.029936151070298234,1.430685246796471,0.017413506698557457,31.44561094900541,0.0028971113725257958,1,selected_once_train_validation
41,9e6a5e49e6314c0b,pair_spread_1h_exec_takeprofit_btcusdt_trxusdt_2.2_0.55,PairSpreadZScoreStrategy,market_neutral,1h,"BTC/USDT,TRX/USDT",1,WF202604,0.01333928994357092,0.44779901116469917,0.004381725289618554,0.3733773637233406,0.012297411240540956,1,selected_once_train_validation
42,fcc0d9199e8072cf,rolling_breakout_30m_guarded_ls_64_0.002,RollingBreakoutStrategy,trend,30m,"BTC/USDT,ETH/USDT,SOL/USDT,BNB/USDT,TRX/USDT,XRP/USDT,DOGE/USDT,ADA/USDT,AVAX/USDT",1,WF202607_PARTIAL,0.04707221161083486,0.823895366991415,0.014091521772248594,13.42882401122743,0.015082709315887288,1,selected_once_train_validation
43,99ac95a048fe9e4b,carry_trend_factor_rotation_1h_balanced_lo_24_8_0.200,CarryTrendFactorRotationStrategy,cross_sectional,1h,"BTC/USDT,ETH/USDT,SOL/USDT,BNB/USDT,TRX/USDT,XRP/USDT,DOGE/USDT,ADA/USDT,AVAX/USDT",1,WF202607_PARTIAL,0.010770848720514481,0.34548702065387976,0.013112234075570495,19.231274751101584,0.006696595248019022,1,selected_once_train_validation
44,777eca665fe45718,topcap_tsmom_1h_resid_beta_neutral_24_4_0.008,TopCapTimeSeriesMomentumStrategy,cross_sectional,1h,"BTC/USDT,ETH/USDT,SOL/USDT,BNB/USDT,TRX/USDT,XRP/USDT,DOGE/USDT,ADA/USDT,AVAX/USDT",1,WF202607_PARTIAL,0.011614369968108829,0.3247978308444272,0.007054665862527898,12.17190154506329,0.004752823312275889,1,selected_once_train_validation
45,8276d1b985afad0c,perp_crowding_carry_4h_0.35_0.10,PerpCrowdingCarryStrategy,carry,4h,"BTC/USDT,ETH/USDT,SOL/USDT,BNB/USDT,TRX/USDT,XRP/USDT,DOGE/USDT,ADA/USDT,AVAX/USDT",1,WF202606,0.007045773462809102,0.10774251620823136,-0.024128665687224715,-3.203943841178588,0.03960554044960973,0,selected_once_train_validation
46,c7e2e88933263535,deep_research_vol_managed_momentum_crash_gate_4h_swing_ls_60_0.026,VolManagedMomentumCrashGateStrategy,deep_research_leaf,4h,"BTC/USDT,ETH/USDT,SOL/USDT,BNB/USDT,TRX/USDT,XRP/USDT,DOGE/USDT,ADA/USDT,AVAX/USDT",1,WF202607_PARTIAL,0.007675920408202197,0.1591156355151698,0.00391110718979526,10.829425749059205,0.0025760549716655756,1,selected_once_train_validation
47,935194a42d3d9275,deep_research_vol_managed_momentum_crash_gate_1h_guarded_lo_120_0.016,VolManagedMomentumCrashGateStrategy,deep_research_leaf,1h,"BTC/USDT,ETH/USDT,SOL/USDT,BNB/USDT,TRX/USDT,XRP/USDT,DOGE/USDT,ADA/USDT,AVAX/USDT",1,WF202606,0.0065901661864800065,0.0791496799549595,-0.0255182709907108,-2.789676445422636,0.03671186829173789,0,selected_once_train_validation
