rank,model_id,candidate_name,round_trip_cost_bps,split,total_return,max_drawdown,trade_event_count,metric_source,diagnostic_only,may_reduce_promotion_cost,note
1,fresh_tv10_filter_abs_score_ge_3_alpha_zoo_conservative_exit_carry_forward_old_split_selected_6p0x_0p175alloc,alpha_zoo_conservative_exit_carry_forward_old_split_selected,5.0,train,,,,not_replayed_in_sample_guarded_runner,True,False,requires dedicated cost replay; non-primary costs cannot reduce 10bps promotion gate
1,fresh_tv10_filter_abs_score_ge_3_alpha_zoo_conservative_exit_carry_forward_old_split_selected_6p0x_0p175alloc,alpha_zoo_conservative_exit_carry_forward_old_split_selected,5.0,validation,,,,not_replayed_in_sample_guarded_runner,True,False,requires dedicated cost replay; non-primary costs cannot reduce 10bps promotion gate
1,fresh_tv10_filter_abs_score_ge_3_alpha_zoo_conservative_exit_carry_forward_old_split_selected_6p0x_0p175alloc,alpha_zoo_conservative_exit_carry_forward_old_split_selected,5.0,locked_oos,,,,not_replayed_in_sample_guarded_runner,True,False,requires dedicated cost replay; non-primary costs cannot reduce 10bps promotion gate
1,fresh_tv10_filter_abs_score_ge_3_alpha_zoo_conservative_exit_carry_forward_old_split_selected_6p0x_0p175alloc,alpha_zoo_conservative_exit_carry_forward_old_split_selected,10.0,train,0.4548121710643429,0.08295409288387388,42,expanded_retune_primary_10bps,True,False,primary promotion cost; exact replay metric
1,fresh_tv10_filter_abs_score_ge_3_alpha_zoo_conservative_exit_carry_forward_old_split_selected_6p0x_0p175alloc,alpha_zoo_conservative_exit_carry_forward_old_split_selected,10.0,validation,0.07572443448626331,0.017492844285999048,8,expanded_retune_primary_10bps,True,False,primary promotion cost; exact replay metric
1,fresh_tv10_filter_abs_score_ge_3_alpha_zoo_conservative_exit_carry_forward_old_split_selected_6p0x_0p175alloc,alpha_zoo_conservative_exit_carry_forward_old_split_selected,10.0,locked_oos,-0.0022533146249008595,0.0022533146249008595,1,expanded_retune_primary_10bps,True,False,primary promotion cost; exact replay metric
1,fresh_tv10_filter_abs_score_ge_3_alpha_zoo_conservative_exit_carry_forward_old_split_selected_6p0x_0p175alloc,alpha_zoo_conservative_exit_carry_forward_old_split_selected,15.0,train,,,,not_replayed_in_sample_guarded_runner,True,False,requires dedicated cost replay; non-primary costs cannot reduce 10bps promotion gate
1,fresh_tv10_filter_abs_score_ge_3_alpha_zoo_conservative_exit_carry_forward_old_split_selected_6p0x_0p175alloc,alpha_zoo_conservative_exit_carry_forward_old_split_selected,15.0,validation,,,,not_replayed_in_sample_guarded_runner,True,False,requires dedicated cost replay; non-primary costs cannot reduce 10bps promotion gate
1,fresh_tv10_filter_abs_score_ge_3_alpha_zoo_conservative_exit_carry_forward_old_split_selected_6p0x_0p175alloc,alpha_zoo_conservative_exit_carry_forward_old_split_selected,15.0,locked_oos,,,,not_replayed_in_sample_guarded_runner,True,False,requires dedicated cost replay; non-primary costs cannot reduce 10bps promotion gate
1,fresh_tv10_filter_abs_score_ge_3_alpha_zoo_conservative_exit_carry_forward_old_split_selected_6p0x_0p175alloc,alpha_zoo_conservative_exit_carry_forward_old_split_selected,20.0,train,,,,not_replayed_in_sample_guarded_runner,True,False,requires dedicated cost replay; non-primary costs cannot reduce 10bps promotion gate
1,fresh_tv10_filter_abs_score_ge_3_alpha_zoo_conservative_exit_carry_forward_old_split_selected_6p0x_0p175alloc,alpha_zoo_conservative_exit_carry_forward_old_split_selected,20.0,validation,,,,not_replayed_in_sample_guarded_runner,True,False,requires dedicated cost replay; non-primary costs cannot reduce 10bps promotion gate
1,fresh_tv10_filter_abs_score_ge_3_alpha_zoo_conservative_exit_carry_forward_old_split_selected_6p0x_0p175alloc,alpha_zoo_conservative_exit_carry_forward_old_split_selected,20.0,locked_oos,,,,not_replayed_in_sample_guarded_runner,True,False,requires dedicated cost replay; non-primary costs cannot reduce 10bps promotion gate
2,fresh_tv10_filter_abs_score_ge_3_alpha_zoo_conservative_exit_6p0x_0p175alloc,alpha_zoo_conservative_exit,5.0,train,,,,not_replayed_in_sample_guarded_runner,True,False,requires dedicated cost replay; non-primary costs cannot reduce 10bps promotion gate
2,fresh_tv10_filter_abs_score_ge_3_alpha_zoo_conservative_exit_6p0x_0p175alloc,alpha_zoo_conservative_exit,5.0,validation,,,,not_replayed_in_sample_guarded_runner,True,False,requires dedicated cost replay; non-primary costs cannot reduce 10bps promotion gate
2,fresh_tv10_filter_abs_score_ge_3_alpha_zoo_conservative_exit_6p0x_0p175alloc,alpha_zoo_conservative_exit,5.0,locked_oos,,,,not_replayed_in_sample_guarded_runner,True,False,requires dedicated cost replay; non-primary costs cannot reduce 10bps promotion gate
2,fresh_tv10_filter_abs_score_ge_3_alpha_zoo_conservative_exit_6p0x_0p175alloc,alpha_zoo_conservative_exit,10.0,train,0.4548121710643429,0.08295409288387388,42,expanded_retune_primary_10bps,True,False,primary promotion cost; exact replay metric
2,fresh_tv10_filter_abs_score_ge_3_alpha_zoo_conservative_exit_6p0x_0p175alloc,alpha_zoo_conservative_exit,10.0,validation,0.07572443448626331,0.017492844285999048,8,expanded_retune_primary_10bps,True,False,primary promotion cost; exact replay metric
2,fresh_tv10_filter_abs_score_ge_3_alpha_zoo_conservative_exit_6p0x_0p175alloc,alpha_zoo_conservative_exit,10.0,locked_oos,-0.0022533146249008595,0.0022533146249008595,1,expanded_retune_primary_10bps,True,False,primary promotion cost; exact replay metric
2,fresh_tv10_filter_abs_score_ge_3_alpha_zoo_conservative_exit_6p0x_0p175alloc,alpha_zoo_conservative_exit,15.0,train,,,,not_replayed_in_sample_guarded_runner,True,False,requires dedicated cost replay; non-primary costs cannot reduce 10bps promotion gate
2,fresh_tv10_filter_abs_score_ge_3_alpha_zoo_conservative_exit_6p0x_0p175alloc,alpha_zoo_conservative_exit,15.0,validation,,,,not_replayed_in_sample_guarded_runner,True,False,requires dedicated cost replay; non-primary costs cannot reduce 10bps promotion gate
2,fresh_tv10_filter_abs_score_ge_3_alpha_zoo_conservative_exit_6p0x_0p175alloc,alpha_zoo_conservative_exit,15.0,locked_oos,,,,not_replayed_in_sample_guarded_runner,True,False,requires dedicated cost replay; non-primary costs cannot reduce 10bps promotion gate
2,fresh_tv10_filter_abs_score_ge_3_alpha_zoo_conservative_exit_6p0x_0p175alloc,alpha_zoo_conservative_exit,20.0,train,,,,not_replayed_in_sample_guarded_runner,True,False,requires dedicated cost replay; non-primary costs cannot reduce 10bps promotion gate
2,fresh_tv10_filter_abs_score_ge_3_alpha_zoo_conservative_exit_6p0x_0p175alloc,alpha_zoo_conservative_exit,20.0,validation,,,,not_replayed_in_sample_guarded_runner,True,False,requires dedicated cost replay; non-primary costs cannot reduce 10bps promotion gate
2,fresh_tv10_filter_abs_score_ge_3_alpha_zoo_conservative_exit_6p0x_0p175alloc,alpha_zoo_conservative_exit,20.0,locked_oos,,,,not_replayed_in_sample_guarded_runner,True,False,requires dedicated cost replay; non-primary costs cannot reduce 10bps promotion gate
3,fresh_tv10_filter_abs_score_ge_1p5_alpha_zoo_conservative_exit_carry_forward_old_split_selected_6p0x_0p175alloc,alpha_zoo_conservative_exit_carry_forward_old_split_selected,5.0,train,,,,not_replayed_in_sample_guarded_runner,True,False,requires dedicated cost replay; non-primary costs cannot reduce 10bps promotion gate
3,fresh_tv10_filter_abs_score_ge_1p5_alpha_zoo_conservative_exit_carry_forward_old_split_selected_6p0x_0p175alloc,alpha_zoo_conservative_exit_carry_forward_old_split_selected,5.0,validation,,,,not_replayed_in_sample_guarded_runner,True,False,requires dedicated cost replay; non-primary costs cannot reduce 10bps promotion gate
3,fresh_tv10_filter_abs_score_ge_1p5_alpha_zoo_conservative_exit_carry_forward_old_split_selected_6p0x_0p175alloc,alpha_zoo_conservative_exit_carry_forward_old_split_selected,5.0,locked_oos,,,,not_replayed_in_sample_guarded_runner,True,False,requires dedicated cost replay; non-primary costs cannot reduce 10bps promotion gate
3,fresh_tv10_filter_abs_score_ge_1p5_alpha_zoo_conservative_exit_carry_forward_old_split_selected_6p0x_0p175alloc,alpha_zoo_conservative_exit_carry_forward_old_split_selected,10.0,train,0.045832420459388734,0.33740571535229197,476,expanded_retune_primary_10bps,True,False,primary promotion cost; exact replay metric
3,fresh_tv10_filter_abs_score_ge_1p5_alpha_zoo_conservative_exit_carry_forward_old_split_selected_6p0x_0p175alloc,alpha_zoo_conservative_exit_carry_forward_old_split_selected,10.0,validation,0.27384367402254894,0.08415325084034228,103,expanded_retune_primary_10bps,True,False,primary promotion cost; exact replay metric
3,fresh_tv10_filter_abs_score_ge_1p5_alpha_zoo_conservative_exit_carry_forward_old_split_selected_6p0x_0p175alloc,alpha_zoo_conservative_exit_carry_forward_old_split_selected,10.0,locked_oos,-0.042506741781909496,0.12632836588465282,56,expanded_retune_primary_10bps,True,False,primary promotion cost; exact replay metric
3,fresh_tv10_filter_abs_score_ge_1p5_alpha_zoo_conservative_exit_carry_forward_old_split_selected_6p0x_0p175alloc,alpha_zoo_conservative_exit_carry_forward_old_split_selected,15.0,train,,,,not_replayed_in_sample_guarded_runner,True,False,requires dedicated cost replay; non-primary costs cannot reduce 10bps promotion gate
3,fresh_tv10_filter_abs_score_ge_1p5_alpha_zoo_conservative_exit_carry_forward_old_split_selected_6p0x_0p175alloc,alpha_zoo_conservative_exit_carry_forward_old_split_selected,15.0,validation,,,,not_replayed_in_sample_guarded_runner,True,False,requires dedicated cost replay; non-primary costs cannot reduce 10bps promotion gate
3,fresh_tv10_filter_abs_score_ge_1p5_alpha_zoo_conservative_exit_carry_forward_old_split_selected_6p0x_0p175alloc,alpha_zoo_conservative_exit_carry_forward_old_split_selected,15.0,locked_oos,,,,not_replayed_in_sample_guarded_runner,True,False,requires dedicated cost replay; non-primary costs cannot reduce 10bps promotion gate
3,fresh_tv10_filter_abs_score_ge_1p5_alpha_zoo_conservative_exit_carry_forward_old_split_selected_6p0x_0p175alloc,alpha_zoo_conservative_exit_carry_forward_old_split_selected,20.0,train,,,,not_replayed_in_sample_guarded_runner,True,False,requires dedicated cost replay; non-primary costs cannot reduce 10bps promotion gate
3,fresh_tv10_filter_abs_score_ge_1p5_alpha_zoo_conservative_exit_carry_forward_old_split_selected_6p0x_0p175alloc,alpha_zoo_conservative_exit_carry_forward_old_split_selected,20.0,validation,,,,not_replayed_in_sample_guarded_runner,True,False,requires dedicated cost replay; non-primary costs cannot reduce 10bps promotion gate
3,fresh_tv10_filter_abs_score_ge_1p5_alpha_zoo_conservative_exit_carry_forward_old_split_selected_6p0x_0p175alloc,alpha_zoo_conservative_exit_carry_forward_old_split_selected,20.0,locked_oos,,,,not_replayed_in_sample_guarded_runner,True,False,requires dedicated cost replay; non-primary costs cannot reduce 10bps promotion gate
4,fresh_tv10_filter_abs_score_ge_1p5_alpha_zoo_conservative_exit_6p0x_0p175alloc,alpha_zoo_conservative_exit,5.0,train,,,,not_replayed_in_sample_guarded_runner,True,False,requires dedicated cost replay; non-primary costs cannot reduce 10bps promotion gate
4,fresh_tv10_filter_abs_score_ge_1p5_alpha_zoo_conservative_exit_6p0x_0p175alloc,alpha_zoo_conservative_exit,5.0,validation,,,,not_replayed_in_sample_guarded_runner,True,False,requires dedicated cost replay; non-primary costs cannot reduce 10bps promotion gate
4,fresh_tv10_filter_abs_score_ge_1p5_alpha_zoo_conservative_exit_6p0x_0p175alloc,alpha_zoo_conservative_exit,5.0,locked_oos,,,,not_replayed_in_sample_guarded_runner,True,False,requires dedicated cost replay; non-primary costs cannot reduce 10bps promotion gate
4,fresh_tv10_filter_abs_score_ge_1p5_alpha_zoo_conservative_exit_6p0x_0p175alloc,alpha_zoo_conservative_exit,10.0,train,0.045832420459388734,0.33740571535229197,476,expanded_retune_primary_10bps,True,False,primary promotion cost; exact replay metric
4,fresh_tv10_filter_abs_score_ge_1p5_alpha_zoo_conservative_exit_6p0x_0p175alloc,alpha_zoo_conservative_exit,10.0,validation,0.27384367402254894,0.08415325084034228,103,expanded_retune_primary_10bps,True,False,primary promotion cost; exact replay metric
4,fresh_tv10_filter_abs_score_ge_1p5_alpha_zoo_conservative_exit_6p0x_0p175alloc,alpha_zoo_conservative_exit,10.0,locked_oos,-0.042506741781909496,0.12632836588465282,56,expanded_retune_primary_10bps,True,False,primary promotion cost; exact replay metric
4,fresh_tv10_filter_abs_score_ge_1p5_alpha_zoo_conservative_exit_6p0x_0p175alloc,alpha_zoo_conservative_exit,15.0,train,,,,not_replayed_in_sample_guarded_runner,True,False,requires dedicated cost replay; non-primary costs cannot reduce 10bps promotion gate
4,fresh_tv10_filter_abs_score_ge_1p5_alpha_zoo_conservative_exit_6p0x_0p175alloc,alpha_zoo_conservative_exit,15.0,validation,,,,not_replayed_in_sample_guarded_runner,True,False,requires dedicated cost replay; non-primary costs cannot reduce 10bps promotion gate
4,fresh_tv10_filter_abs_score_ge_1p5_alpha_zoo_conservative_exit_6p0x_0p175alloc,alpha_zoo_conservative_exit,15.0,locked_oos,,,,not_replayed_in_sample_guarded_runner,True,False,requires dedicated cost replay; non-primary costs cannot reduce 10bps promotion gate
4,fresh_tv10_filter_abs_score_ge_1p5_alpha_zoo_conservative_exit_6p0x_0p175alloc,alpha_zoo_conservative_exit,20.0,train,,,,not_replayed_in_sample_guarded_runner,True,False,requires dedicated cost replay; non-primary costs cannot reduce 10bps promotion gate
4,fresh_tv10_filter_abs_score_ge_1p5_alpha_zoo_conservative_exit_6p0x_0p175alloc,alpha_zoo_conservative_exit,20.0,validation,,,,not_replayed_in_sample_guarded_runner,True,False,requires dedicated cost replay; non-primary costs cannot reduce 10bps promotion gate
4,fresh_tv10_filter_abs_score_ge_1p5_alpha_zoo_conservative_exit_6p0x_0p175alloc,alpha_zoo_conservative_exit,20.0,locked_oos,,,,not_replayed_in_sample_guarded_runner,True,False,requires dedicated cost replay; non-primary costs cannot reduce 10bps promotion gate
5,fresh_tv10_filter_abs_score_ge_3_alpha_zoo_conservative_exit_carry_forward_old_split_selected_5p0x_0p2alloc,alpha_zoo_conservative_exit_carry_forward_old_split_selected,5.0,train,,,,not_replayed_in_sample_guarded_runner,True,False,requires dedicated cost replay; non-primary costs cannot reduce 10bps promotion gate
5,fresh_tv10_filter_abs_score_ge_3_alpha_zoo_conservative_exit_carry_forward_old_split_selected_5p0x_0p2alloc,alpha_zoo_conservative_exit_carry_forward_old_split_selected,5.0,validation,,,,not_replayed_in_sample_guarded_runner,True,False,requires dedicated cost replay; non-primary costs cannot reduce 10bps promotion gate
5,fresh_tv10_filter_abs_score_ge_3_alpha_zoo_conservative_exit_carry_forward_old_split_selected_5p0x_0p2alloc,alpha_zoo_conservative_exit_carry_forward_old_split_selected,5.0,locked_oos,,,,not_replayed_in_sample_guarded_runner,True,False,requires dedicated cost replay; non-primary costs cannot reduce 10bps promotion gate
5,fresh_tv10_filter_abs_score_ge_3_alpha_zoo_conservative_exit_carry_forward_old_split_selected_5p0x_0p2alloc,alpha_zoo_conservative_exit_carry_forward_old_split_selected,10.0,train,0.43015622229658024,0.07911268492008443,42,expanded_retune_primary_10bps,True,False,primary promotion cost; exact replay metric
5,fresh_tv10_filter_abs_score_ge_3_alpha_zoo_conservative_exit_carry_forward_old_split_selected_5p0x_0p2alloc,alpha_zoo_conservative_exit_carry_forward_old_split_selected,10.0,validation,0.072127109959772,0.016660456212946755,8,expanded_retune_primary_10bps,True,False,primary promotion cost; exact replay metric
5,fresh_tv10_filter_abs_score_ge_3_alpha_zoo_conservative_exit_carry_forward_old_split_selected_5p0x_0p2alloc,alpha_zoo_conservative_exit_carry_forward_old_split_selected,10.0,locked_oos,-0.0021460139284770197,0.0021460139284770197,1,expanded_retune_primary_10bps,True,False,primary promotion cost; exact replay metric
5,fresh_tv10_filter_abs_score_ge_3_alpha_zoo_conservative_exit_carry_forward_old_split_selected_5p0x_0p2alloc,alpha_zoo_conservative_exit_carry_forward_old_split_selected,15.0,train,,,,not_replayed_in_sample_guarded_runner,True,False,requires dedicated cost replay; non-primary costs cannot reduce 10bps promotion gate
5,fresh_tv10_filter_abs_score_ge_3_alpha_zoo_conservative_exit_carry_forward_old_split_selected_5p0x_0p2alloc,alpha_zoo_conservative_exit_carry_forward_old_split_selected,15.0,validation,,,,not_replayed_in_sample_guarded_runner,True,False,requires dedicated cost replay; non-primary costs cannot reduce 10bps promotion gate
5,fresh_tv10_filter_abs_score_ge_3_alpha_zoo_conservative_exit_carry_forward_old_split_selected_5p0x_0p2alloc,alpha_zoo_conservative_exit_carry_forward_old_split_selected,15.0,locked_oos,,,,not_replayed_in_sample_guarded_runner,True,False,requires dedicated cost replay; non-primary costs cannot reduce 10bps promotion gate
5,fresh_tv10_filter_abs_score_ge_3_alpha_zoo_conservative_exit_carry_forward_old_split_selected_5p0x_0p2alloc,alpha_zoo_conservative_exit_carry_forward_old_split_selected,20.0,train,,,,not_replayed_in_sample_guarded_runner,True,False,requires dedicated cost replay; non-primary costs cannot reduce 10bps promotion gate
5,fresh_tv10_filter_abs_score_ge_3_alpha_zoo_conservative_exit_carry_forward_old_split_selected_5p0x_0p2alloc,alpha_zoo_conservative_exit_carry_forward_old_split_selected,20.0,validation,,,,not_replayed_in_sample_guarded_runner,True,False,requires dedicated cost replay; non-primary costs cannot reduce 10bps promotion gate
5,fresh_tv10_filter_abs_score_ge_3_alpha_zoo_conservative_exit_carry_forward_old_split_selected_5p0x_0p2alloc,alpha_zoo_conservative_exit_carry_forward_old_split_selected,20.0,locked_oos,,,,not_replayed_in_sample_guarded_runner,True,False,requires dedicated cost replay; non-primary costs cannot reduce 10bps promotion gate
6,fresh_tv10_filter_abs_score_ge_3_alpha_zoo_conservative_exit_5p0x_0p2alloc,alpha_zoo_conservative_exit,5.0,train,,,,not_replayed_in_sample_guarded_runner,True,False,requires dedicated cost replay; non-primary costs cannot reduce 10bps promotion gate
6,fresh_tv10_filter_abs_score_ge_3_alpha_zoo_conservative_exit_5p0x_0p2alloc,alpha_zoo_conservative_exit,5.0,validation,,,,not_replayed_in_sample_guarded_runner,True,False,requires dedicated cost replay; non-primary costs cannot reduce 10bps promotion gate
6,fresh_tv10_filter_abs_score_ge_3_alpha_zoo_conservative_exit_5p0x_0p2alloc,alpha_zoo_conservative_exit,5.0,locked_oos,,,,not_replayed_in_sample_guarded_runner,True,False,requires dedicated cost replay; non-primary costs cannot reduce 10bps promotion gate
6,fresh_tv10_filter_abs_score_ge_3_alpha_zoo_conservative_exit_5p0x_0p2alloc,alpha_zoo_conservative_exit,10.0,train,0.43015622229658024,0.07911268492008443,42,expanded_retune_primary_10bps,True,False,primary promotion cost; exact replay metric
6,fresh_tv10_filter_abs_score_ge_3_alpha_zoo_conservative_exit_5p0x_0p2alloc,alpha_zoo_conservative_exit,10.0,validation,0.072127109959772,0.016660456212946755,8,expanded_retune_primary_10bps,True,False,primary promotion cost; exact replay metric
6,fresh_tv10_filter_abs_score_ge_3_alpha_zoo_conservative_exit_5p0x_0p2alloc,alpha_zoo_conservative_exit,10.0,locked_oos,-0.0021460139284770197,0.0021460139284770197,1,expanded_retune_primary_10bps,True,False,primary promotion cost; exact replay metric
6,fresh_tv10_filter_abs_score_ge_3_alpha_zoo_conservative_exit_5p0x_0p2alloc,alpha_zoo_conservative_exit,15.0,train,,,,not_replayed_in_sample_guarded_runner,True,False,requires dedicated cost replay; non-primary costs cannot reduce 10bps promotion gate
6,fresh_tv10_filter_abs_score_ge_3_alpha_zoo_conservative_exit_5p0x_0p2alloc,alpha_zoo_conservative_exit,15.0,validation,,,,not_replayed_in_sample_guarded_runner,True,False,requires dedicated cost replay; non-primary costs cannot reduce 10bps promotion gate
6,fresh_tv10_filter_abs_score_ge_3_alpha_zoo_conservative_exit_5p0x_0p2alloc,alpha_zoo_conservative_exit,15.0,locked_oos,,,,not_replayed_in_sample_guarded_runner,True,False,requires dedicated cost replay; non-primary costs cannot reduce 10bps promotion gate
6,fresh_tv10_filter_abs_score_ge_3_alpha_zoo_conservative_exit_5p0x_0p2alloc,alpha_zoo_conservative_exit,20.0,train,,,,not_replayed_in_sample_guarded_runner,True,False,requires dedicated cost replay; non-primary costs cannot reduce 10bps promotion gate
6,fresh_tv10_filter_abs_score_ge_3_alpha_zoo_conservative_exit_5p0x_0p2alloc,alpha_zoo_conservative_exit,20.0,validation,,,,not_replayed_in_sample_guarded_runner,True,False,requires dedicated cost replay; non-primary costs cannot reduce 10bps promotion gate
6,fresh_tv10_filter_abs_score_ge_3_alpha_zoo_conservative_exit_5p0x_0p2alloc,alpha_zoo_conservative_exit,20.0,locked_oos,,,,not_replayed_in_sample_guarded_runner,True,False,requires dedicated cost replay; non-primary costs cannot reduce 10bps promotion gate
7,fresh_tv10_filter_abs_score_ge_1p5_alpha_zoo_conservative_exit_carry_forward_old_split_selected_5p0x_0p2alloc,alpha_zoo_conservative_exit_carry_forward_old_split_selected,5.0,train,,,,not_replayed_in_sample_guarded_runner,True,False,requires dedicated cost replay; non-primary costs cannot reduce 10bps promotion gate
7,fresh_tv10_filter_abs_score_ge_1p5_alpha_zoo_conservative_exit_carry_forward_old_split_selected_5p0x_0p2alloc,alpha_zoo_conservative_exit_carry_forward_old_split_selected,5.0,validation,,,,not_replayed_in_sample_guarded_runner,True,False,requires dedicated cost replay; non-primary costs cannot reduce 10bps promotion gate
7,fresh_tv10_filter_abs_score_ge_1p5_alpha_zoo_conservative_exit_carry_forward_old_split_selected_5p0x_0p2alloc,alpha_zoo_conservative_exit_carry_forward_old_split_selected,5.0,locked_oos,,,,not_replayed_in_sample_guarded_runner,True,False,requires dedicated cost replay; non-primary costs cannot reduce 10bps promotion gate
7,fresh_tv10_filter_abs_score_ge_1p5_alpha_zoo_conservative_exit_carry_forward_old_split_selected_5p0x_0p2alloc,alpha_zoo_conservative_exit_carry_forward_old_split_selected,10.0,train,0.04794962553312421,0.323923968969862,476,expanded_retune_primary_10bps,True,False,primary promotion cost; exact replay metric
7,fresh_tv10_filter_abs_score_ge_1p5_alpha_zoo_conservative_exit_carry_forward_old_split_selected_5p0x_0p2alloc,alpha_zoo_conservative_exit_carry_forward_old_split_selected,10.0,validation,0.26008506379638363,0.08026663912978053,103,expanded_retune_primary_10bps,True,False,primary promotion cost; exact replay metric
7,fresh_tv10_filter_abs_score_ge_1p5_alpha_zoo_conservative_exit_carry_forward_old_split_selected_5p0x_0p2alloc,alpha_zoo_conservative_exit_carry_forward_old_split_selected,10.0,locked_oos,-0.040374265543010046,0.12065365522948526,56,expanded_retune_primary_10bps,True,False,primary promotion cost; exact replay metric
7,fresh_tv10_filter_abs_score_ge_1p5_alpha_zoo_conservative_exit_carry_forward_old_split_selected_5p0x_0p2alloc,alpha_zoo_conservative_exit_carry_forward_old_split_selected,15.0,train,,,,not_replayed_in_sample_guarded_runner,True,False,requires dedicated cost replay; non-primary costs cannot reduce 10bps promotion gate
7,fresh_tv10_filter_abs_score_ge_1p5_alpha_zoo_conservative_exit_carry_forward_old_split_selected_5p0x_0p2alloc,alpha_zoo_conservative_exit_carry_forward_old_split_selected,15.0,validation,,,,not_replayed_in_sample_guarded_runner,True,False,requires dedicated cost replay; non-primary costs cannot reduce 10bps promotion gate
7,fresh_tv10_filter_abs_score_ge_1p5_alpha_zoo_conservative_exit_carry_forward_old_split_selected_5p0x_0p2alloc,alpha_zoo_conservative_exit_carry_forward_old_split_selected,15.0,locked_oos,,,,not_replayed_in_sample_guarded_runner,True,False,requires dedicated cost replay; non-primary costs cannot reduce 10bps promotion gate
7,fresh_tv10_filter_abs_score_ge_1p5_alpha_zoo_conservative_exit_carry_forward_old_split_selected_5p0x_0p2alloc,alpha_zoo_conservative_exit_carry_forward_old_split_selected,20.0,train,,,,not_replayed_in_sample_guarded_runner,True,False,requires dedicated cost replay; non-primary costs cannot reduce 10bps promotion gate
7,fresh_tv10_filter_abs_score_ge_1p5_alpha_zoo_conservative_exit_carry_forward_old_split_selected_5p0x_0p2alloc,alpha_zoo_conservative_exit_carry_forward_old_split_selected,20.0,validation,,,,not_replayed_in_sample_guarded_runner,True,False,requires dedicated cost replay; non-primary costs cannot reduce 10bps promotion gate
7,fresh_tv10_filter_abs_score_ge_1p5_alpha_zoo_conservative_exit_carry_forward_old_split_selected_5p0x_0p2alloc,alpha_zoo_conservative_exit_carry_forward_old_split_selected,20.0,locked_oos,,,,not_replayed_in_sample_guarded_runner,True,False,requires dedicated cost replay; non-primary costs cannot reduce 10bps promotion gate
8,fresh_tv10_filter_abs_score_ge_1p5_alpha_zoo_conservative_exit_5p0x_0p2alloc,alpha_zoo_conservative_exit,5.0,train,,,,not_replayed_in_sample_guarded_runner,True,False,requires dedicated cost replay; non-primary costs cannot reduce 10bps promotion gate
8,fresh_tv10_filter_abs_score_ge_1p5_alpha_zoo_conservative_exit_5p0x_0p2alloc,alpha_zoo_conservative_exit,5.0,validation,,,,not_replayed_in_sample_guarded_runner,True,False,requires dedicated cost replay; non-primary costs cannot reduce 10bps promotion gate
8,fresh_tv10_filter_abs_score_ge_1p5_alpha_zoo_conservative_exit_5p0x_0p2alloc,alpha_zoo_conservative_exit,5.0,locked_oos,,,,not_replayed_in_sample_guarded_runner,True,False,requires dedicated cost replay; non-primary costs cannot reduce 10bps promotion gate
8,fresh_tv10_filter_abs_score_ge_1p5_alpha_zoo_conservative_exit_5p0x_0p2alloc,alpha_zoo_conservative_exit,10.0,train,0.04794962553312421,0.323923968969862,476,expanded_retune_primary_10bps,True,False,primary promotion cost; exact replay metric
8,fresh_tv10_filter_abs_score_ge_1p5_alpha_zoo_conservative_exit_5p0x_0p2alloc,alpha_zoo_conservative_exit,10.0,validation,0.26008506379638363,0.08026663912978053,103,expanded_retune_primary_10bps,True,False,primary promotion cost; exact replay metric
8,fresh_tv10_filter_abs_score_ge_1p5_alpha_zoo_conservative_exit_5p0x_0p2alloc,alpha_zoo_conservative_exit,10.0,locked_oos,-0.040374265543010046,0.12065365522948526,56,expanded_retune_primary_10bps,True,False,primary promotion cost; exact replay metric
8,fresh_tv10_filter_abs_score_ge_1p5_alpha_zoo_conservative_exit_5p0x_0p2alloc,alpha_zoo_conservative_exit,15.0,train,,,,not_replayed_in_sample_guarded_runner,True,False,requires dedicated cost replay; non-primary costs cannot reduce 10bps promotion gate
8,fresh_tv10_filter_abs_score_ge_1p5_alpha_zoo_conservative_exit_5p0x_0p2alloc,alpha_zoo_conservative_exit,15.0,validation,,,,not_replayed_in_sample_guarded_runner,True,False,requires dedicated cost replay; non-primary costs cannot reduce 10bps promotion gate
8,fresh_tv10_filter_abs_score_ge_1p5_alpha_zoo_conservative_exit_5p0x_0p2alloc,alpha_zoo_conservative_exit,15.0,locked_oos,,,,not_replayed_in_sample_guarded_runner,True,False,requires dedicated cost replay; non-primary costs cannot reduce 10bps promotion gate
8,fresh_tv10_filter_abs_score_ge_1p5_alpha_zoo_conservative_exit_5p0x_0p2alloc,alpha_zoo_conservative_exit,20.0,train,,,,not_replayed_in_sample_guarded_runner,True,False,requires dedicated cost replay; non-primary costs cannot reduce 10bps promotion gate
8,fresh_tv10_filter_abs_score_ge_1p5_alpha_zoo_conservative_exit_5p0x_0p2alloc,alpha_zoo_conservative_exit,20.0,validation,,,,not_replayed_in_sample_guarded_runner,True,False,requires dedicated cost replay; non-primary costs cannot reduce 10bps promotion gate
8,fresh_tv10_filter_abs_score_ge_1p5_alpha_zoo_conservative_exit_5p0x_0p2alloc,alpha_zoo_conservative_exit,20.0,locked_oos,,,,not_replayed_in_sample_guarded_runner,True,False,requires dedicated cost replay; non-primary costs cannot reduce 10bps promotion gate
9,fresh_tv10_filter_abs_score_ge_3_alpha_zoo_conservative_exit_carry_forward_old_split_selected_6p0x_0p15alloc,alpha_zoo_conservative_exit_carry_forward_old_split_selected,5.0,train,,,,not_replayed_in_sample_guarded_runner,True,False,requires dedicated cost replay; non-primary costs cannot reduce 10bps promotion gate
9,fresh_tv10_filter_abs_score_ge_3_alpha_zoo_conservative_exit_carry_forward_old_split_selected_6p0x_0p15alloc,alpha_zoo_conservative_exit_carry_forward_old_split_selected,5.0,validation,,,,not_replayed_in_sample_guarded_runner,True,False,requires dedicated cost replay; non-primary costs cannot reduce 10bps promotion gate
9,fresh_tv10_filter_abs_score_ge_3_alpha_zoo_conservative_exit_carry_forward_old_split_selected_6p0x_0p15alloc,alpha_zoo_conservative_exit_carry_forward_old_split_selected,5.0,locked_oos,,,,not_replayed_in_sample_guarded_runner,True,False,requires dedicated cost replay; non-primary costs cannot reduce 10bps promotion gate
9,fresh_tv10_filter_abs_score_ge_3_alpha_zoo_conservative_exit_carry_forward_old_split_selected_6p0x_0p15alloc,alpha_zoo_conservative_exit_carry_forward_old_split_selected,10.0,train,0.3817863892665132,0.07139752081679626,42,expanded_retune_primary_10bps,True,False,primary promotion cost; exact replay metric
9,fresh_tv10_filter_abs_score_ge_3_alpha_zoo_conservative_exit_carry_forward_old_split_selected_6p0x_0p15alloc,alpha_zoo_conservative_exit_carry_forward_old_split_selected,10.0,validation,0.06492944700092895,0.01499548679681926,8,expanded_retune_primary_10bps,True,False,primary promotion cost; exact replay metric
9,fresh_tv10_filter_abs_score_ge_3_alpha_zoo_conservative_exit_carry_forward_old_split_selected_6p0x_0p15alloc,alpha_zoo_conservative_exit_carry_forward_old_split_selected,10.0,locked_oos,-0.00193141253562934,0.00193141253562934,1,expanded_retune_primary_10bps,True,False,primary promotion cost; exact replay metric
9,fresh_tv10_filter_abs_score_ge_3_alpha_zoo_conservative_exit_carry_forward_old_split_selected_6p0x_0p15alloc,alpha_zoo_conservative_exit_carry_forward_old_split_selected,15.0,train,,,,not_replayed_in_sample_guarded_runner,True,False,requires dedicated cost replay; non-primary costs cannot reduce 10bps promotion gate
9,fresh_tv10_filter_abs_score_ge_3_alpha_zoo_conservative_exit_carry_forward_old_split_selected_6p0x_0p15alloc,alpha_zoo_conservative_exit_carry_forward_old_split_selected,15.0,validation,,,,not_replayed_in_sample_guarded_runner,True,False,requires dedicated cost replay; non-primary costs cannot reduce 10bps promotion gate
9,fresh_tv10_filter_abs_score_ge_3_alpha_zoo_conservative_exit_carry_forward_old_split_selected_6p0x_0p15alloc,alpha_zoo_conservative_exit_carry_forward_old_split_selected,15.0,locked_oos,,,,not_replayed_in_sample_guarded_runner,True,False,requires dedicated cost replay; non-primary costs cannot reduce 10bps promotion gate
9,fresh_tv10_filter_abs_score_ge_3_alpha_zoo_conservative_exit_carry_forward_old_split_selected_6p0x_0p15alloc,alpha_zoo_conservative_exit_carry_forward_old_split_selected,20.0,train,,,,not_replayed_in_sample_guarded_runner,True,False,requires dedicated cost replay; non-primary costs cannot reduce 10bps promotion gate
9,fresh_tv10_filter_abs_score_ge_3_alpha_zoo_conservative_exit_carry_forward_old_split_selected_6p0x_0p15alloc,alpha_zoo_conservative_exit_carry_forward_old_split_selected,20.0,validation,,,,not_replayed_in_sample_guarded_runner,True,False,requires dedicated cost replay; non-primary costs cannot reduce 10bps promotion gate
9,fresh_tv10_filter_abs_score_ge_3_alpha_zoo_conservative_exit_carry_forward_old_split_selected_6p0x_0p15alloc,alpha_zoo_conservative_exit_carry_forward_old_split_selected,20.0,locked_oos,,,,not_replayed_in_sample_guarded_runner,True,False,requires dedicated cost replay; non-primary costs cannot reduce 10bps promotion gate
10,fresh_tv10_filter_abs_score_ge_3_alpha_zoo_conservative_exit_6p0x_0p15alloc,alpha_zoo_conservative_exit,5.0,train,,,,not_replayed_in_sample_guarded_runner,True,False,requires dedicated cost replay; non-primary costs cannot reduce 10bps promotion gate
10,fresh_tv10_filter_abs_score_ge_3_alpha_zoo_conservative_exit_6p0x_0p15alloc,alpha_zoo_conservative_exit,5.0,validation,,,,not_replayed_in_sample_guarded_runner,True,False,requires dedicated cost replay; non-primary costs cannot reduce 10bps promotion gate
10,fresh_tv10_filter_abs_score_ge_3_alpha_zoo_conservative_exit_6p0x_0p15alloc,alpha_zoo_conservative_exit,5.0,locked_oos,,,,not_replayed_in_sample_guarded_runner,True,False,requires dedicated cost replay; non-primary costs cannot reduce 10bps promotion gate
10,fresh_tv10_filter_abs_score_ge_3_alpha_zoo_conservative_exit_6p0x_0p15alloc,alpha_zoo_conservative_exit,10.0,train,0.3817863892665132,0.07139752081679626,42,expanded_retune_primary_10bps,True,False,primary promotion cost; exact replay metric
10,fresh_tv10_filter_abs_score_ge_3_alpha_zoo_conservative_exit_6p0x_0p15alloc,alpha_zoo_conservative_exit,10.0,validation,0.06492944700092895,0.01499548679681926,8,expanded_retune_primary_10bps,True,False,primary promotion cost; exact replay metric
10,fresh_tv10_filter_abs_score_ge_3_alpha_zoo_conservative_exit_6p0x_0p15alloc,alpha_zoo_conservative_exit,10.0,locked_oos,-0.00193141253562934,0.00193141253562934,1,expanded_retune_primary_10bps,True,False,primary promotion cost; exact replay metric
10,fresh_tv10_filter_abs_score_ge_3_alpha_zoo_conservative_exit_6p0x_0p15alloc,alpha_zoo_conservative_exit,15.0,train,,,,not_replayed_in_sample_guarded_runner,True,False,requires dedicated cost replay; non-primary costs cannot reduce 10bps promotion gate
10,fresh_tv10_filter_abs_score_ge_3_alpha_zoo_conservative_exit_6p0x_0p15alloc,alpha_zoo_conservative_exit,15.0,validation,,,,not_replayed_in_sample_guarded_runner,True,False,requires dedicated cost replay; non-primary costs cannot reduce 10bps promotion gate
10,fresh_tv10_filter_abs_score_ge_3_alpha_zoo_conservative_exit_6p0x_0p15alloc,alpha_zoo_conservative_exit,15.0,locked_oos,,,,not_replayed_in_sample_guarded_runner,True,False,requires dedicated cost replay; non-primary costs cannot reduce 10bps promotion gate
10,fresh_tv10_filter_abs_score_ge_3_alpha_zoo_conservative_exit_6p0x_0p15alloc,alpha_zoo_conservative_exit,20.0,train,,,,not_replayed_in_sample_guarded_runner,True,False,requires dedicated cost replay; non-primary costs cannot reduce 10bps promotion gate
10,fresh_tv10_filter_abs_score_ge_3_alpha_zoo_conservative_exit_6p0x_0p15alloc,alpha_zoo_conservative_exit,20.0,validation,,,,not_replayed_in_sample_guarded_runner,True,False,requires dedicated cost replay; non-primary costs cannot reduce 10bps promotion gate
10,fresh_tv10_filter_abs_score_ge_3_alpha_zoo_conservative_exit_6p0x_0p15alloc,alpha_zoo_conservative_exit,20.0,locked_oos,,,,not_replayed_in_sample_guarded_runner,True,False,requires dedicated cost replay; non-primary costs cannot reduce 10bps promotion gate
11,fresh_tv10_filter_abs_score_ge_3_alpha_zoo_conservative_exit_carry_forward_old_split_selected_5p0x_0p175alloc,alpha_zoo_conservative_exit_carry_forward_old_split_selected,5.0,train,,,,not_replayed_in_sample_guarded_runner,True,False,requires dedicated cost replay; non-primary costs cannot reduce 10bps promotion gate
11,fresh_tv10_filter_abs_score_ge_3_alpha_zoo_conservative_exit_carry_forward_old_split_selected_5p0x_0p175alloc,alpha_zoo_conservative_exit_carry_forward_old_split_selected,5.0,validation,,,,not_replayed_in_sample_guarded_runner,True,False,requires dedicated cost replay; non-primary costs cannot reduce 10bps promotion gate
11,fresh_tv10_filter_abs_score_ge_3_alpha_zoo_conservative_exit_carry_forward_old_split_selected_5p0x_0p175alloc,alpha_zoo_conservative_exit_carry_forward_old_split_selected,5.0,locked_oos,,,,not_replayed_in_sample_guarded_runner,True,False,requires dedicated cost replay; non-primary costs cannot reduce 10bps promotion gate
11,fresh_tv10_filter_abs_score_ge_3_alpha_zoo_conservative_exit_carry_forward_old_split_selected_5p0x_0p175alloc,alpha_zoo_conservative_exit_carry_forward_old_split_selected,10.0,train,0.36988848677499386,0.06946197893107453,42,expanded_retune_primary_10bps,True,False,primary promotion cost; exact replay metric
11,fresh_tv10_filter_abs_score_ge_3_alpha_zoo_conservative_exit_carry_forward_old_split_selected_5p0x_0p175alloc,alpha_zoo_conservative_exit_carry_forward_old_split_selected,10.0,validation,0.06312942079041761,0.014579204658876799,8,expanded_retune_primary_10bps,True,False,primary promotion cost; exact replay metric
11,fresh_tv10_filter_abs_score_ge_3_alpha_zoo_conservative_exit_carry_forward_old_split_selected_5p0x_0p175alloc,alpha_zoo_conservative_exit_carry_forward_old_split_selected,10.0,locked_oos,-0.00187776218741742,0.00187776218741742,1,expanded_retune_primary_10bps,True,False,primary promotion cost; exact replay metric
11,fresh_tv10_filter_abs_score_ge_3_alpha_zoo_conservative_exit_carry_forward_old_split_selected_5p0x_0p175alloc,alpha_zoo_conservative_exit_carry_forward_old_split_selected,15.0,train,,,,not_replayed_in_sample_guarded_runner,True,False,requires dedicated cost replay; non-primary costs cannot reduce 10bps promotion gate
11,fresh_tv10_filter_abs_score_ge_3_alpha_zoo_conservative_exit_carry_forward_old_split_selected_5p0x_0p175alloc,alpha_zoo_conservative_exit_carry_forward_old_split_selected,15.0,validation,,,,not_replayed_in_sample_guarded_runner,True,False,requires dedicated cost replay; non-primary costs cannot reduce 10bps promotion gate
11,fresh_tv10_filter_abs_score_ge_3_alpha_zoo_conservative_exit_carry_forward_old_split_selected_5p0x_0p175alloc,alpha_zoo_conservative_exit_carry_forward_old_split_selected,15.0,locked_oos,,,,not_replayed_in_sample_guarded_runner,True,False,requires dedicated cost replay; non-primary costs cannot reduce 10bps promotion gate
11,fresh_tv10_filter_abs_score_ge_3_alpha_zoo_conservative_exit_carry_forward_old_split_selected_5p0x_0p175alloc,alpha_zoo_conservative_exit_carry_forward_old_split_selected,20.0,train,,,,not_replayed_in_sample_guarded_runner,True,False,requires dedicated cost replay; non-primary costs cannot reduce 10bps promotion gate
11,fresh_tv10_filter_abs_score_ge_3_alpha_zoo_conservative_exit_carry_forward_old_split_selected_5p0x_0p175alloc,alpha_zoo_conservative_exit_carry_forward_old_split_selected,20.0,validation,,,,not_replayed_in_sample_guarded_runner,True,False,requires dedicated cost replay; non-primary costs cannot reduce 10bps promotion gate
11,fresh_tv10_filter_abs_score_ge_3_alpha_zoo_conservative_exit_carry_forward_old_split_selected_5p0x_0p175alloc,alpha_zoo_conservative_exit_carry_forward_old_split_selected,20.0,locked_oos,,,,not_replayed_in_sample_guarded_runner,True,False,requires dedicated cost replay; non-primary costs cannot reduce 10bps promotion gate
12,fresh_tv10_filter_abs_score_ge_3_alpha_zoo_conservative_exit_5p0x_0p175alloc,alpha_zoo_conservative_exit,5.0,train,,,,not_replayed_in_sample_guarded_runner,True,False,requires dedicated cost replay; non-primary costs cannot reduce 10bps promotion gate
12,fresh_tv10_filter_abs_score_ge_3_alpha_zoo_conservative_exit_5p0x_0p175alloc,alpha_zoo_conservative_exit,5.0,validation,,,,not_replayed_in_sample_guarded_runner,True,False,requires dedicated cost replay; non-primary costs cannot reduce 10bps promotion gate
12,fresh_tv10_filter_abs_score_ge_3_alpha_zoo_conservative_exit_5p0x_0p175alloc,alpha_zoo_conservative_exit,5.0,locked_oos,,,,not_replayed_in_sample_guarded_runner,True,False,requires dedicated cost replay; non-primary costs cannot reduce 10bps promotion gate
12,fresh_tv10_filter_abs_score_ge_3_alpha_zoo_conservative_exit_5p0x_0p175alloc,alpha_zoo_conservative_exit,10.0,train,0.36988848677499386,0.06946197893107453,42,expanded_retune_primary_10bps,True,False,primary promotion cost; exact replay metric
12,fresh_tv10_filter_abs_score_ge_3_alpha_zoo_conservative_exit_5p0x_0p175alloc,alpha_zoo_conservative_exit,10.0,validation,0.06312942079041761,0.014579204658876799,8,expanded_retune_primary_10bps,True,False,primary promotion cost; exact replay metric
12,fresh_tv10_filter_abs_score_ge_3_alpha_zoo_conservative_exit_5p0x_0p175alloc,alpha_zoo_conservative_exit,10.0,locked_oos,-0.00187776218741742,0.00187776218741742,1,expanded_retune_primary_10bps,True,False,primary promotion cost; exact replay metric
12,fresh_tv10_filter_abs_score_ge_3_alpha_zoo_conservative_exit_5p0x_0p175alloc,alpha_zoo_conservative_exit,15.0,train,,,,not_replayed_in_sample_guarded_runner,True,False,requires dedicated cost replay; non-primary costs cannot reduce 10bps promotion gate
12,fresh_tv10_filter_abs_score_ge_3_alpha_zoo_conservative_exit_5p0x_0p175alloc,alpha_zoo_conservative_exit,15.0,validation,,,,not_replayed_in_sample_guarded_runner,True,False,requires dedicated cost replay; non-primary costs cannot reduce 10bps promotion gate
12,fresh_tv10_filter_abs_score_ge_3_alpha_zoo_conservative_exit_5p0x_0p175alloc,alpha_zoo_conservative_exit,15.0,locked_oos,,,,not_replayed_in_sample_guarded_runner,True,False,requires dedicated cost replay; non-primary costs cannot reduce 10bps promotion gate
12,fresh_tv10_filter_abs_score_ge_3_alpha_zoo_conservative_exit_5p0x_0p175alloc,alpha_zoo_conservative_exit,20.0,train,,,,not_replayed_in_sample_guarded_runner,True,False,requires dedicated cost replay; non-primary costs cannot reduce 10bps promotion gate
12,fresh_tv10_filter_abs_score_ge_3_alpha_zoo_conservative_exit_5p0x_0p175alloc,alpha_zoo_conservative_exit,20.0,validation,,,,not_replayed_in_sample_guarded_runner,True,False,requires dedicated cost replay; non-primary costs cannot reduce 10bps promotion gate
12,fresh_tv10_filter_abs_score_ge_3_alpha_zoo_conservative_exit_5p0x_0p175alloc,alpha_zoo_conservative_exit,20.0,locked_oos,,,,not_replayed_in_sample_guarded_runner,True,False,requires dedicated cost replay; non-primary costs cannot reduce 10bps promotion gate
13,fresh_tv10_filter_abs_score_ge_1p5_alpha_zoo_conservative_exit_carry_forward_old_split_selected_6p0x_0p15alloc,alpha_zoo_conservative_exit_carry_forward_old_split_selected,5.0,train,,,,not_replayed_in_sample_guarded_runner,True,False,requires dedicated cost replay; non-primary costs cannot reduce 10bps promotion gate
13,fresh_tv10_filter_abs_score_ge_1p5_alpha_zoo_conservative_exit_carry_forward_old_split_selected_6p0x_0p15alloc,alpha_zoo_conservative_exit_carry_forward_old_split_selected,5.0,validation,,,,not_replayed_in_sample_guarded_runner,True,False,requires dedicated cost replay; non-primary costs cannot reduce 10bps promotion gate
13,fresh_tv10_filter_abs_score_ge_1p5_alpha_zoo_conservative_exit_carry_forward_old_split_selected_6p0x_0p15alloc,alpha_zoo_conservative_exit_carry_forward_old_split_selected,5.0,locked_oos,,,,not_replayed_in_sample_guarded_runner,True,False,requires dedicated cost replay; non-primary costs cannot reduce 10bps promotion gate
13,fresh_tv10_filter_abs_score_ge_1p5_alpha_zoo_conservative_exit_carry_forward_old_split_selected_6p0x_0p15alloc,alpha_zoo_conservative_exit_carry_forward_old_split_selected,10.0,train,0.05089701163082627,0.2962462641771317,476,expanded_retune_primary_10bps,True,False,primary promotion cost; exact replay metric
13,fresh_tv10_filter_abs_score_ge_1p5_alpha_zoo_conservative_exit_carry_forward_old_split_selected_6p0x_0p15alloc,alpha_zoo_conservative_exit_carry_forward_old_split_selected,10.0,validation,0.23276927378878653,0.0724575963251314,103,expanded_retune_primary_10bps,True,False,primary promotion cost; exact replay metric
13,fresh_tv10_filter_abs_score_ge_1p5_alpha_zoo_conservative_exit_carry_forward_old_split_selected_6p0x_0p15alloc,alpha_zoo_conservative_exit_carry_forward_old_split_selected,10.0,locked_oos,-0.03613930184180558,0.10920505524617515,56,expanded_retune_primary_10bps,True,False,primary promotion cost; exact replay metric
13,fresh_tv10_filter_abs_score_ge_1p5_alpha_zoo_conservative_exit_carry_forward_old_split_selected_6p0x_0p15alloc,alpha_zoo_conservative_exit_carry_forward_old_split_selected,15.0,train,,,,not_replayed_in_sample_guarded_runner,True,False,requires dedicated cost replay; non-primary costs cannot reduce 10bps promotion gate
13,fresh_tv10_filter_abs_score_ge_1p5_alpha_zoo_conservative_exit_carry_forward_old_split_selected_6p0x_0p15alloc,alpha_zoo_conservative_exit_carry_forward_old_split_selected,15.0,validation,,,,not_replayed_in_sample_guarded_runner,True,False,requires dedicated cost replay; non-primary costs cannot reduce 10bps promotion gate
13,fresh_tv10_filter_abs_score_ge_1p5_alpha_zoo_conservative_exit_carry_forward_old_split_selected_6p0x_0p15alloc,alpha_zoo_conservative_exit_carry_forward_old_split_selected,15.0,locked_oos,,,,not_replayed_in_sample_guarded_runner,True,False,requires dedicated cost replay; non-primary costs cannot reduce 10bps promotion gate
13,fresh_tv10_filter_abs_score_ge_1p5_alpha_zoo_conservative_exit_carry_forward_old_split_selected_6p0x_0p15alloc,alpha_zoo_conservative_exit_carry_forward_old_split_selected,20.0,train,,,,not_replayed_in_sample_guarded_runner,True,False,requires dedicated cost replay; non-primary costs cannot reduce 10bps promotion gate
13,fresh_tv10_filter_abs_score_ge_1p5_alpha_zoo_conservative_exit_carry_forward_old_split_selected_6p0x_0p15alloc,alpha_zoo_conservative_exit_carry_forward_old_split_selected,20.0,validation,,,,not_replayed_in_sample_guarded_runner,True,False,requires dedicated cost replay; non-primary costs cannot reduce 10bps promotion gate
13,fresh_tv10_filter_abs_score_ge_1p5_alpha_zoo_conservative_exit_carry_forward_old_split_selected_6p0x_0p15alloc,alpha_zoo_conservative_exit_carry_forward_old_split_selected,20.0,locked_oos,,,,not_replayed_in_sample_guarded_runner,True,False,requires dedicated cost replay; non-primary costs cannot reduce 10bps promotion gate
14,fresh_tv10_filter_abs_score_ge_1p5_alpha_zoo_conservative_exit_6p0x_0p15alloc,alpha_zoo_conservative_exit,5.0,train,,,,not_replayed_in_sample_guarded_runner,True,False,requires dedicated cost replay; non-primary costs cannot reduce 10bps promotion gate
14,fresh_tv10_filter_abs_score_ge_1p5_alpha_zoo_conservative_exit_6p0x_0p15alloc,alpha_zoo_conservative_exit,5.0,validation,,,,not_replayed_in_sample_guarded_runner,True,False,requires dedicated cost replay; non-primary costs cannot reduce 10bps promotion gate
14,fresh_tv10_filter_abs_score_ge_1p5_alpha_zoo_conservative_exit_6p0x_0p15alloc,alpha_zoo_conservative_exit,5.0,locked_oos,,,,not_replayed_in_sample_guarded_runner,True,False,requires dedicated cost replay; non-primary costs cannot reduce 10bps promotion gate
14,fresh_tv10_filter_abs_score_ge_1p5_alpha_zoo_conservative_exit_6p0x_0p15alloc,alpha_zoo_conservative_exit,10.0,train,0.05089701163082627,0.2962462641771317,476,expanded_retune_primary_10bps,True,False,primary promotion cost; exact replay metric
14,fresh_tv10_filter_abs_score_ge_1p5_alpha_zoo_conservative_exit_6p0x_0p15alloc,alpha_zoo_conservative_exit,10.0,validation,0.23276927378878653,0.0724575963251314,103,expanded_retune_primary_10bps,True,False,primary promotion cost; exact replay metric
14,fresh_tv10_filter_abs_score_ge_1p5_alpha_zoo_conservative_exit_6p0x_0p15alloc,alpha_zoo_conservative_exit,10.0,locked_oos,-0.03613930184180558,0.10920505524617515,56,expanded_retune_primary_10bps,True,False,primary promotion cost; exact replay metric
14,fresh_tv10_filter_abs_score_ge_1p5_alpha_zoo_conservative_exit_6p0x_0p15alloc,alpha_zoo_conservative_exit,15.0,train,,,,not_replayed_in_sample_guarded_runner,True,False,requires dedicated cost replay; non-primary costs cannot reduce 10bps promotion gate
14,fresh_tv10_filter_abs_score_ge_1p5_alpha_zoo_conservative_exit_6p0x_0p15alloc,alpha_zoo_conservative_exit,15.0,validation,,,,not_replayed_in_sample_guarded_runner,True,False,requires dedicated cost replay; non-primary costs cannot reduce 10bps promotion gate
14,fresh_tv10_filter_abs_score_ge_1p5_alpha_zoo_conservative_exit_6p0x_0p15alloc,alpha_zoo_conservative_exit,15.0,locked_oos,,,,not_replayed_in_sample_guarded_runner,True,False,requires dedicated cost replay; non-primary costs cannot reduce 10bps promotion gate
14,fresh_tv10_filter_abs_score_ge_1p5_alpha_zoo_conservative_exit_6p0x_0p15alloc,alpha_zoo_conservative_exit,20.0,train,,,,not_replayed_in_sample_guarded_runner,True,False,requires dedicated cost replay; non-primary costs cannot reduce 10bps promotion gate
14,fresh_tv10_filter_abs_score_ge_1p5_alpha_zoo_conservative_exit_6p0x_0p15alloc,alpha_zoo_conservative_exit,20.0,validation,,,,not_replayed_in_sample_guarded_runner,True,False,requires dedicated cost replay; non-primary costs cannot reduce 10bps promotion gate
14,fresh_tv10_filter_abs_score_ge_1p5_alpha_zoo_conservative_exit_6p0x_0p15alloc,alpha_zoo_conservative_exit,20.0,locked_oos,,,,not_replayed_in_sample_guarded_runner,True,False,requires dedicated cost replay; non-primary costs cannot reduce 10bps promotion gate
15,fresh_tv10_filter_abs_score_ge_3_alpha_zoo_conservative_exit_carry_forward_old_split_selected_7p0x_0p15alloc,alpha_zoo_conservative_exit_carry_forward_old_split_selected,5.0,train,,,,not_replayed_in_sample_guarded_runner,True,False,requires dedicated cost replay; non-primary costs cannot reduce 10bps promotion gate
15,fresh_tv10_filter_abs_score_ge_3_alpha_zoo_conservative_exit_carry_forward_old_split_selected_7p0x_0p15alloc,alpha_zoo_conservative_exit_carry_forward_old_split_selected,5.0,validation,,,,not_replayed_in_sample_guarded_runner,True,False,requires dedicated cost replay; non-primary costs cannot reduce 10bps promotion gate
15,fresh_tv10_filter_abs_score_ge_3_alpha_zoo_conservative_exit_carry_forward_old_split_selected_7p0x_0p15alloc,alpha_zoo_conservative_exit_carry_forward_old_split_selected,5.0,locked_oos,,,,not_replayed_in_sample_guarded_runner,True,False,requires dedicated cost replay; non-primary costs cannot reduce 10bps promotion gate
15,fresh_tv10_filter_abs_score_ge_3_alpha_zoo_conservative_exit_carry_forward_old_split_selected_7p0x_0p15alloc,alpha_zoo_conservative_exit_carry_forward_old_split_selected,10.0,train,0.2469799968908064,0.15141238738200502,42,expanded_retune_primary_10bps,True,False,primary promotion cost; exact replay metric
15,fresh_tv10_filter_abs_score_ge_3_alpha_zoo_conservative_exit_carry_forward_old_split_selected_7p0x_0p15alloc,alpha_zoo_conservative_exit_carry_forward_old_split_selected,10.0,validation,0.07572443448626331,0.017492844285999048,8,expanded_retune_primary_10bps,True,False,primary promotion cost; exact replay metric
15,fresh_tv10_filter_abs_score_ge_3_alpha_zoo_conservative_exit_carry_forward_old_split_selected_7p0x_0p15alloc,alpha_zoo_conservative_exit_carry_forward_old_split_selected,10.0,locked_oos,-0.0022533146249008595,0.0022533146249008595,1,expanded_retune_primary_10bps,True,False,primary promotion cost; exact replay metric
15,fresh_tv10_filter_abs_score_ge_3_alpha_zoo_conservative_exit_carry_forward_old_split_selected_7p0x_0p15alloc,alpha_zoo_conservative_exit_carry_forward_old_split_selected,15.0,train,,,,not_replayed_in_sample_guarded_runner,True,False,requires dedicated cost replay; non-primary costs cannot reduce 10bps promotion gate
15,fresh_tv10_filter_abs_score_ge_3_alpha_zoo_conservative_exit_carry_forward_old_split_selected_7p0x_0p15alloc,alpha_zoo_conservative_exit_carry_forward_old_split_selected,15.0,validation,,,,not_replayed_in_sample_guarded_runner,True,False,requires dedicated cost replay; non-primary costs cannot reduce 10bps promotion gate
15,fresh_tv10_filter_abs_score_ge_3_alpha_zoo_conservative_exit_carry_forward_old_split_selected_7p0x_0p15alloc,alpha_zoo_conservative_exit_carry_forward_old_split_selected,15.0,locked_oos,,,,not_replayed_in_sample_guarded_runner,True,False,requires dedicated cost replay; non-primary costs cannot reduce 10bps promotion gate
15,fresh_tv10_filter_abs_score_ge_3_alpha_zoo_conservative_exit_carry_forward_old_split_selected_7p0x_0p15alloc,alpha_zoo_conservative_exit_carry_forward_old_split_selected,20.0,train,,,,not_replayed_in_sample_guarded_runner,True,False,requires dedicated cost replay; non-primary costs cannot reduce 10bps promotion gate
15,fresh_tv10_filter_abs_score_ge_3_alpha_zoo_conservative_exit_carry_forward_old_split_selected_7p0x_0p15alloc,alpha_zoo_conservative_exit_carry_forward_old_split_selected,20.0,validation,,,,not_replayed_in_sample_guarded_runner,True,False,requires dedicated cost replay; non-primary costs cannot reduce 10bps promotion gate
15,fresh_tv10_filter_abs_score_ge_3_alpha_zoo_conservative_exit_carry_forward_old_split_selected_7p0x_0p15alloc,alpha_zoo_conservative_exit_carry_forward_old_split_selected,20.0,locked_oos,,,,not_replayed_in_sample_guarded_runner,True,False,requires dedicated cost replay; non-primary costs cannot reduce 10bps promotion gate
16,fresh_tv10_filter_abs_score_ge_3_alpha_zoo_conservative_exit_7p0x_0p15alloc,alpha_zoo_conservative_exit,5.0,train,,,,not_replayed_in_sample_guarded_runner,True,False,requires dedicated cost replay; non-primary costs cannot reduce 10bps promotion gate
16,fresh_tv10_filter_abs_score_ge_3_alpha_zoo_conservative_exit_7p0x_0p15alloc,alpha_zoo_conservative_exit,5.0,validation,,,,not_replayed_in_sample_guarded_runner,True,False,requires dedicated cost replay; non-primary costs cannot reduce 10bps promotion gate
16,fresh_tv10_filter_abs_score_ge_3_alpha_zoo_conservative_exit_7p0x_0p15alloc,alpha_zoo_conservative_exit,5.0,locked_oos,,,,not_replayed_in_sample_guarded_runner,True,False,requires dedicated cost replay; non-primary costs cannot reduce 10bps promotion gate
16,fresh_tv10_filter_abs_score_ge_3_alpha_zoo_conservative_exit_7p0x_0p15alloc,alpha_zoo_conservative_exit,10.0,train,0.2469799968908064,0.15141238738200502,42,expanded_retune_primary_10bps,True,False,primary promotion cost; exact replay metric
16,fresh_tv10_filter_abs_score_ge_3_alpha_zoo_conservative_exit_7p0x_0p15alloc,alpha_zoo_conservative_exit,10.0,validation,0.07572443448626331,0.017492844285999048,8,expanded_retune_primary_10bps,True,False,primary promotion cost; exact replay metric
16,fresh_tv10_filter_abs_score_ge_3_alpha_zoo_conservative_exit_7p0x_0p15alloc,alpha_zoo_conservative_exit,10.0,locked_oos,-0.0022533146249008595,0.0022533146249008595,1,expanded_retune_primary_10bps,True,False,primary promotion cost; exact replay metric
16,fresh_tv10_filter_abs_score_ge_3_alpha_zoo_conservative_exit_7p0x_0p15alloc,alpha_zoo_conservative_exit,15.0,train,,,,not_replayed_in_sample_guarded_runner,True,False,requires dedicated cost replay; non-primary costs cannot reduce 10bps promotion gate
16,fresh_tv10_filter_abs_score_ge_3_alpha_zoo_conservative_exit_7p0x_0p15alloc,alpha_zoo_conservative_exit,15.0,validation,,,,not_replayed_in_sample_guarded_runner,True,False,requires dedicated cost replay; non-primary costs cannot reduce 10bps promotion gate
16,fresh_tv10_filter_abs_score_ge_3_alpha_zoo_conservative_exit_7p0x_0p15alloc,alpha_zoo_conservative_exit,15.0,locked_oos,,,,not_replayed_in_sample_guarded_runner,True,False,requires dedicated cost replay; non-primary costs cannot reduce 10bps promotion gate
16,fresh_tv10_filter_abs_score_ge_3_alpha_zoo_conservative_exit_7p0x_0p15alloc,alpha_zoo_conservative_exit,20.0,train,,,,not_replayed_in_sample_guarded_runner,True,False,requires dedicated cost replay; non-primary costs cannot reduce 10bps promotion gate
16,fresh_tv10_filter_abs_score_ge_3_alpha_zoo_conservative_exit_7p0x_0p15alloc,alpha_zoo_conservative_exit,20.0,validation,,,,not_replayed_in_sample_guarded_runner,True,False,requires dedicated cost replay; non-primary costs cannot reduce 10bps promotion gate
16,fresh_tv10_filter_abs_score_ge_3_alpha_zoo_conservative_exit_7p0x_0p15alloc,alpha_zoo_conservative_exit,20.0,locked_oos,,,,not_replayed_in_sample_guarded_runner,True,False,requires dedicated cost replay; non-primary costs cannot reduce 10bps promotion gate
17,fresh_tv10_filter_abs_score_ge_3_alpha_zoo_conservative_exit_carry_forward_old_split_selected_4p0x_0p2alloc,alpha_zoo_conservative_exit_carry_forward_old_split_selected,5.0,train,,,,not_replayed_in_sample_guarded_runner,True,False,requires dedicated cost replay; non-primary costs cannot reduce 10bps promotion gate
17,fresh_tv10_filter_abs_score_ge_3_alpha_zoo_conservative_exit_carry_forward_old_split_selected_4p0x_0p2alloc,alpha_zoo_conservative_exit_carry_forward_old_split_selected,5.0,validation,,,,not_replayed_in_sample_guarded_runner,True,False,requires dedicated cost replay; non-primary costs cannot reduce 10bps promotion gate
17,fresh_tv10_filter_abs_score_ge_3_alpha_zoo_conservative_exit_carry_forward_old_split_selected_4p0x_0p2alloc,alpha_zoo_conservative_exit_carry_forward_old_split_selected,5.0,locked_oos,,,,not_replayed_in_sample_guarded_runner,True,False,requires dedicated cost replay; non-primary costs cannot reduce 10bps promotion gate
17,fresh_tv10_filter_abs_score_ge_3_alpha_zoo_conservative_exit_carry_forward_old_split_selected_4p0x_0p2alloc,alpha_zoo_conservative_exit_carry_forward_old_split_selected,10.0,train,0.3346570119376624,0.06363911923267927,42,expanded_retune_primary_10bps,True,False,primary promotion cost; exact replay metric
17,fresh_tv10_filter_abs_score_ge_3_alpha_zoo_conservative_exit_carry_forward_old_split_selected_4p0x_0p2alloc,alpha_zoo_conservative_exit_carry_forward_old_split_selected,10.0,validation,0.05772792493636425,0.013330264083699106,8,expanded_retune_primary_10bps,True,False,primary promotion cost; exact replay metric
17,fresh_tv10_filter_abs_score_ge_3_alpha_zoo_conservative_exit_carry_forward_old_split_selected_4p0x_0p2alloc,alpha_zoo_conservative_exit_carry_forward_old_split_selected,10.0,locked_oos,-0.0017168111427816601,0.0017168111427816601,1,expanded_retune_primary_10bps,True,False,primary promotion cost; exact replay metric
17,fresh_tv10_filter_abs_score_ge_3_alpha_zoo_conservative_exit_carry_forward_old_split_selected_4p0x_0p2alloc,alpha_zoo_conservative_exit_carry_forward_old_split_selected,15.0,train,,,,not_replayed_in_sample_guarded_runner,True,False,requires dedicated cost replay; non-primary costs cannot reduce 10bps promotion gate
17,fresh_tv10_filter_abs_score_ge_3_alpha_zoo_conservative_exit_carry_forward_old_split_selected_4p0x_0p2alloc,alpha_zoo_conservative_exit_carry_forward_old_split_selected,15.0,validation,,,,not_replayed_in_sample_guarded_runner,True,False,requires dedicated cost replay; non-primary costs cannot reduce 10bps promotion gate
17,fresh_tv10_filter_abs_score_ge_3_alpha_zoo_conservative_exit_carry_forward_old_split_selected_4p0x_0p2alloc,alpha_zoo_conservative_exit_carry_forward_old_split_selected,15.0,locked_oos,,,,not_replayed_in_sample_guarded_runner,True,False,requires dedicated cost replay; non-primary costs cannot reduce 10bps promotion gate
17,fresh_tv10_filter_abs_score_ge_3_alpha_zoo_conservative_exit_carry_forward_old_split_selected_4p0x_0p2alloc,alpha_zoo_conservative_exit_carry_forward_old_split_selected,20.0,train,,,,not_replayed_in_sample_guarded_runner,True,False,requires dedicated cost replay; non-primary costs cannot reduce 10bps promotion gate
17,fresh_tv10_filter_abs_score_ge_3_alpha_zoo_conservative_exit_carry_forward_old_split_selected_4p0x_0p2alloc,alpha_zoo_conservative_exit_carry_forward_old_split_selected,20.0,validation,,,,not_replayed_in_sample_guarded_runner,True,False,requires dedicated cost replay; non-primary costs cannot reduce 10bps promotion gate
17,fresh_tv10_filter_abs_score_ge_3_alpha_zoo_conservative_exit_carry_forward_old_split_selected_4p0x_0p2alloc,alpha_zoo_conservative_exit_carry_forward_old_split_selected,20.0,locked_oos,,,,not_replayed_in_sample_guarded_runner,True,False,requires dedicated cost replay; non-primary costs cannot reduce 10bps promotion gate
18,fresh_tv10_filter_abs_score_ge_3_alpha_zoo_conservative_exit_4p0x_0p2alloc,alpha_zoo_conservative_exit,5.0,train,,,,not_replayed_in_sample_guarded_runner,True,False,requires dedicated cost replay; non-primary costs cannot reduce 10bps promotion gate
18,fresh_tv10_filter_abs_score_ge_3_alpha_zoo_conservative_exit_4p0x_0p2alloc,alpha_zoo_conservative_exit,5.0,validation,,,,not_replayed_in_sample_guarded_runner,True,False,requires dedicated cost replay; non-primary costs cannot reduce 10bps promotion gate
18,fresh_tv10_filter_abs_score_ge_3_alpha_zoo_conservative_exit_4p0x_0p2alloc,alpha_zoo_conservative_exit,5.0,locked_oos,,,,not_replayed_in_sample_guarded_runner,True,False,requires dedicated cost replay; non-primary costs cannot reduce 10bps promotion gate
18,fresh_tv10_filter_abs_score_ge_3_alpha_zoo_conservative_exit_4p0x_0p2alloc,alpha_zoo_conservative_exit,10.0,train,0.3346570119376624,0.06363911923267927,42,expanded_retune_primary_10bps,True,False,primary promotion cost; exact replay metric
18,fresh_tv10_filter_abs_score_ge_3_alpha_zoo_conservative_exit_4p0x_0p2alloc,alpha_zoo_conservative_exit,10.0,validation,0.05772792493636425,0.013330264083699106,8,expanded_retune_primary_10bps,True,False,primary promotion cost; exact replay metric
18,fresh_tv10_filter_abs_score_ge_3_alpha_zoo_conservative_exit_4p0x_0p2alloc,alpha_zoo_conservative_exit,10.0,locked_oos,-0.0017168111427816601,0.0017168111427816601,1,expanded_retune_primary_10bps,True,False,primary promotion cost; exact replay metric
18,fresh_tv10_filter_abs_score_ge_3_alpha_zoo_conservative_exit_4p0x_0p2alloc,alpha_zoo_conservative_exit,15.0,train,,,,not_replayed_in_sample_guarded_runner,True,False,requires dedicated cost replay; non-primary costs cannot reduce 10bps promotion gate
18,fresh_tv10_filter_abs_score_ge_3_alpha_zoo_conservative_exit_4p0x_0p2alloc,alpha_zoo_conservative_exit,15.0,validation,,,,not_replayed_in_sample_guarded_runner,True,False,requires dedicated cost replay; non-primary costs cannot reduce 10bps promotion gate
18,fresh_tv10_filter_abs_score_ge_3_alpha_zoo_conservative_exit_4p0x_0p2alloc,alpha_zoo_conservative_exit,15.0,locked_oos,,,,not_replayed_in_sample_guarded_runner,True,False,requires dedicated cost replay; non-primary costs cannot reduce 10bps promotion gate
18,fresh_tv10_filter_abs_score_ge_3_alpha_zoo_conservative_exit_4p0x_0p2alloc,alpha_zoo_conservative_exit,20.0,train,,,,not_replayed_in_sample_guarded_runner,True,False,requires dedicated cost replay; non-primary costs cannot reduce 10bps promotion gate
18,fresh_tv10_filter_abs_score_ge_3_alpha_zoo_conservative_exit_4p0x_0p2alloc,alpha_zoo_conservative_exit,20.0,validation,,,,not_replayed_in_sample_guarded_runner,True,False,requires dedicated cost replay; non-primary costs cannot reduce 10bps promotion gate
18,fresh_tv10_filter_abs_score_ge_3_alpha_zoo_conservative_exit_4p0x_0p2alloc,alpha_zoo_conservative_exit,20.0,locked_oos,,,,not_replayed_in_sample_guarded_runner,True,False,requires dedicated cost replay; non-primary costs cannot reduce 10bps promotion gate
19,fresh_tv10_filter_abs_score_ge_1p5_alpha_zoo_conservative_exit_carry_forward_old_split_selected_5p0x_0p175alloc,alpha_zoo_conservative_exit_carry_forward_old_split_selected,5.0,train,,,,not_replayed_in_sample_guarded_runner,True,False,requires dedicated cost replay; non-primary costs cannot reduce 10bps promotion gate
19,fresh_tv10_filter_abs_score_ge_1p5_alpha_zoo_conservative_exit_carry_forward_old_split_selected_5p0x_0p175alloc,alpha_zoo_conservative_exit_carry_forward_old_split_selected,5.0,validation,,,,not_replayed_in_sample_guarded_runner,True,False,requires dedicated cost replay; non-primary costs cannot reduce 10bps promotion gate
19,fresh_tv10_filter_abs_score_ge_1p5_alpha_zoo_conservative_exit_carry_forward_old_split_selected_5p0x_0p175alloc,alpha_zoo_conservative_exit_carry_forward_old_split_selected,5.0,locked_oos,,,,not_replayed_in_sample_guarded_runner,True,False,requires dedicated cost replay; non-primary costs cannot reduce 10bps promotion gate
19,fresh_tv10_filter_abs_score_ge_1p5_alpha_zoo_conservative_exit_carry_forward_old_split_selected_5p0x_0p175alloc,alpha_zoo_conservative_exit_carry_forward_old_split_selected,10.0,train,0.051363965593672845,0.2891756368855056,476,expanded_retune_primary_10bps,True,False,primary promotion cost; exact replay metric
19,fresh_tv10_filter_abs_score_ge_1p5_alpha_zoo_conservative_exit_carry_forward_old_split_selected_5p0x_0p175alloc,alpha_zoo_conservative_exit_carry_forward_old_split_selected,10.0,validation,0.22598292080363946,0.07049785759646476,103,expanded_retune_primary_10bps,True,False,primary promotion cost; exact replay metric
19,fresh_tv10_filter_abs_score_ge_1p5_alpha_zoo_conservative_exit_carry_forward_old_split_selected_5p0x_0p175alloc,alpha_zoo_conservative_exit_carry_forward_old_split_selected,10.0,locked_oos,-0.03508690835760464,0.10632211985030839,56,expanded_retune_primary_10bps,True,False,primary promotion cost; exact replay metric
19,fresh_tv10_filter_abs_score_ge_1p5_alpha_zoo_conservative_exit_carry_forward_old_split_selected_5p0x_0p175alloc,alpha_zoo_conservative_exit_carry_forward_old_split_selected,15.0,train,,,,not_replayed_in_sample_guarded_runner,True,False,requires dedicated cost replay; non-primary costs cannot reduce 10bps promotion gate
19,fresh_tv10_filter_abs_score_ge_1p5_alpha_zoo_conservative_exit_carry_forward_old_split_selected_5p0x_0p175alloc,alpha_zoo_conservative_exit_carry_forward_old_split_selected,15.0,validation,,,,not_replayed_in_sample_guarded_runner,True,False,requires dedicated cost replay; non-primary costs cannot reduce 10bps promotion gate
19,fresh_tv10_filter_abs_score_ge_1p5_alpha_zoo_conservative_exit_carry_forward_old_split_selected_5p0x_0p175alloc,alpha_zoo_conservative_exit_carry_forward_old_split_selected,15.0,locked_oos,,,,not_replayed_in_sample_guarded_runner,True,False,requires dedicated cost replay; non-primary costs cannot reduce 10bps promotion gate
19,fresh_tv10_filter_abs_score_ge_1p5_alpha_zoo_conservative_exit_carry_forward_old_split_selected_5p0x_0p175alloc,alpha_zoo_conservative_exit_carry_forward_old_split_selected,20.0,train,,,,not_replayed_in_sample_guarded_runner,True,False,requires dedicated cost replay; non-primary costs cannot reduce 10bps promotion gate
19,fresh_tv10_filter_abs_score_ge_1p5_alpha_zoo_conservative_exit_carry_forward_old_split_selected_5p0x_0p175alloc,alpha_zoo_conservative_exit_carry_forward_old_split_selected,20.0,validation,,,,not_replayed_in_sample_guarded_runner,True,False,requires dedicated cost replay; non-primary costs cannot reduce 10bps promotion gate
19,fresh_tv10_filter_abs_score_ge_1p5_alpha_zoo_conservative_exit_carry_forward_old_split_selected_5p0x_0p175alloc,alpha_zoo_conservative_exit_carry_forward_old_split_selected,20.0,locked_oos,,,,not_replayed_in_sample_guarded_runner,True,False,requires dedicated cost replay; non-primary costs cannot reduce 10bps promotion gate
20,fresh_tv10_filter_abs_score_ge_1p5_alpha_zoo_conservative_exit_5p0x_0p175alloc,alpha_zoo_conservative_exit,5.0,train,,,,not_replayed_in_sample_guarded_runner,True,False,requires dedicated cost replay; non-primary costs cannot reduce 10bps promotion gate
20,fresh_tv10_filter_abs_score_ge_1p5_alpha_zoo_conservative_exit_5p0x_0p175alloc,alpha_zoo_conservative_exit,5.0,validation,,,,not_replayed_in_sample_guarded_runner,True,False,requires dedicated cost replay; non-primary costs cannot reduce 10bps promotion gate
20,fresh_tv10_filter_abs_score_ge_1p5_alpha_zoo_conservative_exit_5p0x_0p175alloc,alpha_zoo_conservative_exit,5.0,locked_oos,,,,not_replayed_in_sample_guarded_runner,True,False,requires dedicated cost replay; non-primary costs cannot reduce 10bps promotion gate
20,fresh_tv10_filter_abs_score_ge_1p5_alpha_zoo_conservative_exit_5p0x_0p175alloc,alpha_zoo_conservative_exit,10.0,train,0.051363965593672845,0.2891756368855056,476,expanded_retune_primary_10bps,True,False,primary promotion cost; exact replay metric
20,fresh_tv10_filter_abs_score_ge_1p5_alpha_zoo_conservative_exit_5p0x_0p175alloc,alpha_zoo_conservative_exit,10.0,validation,0.22598292080363946,0.07049785759646476,103,expanded_retune_primary_10bps,True,False,primary promotion cost; exact replay metric
20,fresh_tv10_filter_abs_score_ge_1p5_alpha_zoo_conservative_exit_5p0x_0p175alloc,alpha_zoo_conservative_exit,10.0,locked_oos,-0.03508690835760464,0.10632211985030839,56,expanded_retune_primary_10bps,True,False,primary promotion cost; exact replay metric
20,fresh_tv10_filter_abs_score_ge_1p5_alpha_zoo_conservative_exit_5p0x_0p175alloc,alpha_zoo_conservative_exit,15.0,train,,,,not_replayed_in_sample_guarded_runner,True,False,requires dedicated cost replay; non-primary costs cannot reduce 10bps promotion gate
20,fresh_tv10_filter_abs_score_ge_1p5_alpha_zoo_conservative_exit_5p0x_0p175alloc,alpha_zoo_conservative_exit,15.0,validation,,,,not_replayed_in_sample_guarded_runner,True,False,requires dedicated cost replay; non-primary costs cannot reduce 10bps promotion gate
20,fresh_tv10_filter_abs_score_ge_1p5_alpha_zoo_conservative_exit_5p0x_0p175alloc,alpha_zoo_conservative_exit,15.0,locked_oos,,,,not_replayed_in_sample_guarded_runner,True,False,requires dedicated cost replay; non-primary costs cannot reduce 10bps promotion gate
20,fresh_tv10_filter_abs_score_ge_1p5_alpha_zoo_conservative_exit_5p0x_0p175alloc,alpha_zoo_conservative_exit,20.0,train,,,,not_replayed_in_sample_guarded_runner,True,False,requires dedicated cost replay; non-primary costs cannot reduce 10bps promotion gate
20,fresh_tv10_filter_abs_score_ge_1p5_alpha_zoo_conservative_exit_5p0x_0p175alloc,alpha_zoo_conservative_exit,20.0,validation,,,,not_replayed_in_sample_guarded_runner,True,False,requires dedicated cost replay; non-primary costs cannot reduce 10bps promotion gate
20,fresh_tv10_filter_abs_score_ge_1p5_alpha_zoo_conservative_exit_5p0x_0p175alloc,alpha_zoo_conservative_exit,20.0,locked_oos,,,,not_replayed_in_sample_guarded_runner,True,False,requires dedicated cost replay; non-primary costs cannot reduce 10bps promotion gate
21,fresh_tv10_filter_abs_score_ge_3_alpha_zoo_conservative_exit_carry_forward_old_split_selected_6p0x_0p125alloc,alpha_zoo_conservative_exit_carry_forward_old_split_selected,5.0,train,,,,not_replayed_in_sample_guarded_runner,True,False,requires dedicated cost replay; non-primary costs cannot reduce 10bps promotion gate
21,fresh_tv10_filter_abs_score_ge_3_alpha_zoo_conservative_exit_carry_forward_old_split_selected_6p0x_0p125alloc,alpha_zoo_conservative_exit_carry_forward_old_split_selected,5.0,validation,,,,not_replayed_in_sample_guarded_runner,True,False,requires dedicated cost replay; non-primary costs cannot reduce 10bps promotion gate
21,fresh_tv10_filter_abs_score_ge_3_alpha_zoo_conservative_exit_carry_forward_old_split_selected_6p0x_0p125alloc,alpha_zoo_conservative_exit_carry_forward_old_split_selected,5.0,locked_oos,,,,not_replayed_in_sample_guarded_runner,True,False,requires dedicated cost replay; non-primary costs cannot reduce 10bps promotion gate
21,fresh_tv10_filter_abs_score_ge_3_alpha_zoo_conservative_exit_carry_forward_old_split_selected_6p0x_0p125alloc,alpha_zoo_conservative_exit_carry_forward_old_split_selected,10.0,train,0.311551607633334,0.05974366441037846,42,expanded_retune_primary_10bps,True,False,primary promotion cost; exact replay metric
21,fresh_tv10_filter_abs_score_ge_3_alpha_zoo_conservative_exit_carry_forward_old_split_selected_6p0x_0p125alloc,alpha_zoo_conservative_exit_carry_forward_old_split_selected,10.0,validation,0.05412577669219609,0.012497559391810666,8,expanded_retune_primary_10bps,True,False,primary promotion cost; exact replay metric
21,fresh_tv10_filter_abs_score_ge_3_alpha_zoo_conservative_exit_carry_forward_old_split_selected_6p0x_0p125alloc,alpha_zoo_conservative_exit_carry_forward_old_split_selected,10.0,locked_oos,-0.0016095104463577092,0.0016095104463577092,1,expanded_retune_primary_10bps,True,False,primary promotion cost; exact replay metric
21,fresh_tv10_filter_abs_score_ge_3_alpha_zoo_conservative_exit_carry_forward_old_split_selected_6p0x_0p125alloc,alpha_zoo_conservative_exit_carry_forward_old_split_selected,15.0,train,,,,not_replayed_in_sample_guarded_runner,True,False,requires dedicated cost replay; non-primary costs cannot reduce 10bps promotion gate
21,fresh_tv10_filter_abs_score_ge_3_alpha_zoo_conservative_exit_carry_forward_old_split_selected_6p0x_0p125alloc,alpha_zoo_conservative_exit_carry_forward_old_split_selected,15.0,validation,,,,not_replayed_in_sample_guarded_runner,True,False,requires dedicated cost replay; non-primary costs cannot reduce 10bps promotion gate
21,fresh_tv10_filter_abs_score_ge_3_alpha_zoo_conservative_exit_carry_forward_old_split_selected_6p0x_0p125alloc,alpha_zoo_conservative_exit_carry_forward_old_split_selected,15.0,locked_oos,,,,not_replayed_in_sample_guarded_runner,True,False,requires dedicated cost replay; non-primary costs cannot reduce 10bps promotion gate
21,fresh_tv10_filter_abs_score_ge_3_alpha_zoo_conservative_exit_carry_forward_old_split_selected_6p0x_0p125alloc,alpha_zoo_conservative_exit_carry_forward_old_split_selected,20.0,train,,,,not_replayed_in_sample_guarded_runner,True,False,requires dedicated cost replay; non-primary costs cannot reduce 10bps promotion gate
21,fresh_tv10_filter_abs_score_ge_3_alpha_zoo_conservative_exit_carry_forward_old_split_selected_6p0x_0p125alloc,alpha_zoo_conservative_exit_carry_forward_old_split_selected,20.0,validation,,,,not_replayed_in_sample_guarded_runner,True,False,requires dedicated cost replay; non-primary costs cannot reduce 10bps promotion gate
21,fresh_tv10_filter_abs_score_ge_3_alpha_zoo_conservative_exit_carry_forward_old_split_selected_6p0x_0p125alloc,alpha_zoo_conservative_exit_carry_forward_old_split_selected,20.0,locked_oos,,,,not_replayed_in_sample_guarded_runner,True,False,requires dedicated cost replay; non-primary costs cannot reduce 10bps promotion gate
22,fresh_tv10_filter_abs_score_ge_3_alpha_zoo_conservative_exit_carry_forward_old_split_selected_5p0x_0p15alloc,alpha_zoo_conservative_exit_carry_forward_old_split_selected,5.0,train,,,,not_replayed_in_sample_guarded_runner,True,False,requires dedicated cost replay; non-primary costs cannot reduce 10bps promotion gate
22,fresh_tv10_filter_abs_score_ge_3_alpha_zoo_conservative_exit_carry_forward_old_split_selected_5p0x_0p15alloc,alpha_zoo_conservative_exit_carry_forward_old_split_selected,5.0,validation,,,,not_replayed_in_sample_guarded_runner,True,False,requires dedicated cost replay; non-primary costs cannot reduce 10bps promotion gate
22,fresh_tv10_filter_abs_score_ge_3_alpha_zoo_conservative_exit_carry_forward_old_split_selected_5p0x_0p15alloc,alpha_zoo_conservative_exit_carry_forward_old_split_selected,5.0,locked_oos,,,,not_replayed_in_sample_guarded_runner,True,False,requires dedicated cost replay; non-primary costs cannot reduce 10bps promotion gate
22,fresh_tv10_filter_abs_score_ge_3_alpha_zoo_conservative_exit_carry_forward_old_split_selected_5p0x_0p15alloc,alpha_zoo_conservative_exit_carry_forward_old_split_selected,10.0,train,0.311551607633334,0.05974366441037846,42,expanded_retune_primary_10bps,True,False,primary promotion cost; exact replay metric
22,fresh_tv10_filter_abs_score_ge_3_alpha_zoo_conservative_exit_carry_forward_old_split_selected_5p0x_0p15alloc,alpha_zoo_conservative_exit_carry_forward_old_split_selected,10.0,validation,0.05412577669219609,0.012497559391810666,8,expanded_retune_primary_10bps,True,False,primary promotion cost; exact replay metric
22,fresh_tv10_filter_abs_score_ge_3_alpha_zoo_conservative_exit_carry_forward_old_split_selected_5p0x_0p15alloc,alpha_zoo_conservative_exit_carry_forward_old_split_selected,10.0,locked_oos,-0.0016095104463577092,0.0016095104463577092,1,expanded_retune_primary_10bps,True,False,primary promotion cost; exact replay metric
22,fresh_tv10_filter_abs_score_ge_3_alpha_zoo_conservative_exit_carry_forward_old_split_selected_5p0x_0p15alloc,alpha_zoo_conservative_exit_carry_forward_old_split_selected,15.0,train,,,,not_replayed_in_sample_guarded_runner,True,False,requires dedicated cost replay; non-primary costs cannot reduce 10bps promotion gate
22,fresh_tv10_filter_abs_score_ge_3_alpha_zoo_conservative_exit_carry_forward_old_split_selected_5p0x_0p15alloc,alpha_zoo_conservative_exit_carry_forward_old_split_selected,15.0,validation,,,,not_replayed_in_sample_guarded_runner,True,False,requires dedicated cost replay; non-primary costs cannot reduce 10bps promotion gate
22,fresh_tv10_filter_abs_score_ge_3_alpha_zoo_conservative_exit_carry_forward_old_split_selected_5p0x_0p15alloc,alpha_zoo_conservative_exit_carry_forward_old_split_selected,15.0,locked_oos,,,,not_replayed_in_sample_guarded_runner,True,False,requires dedicated cost replay; non-primary costs cannot reduce 10bps promotion gate
22,fresh_tv10_filter_abs_score_ge_3_alpha_zoo_conservative_exit_carry_forward_old_split_selected_5p0x_0p15alloc,alpha_zoo_conservative_exit_carry_forward_old_split_selected,20.0,train,,,,not_replayed_in_sample_guarded_runner,True,False,requires dedicated cost replay; non-primary costs cannot reduce 10bps promotion gate
22,fresh_tv10_filter_abs_score_ge_3_alpha_zoo_conservative_exit_carry_forward_old_split_selected_5p0x_0p15alloc,alpha_zoo_conservative_exit_carry_forward_old_split_selected,20.0,validation,,,,not_replayed_in_sample_guarded_runner,True,False,requires dedicated cost replay; non-primary costs cannot reduce 10bps promotion gate
22,fresh_tv10_filter_abs_score_ge_3_alpha_zoo_conservative_exit_carry_forward_old_split_selected_5p0x_0p15alloc,alpha_zoo_conservative_exit_carry_forward_old_split_selected,20.0,locked_oos,,,,not_replayed_in_sample_guarded_runner,True,False,requires dedicated cost replay; non-primary costs cannot reduce 10bps promotion gate
23,fresh_tv10_filter_abs_score_ge_3_alpha_zoo_conservative_exit_6p0x_0p125alloc,alpha_zoo_conservative_exit,5.0,train,,,,not_replayed_in_sample_guarded_runner,True,False,requires dedicated cost replay; non-primary costs cannot reduce 10bps promotion gate
23,fresh_tv10_filter_abs_score_ge_3_alpha_zoo_conservative_exit_6p0x_0p125alloc,alpha_zoo_conservative_exit,5.0,validation,,,,not_replayed_in_sample_guarded_runner,True,False,requires dedicated cost replay; non-primary costs cannot reduce 10bps promotion gate
23,fresh_tv10_filter_abs_score_ge_3_alpha_zoo_conservative_exit_6p0x_0p125alloc,alpha_zoo_conservative_exit,5.0,locked_oos,,,,not_replayed_in_sample_guarded_runner,True,False,requires dedicated cost replay; non-primary costs cannot reduce 10bps promotion gate
23,fresh_tv10_filter_abs_score_ge_3_alpha_zoo_conservative_exit_6p0x_0p125alloc,alpha_zoo_conservative_exit,10.0,train,0.311551607633334,0.05974366441037846,42,expanded_retune_primary_10bps,True,False,primary promotion cost; exact replay metric
23,fresh_tv10_filter_abs_score_ge_3_alpha_zoo_conservative_exit_6p0x_0p125alloc,alpha_zoo_conservative_exit,10.0,validation,0.05412577669219609,0.012497559391810666,8,expanded_retune_primary_10bps,True,False,primary promotion cost; exact replay metric
23,fresh_tv10_filter_abs_score_ge_3_alpha_zoo_conservative_exit_6p0x_0p125alloc,alpha_zoo_conservative_exit,10.0,locked_oos,-0.0016095104463577092,0.0016095104463577092,1,expanded_retune_primary_10bps,True,False,primary promotion cost; exact replay metric
23,fresh_tv10_filter_abs_score_ge_3_alpha_zoo_conservative_exit_6p0x_0p125alloc,alpha_zoo_conservative_exit,15.0,train,,,,not_replayed_in_sample_guarded_runner,True,False,requires dedicated cost replay; non-primary costs cannot reduce 10bps promotion gate
23,fresh_tv10_filter_abs_score_ge_3_alpha_zoo_conservative_exit_6p0x_0p125alloc,alpha_zoo_conservative_exit,15.0,validation,,,,not_replayed_in_sample_guarded_runner,True,False,requires dedicated cost replay; non-primary costs cannot reduce 10bps promotion gate
23,fresh_tv10_filter_abs_score_ge_3_alpha_zoo_conservative_exit_6p0x_0p125alloc,alpha_zoo_conservative_exit,15.0,locked_oos,,,,not_replayed_in_sample_guarded_runner,True,False,requires dedicated cost replay; non-primary costs cannot reduce 10bps promotion gate
23,fresh_tv10_filter_abs_score_ge_3_alpha_zoo_conservative_exit_6p0x_0p125alloc,alpha_zoo_conservative_exit,20.0,train,,,,not_replayed_in_sample_guarded_runner,True,False,requires dedicated cost replay; non-primary costs cannot reduce 10bps promotion gate
23,fresh_tv10_filter_abs_score_ge_3_alpha_zoo_conservative_exit_6p0x_0p125alloc,alpha_zoo_conservative_exit,20.0,validation,,,,not_replayed_in_sample_guarded_runner,True,False,requires dedicated cost replay; non-primary costs cannot reduce 10bps promotion gate
23,fresh_tv10_filter_abs_score_ge_3_alpha_zoo_conservative_exit_6p0x_0p125alloc,alpha_zoo_conservative_exit,20.0,locked_oos,,,,not_replayed_in_sample_guarded_runner,True,False,requires dedicated cost replay; non-primary costs cannot reduce 10bps promotion gate
24,fresh_tv10_filter_abs_score_ge_3_alpha_zoo_conservative_exit_5p0x_0p15alloc,alpha_zoo_conservative_exit,5.0,train,,,,not_replayed_in_sample_guarded_runner,True,False,requires dedicated cost replay; non-primary costs cannot reduce 10bps promotion gate
24,fresh_tv10_filter_abs_score_ge_3_alpha_zoo_conservative_exit_5p0x_0p15alloc,alpha_zoo_conservative_exit,5.0,validation,,,,not_replayed_in_sample_guarded_runner,True,False,requires dedicated cost replay; non-primary costs cannot reduce 10bps promotion gate
24,fresh_tv10_filter_abs_score_ge_3_alpha_zoo_conservative_exit_5p0x_0p15alloc,alpha_zoo_conservative_exit,5.0,locked_oos,,,,not_replayed_in_sample_guarded_runner,True,False,requires dedicated cost replay; non-primary costs cannot reduce 10bps promotion gate
24,fresh_tv10_filter_abs_score_ge_3_alpha_zoo_conservative_exit_5p0x_0p15alloc,alpha_zoo_conservative_exit,10.0,train,0.311551607633334,0.05974366441037846,42,expanded_retune_primary_10bps,True,False,primary promotion cost; exact replay metric
24,fresh_tv10_filter_abs_score_ge_3_alpha_zoo_conservative_exit_5p0x_0p15alloc,alpha_zoo_conservative_exit,10.0,validation,0.05412577669219609,0.012497559391810666,8,expanded_retune_primary_10bps,True,False,primary promotion cost; exact replay metric
24,fresh_tv10_filter_abs_score_ge_3_alpha_zoo_conservative_exit_5p0x_0p15alloc,alpha_zoo_conservative_exit,10.0,locked_oos,-0.0016095104463577092,0.0016095104463577092,1,expanded_retune_primary_10bps,True,False,primary promotion cost; exact replay metric
24,fresh_tv10_filter_abs_score_ge_3_alpha_zoo_conservative_exit_5p0x_0p15alloc,alpha_zoo_conservative_exit,15.0,train,,,,not_replayed_in_sample_guarded_runner,True,False,requires dedicated cost replay; non-primary costs cannot reduce 10bps promotion gate
24,fresh_tv10_filter_abs_score_ge_3_alpha_zoo_conservative_exit_5p0x_0p15alloc,alpha_zoo_conservative_exit,15.0,validation,,,,not_replayed_in_sample_guarded_runner,True,False,requires dedicated cost replay; non-primary costs cannot reduce 10bps promotion gate
24,fresh_tv10_filter_abs_score_ge_3_alpha_zoo_conservative_exit_5p0x_0p15alloc,alpha_zoo_conservative_exit,15.0,locked_oos,,,,not_replayed_in_sample_guarded_runner,True,False,requires dedicated cost replay; non-primary costs cannot reduce 10bps promotion gate
24,fresh_tv10_filter_abs_score_ge_3_alpha_zoo_conservative_exit_5p0x_0p15alloc,alpha_zoo_conservative_exit,20.0,train,,,,not_replayed_in_sample_guarded_runner,True,False,requires dedicated cost replay; non-primary costs cannot reduce 10bps promotion gate
24,fresh_tv10_filter_abs_score_ge_3_alpha_zoo_conservative_exit_5p0x_0p15alloc,alpha_zoo_conservative_exit,20.0,validation,,,,not_replayed_in_sample_guarded_runner,True,False,requires dedicated cost replay; non-primary costs cannot reduce 10bps promotion gate
24,fresh_tv10_filter_abs_score_ge_3_alpha_zoo_conservative_exit_5p0x_0p15alloc,alpha_zoo_conservative_exit,20.0,locked_oos,,,,not_replayed_in_sample_guarded_runner,True,False,requires dedicated cost replay; non-primary costs cannot reduce 10bps promotion gate
25,fresh_tv10_filter_abs_score_ge_3_alpha_zoo_conservative_exit_carry_forward_old_split_selected_4p0x_0p175alloc,alpha_zoo_conservative_exit_carry_forward_old_split_selected,5.0,train,,,,not_replayed_in_sample_guarded_runner,True,False,requires dedicated cost replay; non-primary costs cannot reduce 10bps promotion gate
25,fresh_tv10_filter_abs_score_ge_3_alpha_zoo_conservative_exit_carry_forward_old_split_selected_4p0x_0p175alloc,alpha_zoo_conservative_exit_carry_forward_old_split_selected,5.0,validation,,,,not_replayed_in_sample_guarded_runner,True,False,requires dedicated cost replay; non-primary costs cannot reduce 10bps promotion gate
25,fresh_tv10_filter_abs_score_ge_3_alpha_zoo_conservative_exit_carry_forward_old_split_selected_4p0x_0p175alloc,alpha_zoo_conservative_exit_carry_forward_old_split_selected,5.0,locked_oos,,,,not_replayed_in_sample_guarded_runner,True,False,requires dedicated cost replay; non-primary costs cannot reduce 10bps promotion gate
25,fresh_tv10_filter_abs_score_ge_3_alpha_zoo_conservative_exit_carry_forward_old_split_selected_4p0x_0p175alloc,alpha_zoo_conservative_exit_carry_forward_old_split_selected,10.0,train,0.28874924116819334,0.05583735224402077,42,expanded_retune_primary_10bps,True,False,primary promotion cost; exact replay metric
25,fresh_tv10_filter_abs_score_ge_3_alpha_zoo_conservative_exit_carry_forward_old_split_selected_4p0x_0p175alloc,alpha_zoo_conservative_exit_carry_forward_old_split_selected,10.0,validation,0.050522735702561716,0.011664793358210693,8,expanded_retune_primary_10bps,True,False,primary promotion cost; exact replay metric
25,fresh_tv10_filter_abs_score_ge_3_alpha_zoo_conservative_exit_carry_forward_old_split_selected_4p0x_0p175alloc,alpha_zoo_conservative_exit_carry_forward_old_split_selected,10.0,locked_oos,-0.0015022097499338694,0.0015022097499338694,1,expanded_retune_primary_10bps,True,False,primary promotion cost; exact replay metric
25,fresh_tv10_filter_abs_score_ge_3_alpha_zoo_conservative_exit_carry_forward_old_split_selected_4p0x_0p175alloc,alpha_zoo_conservative_exit_carry_forward_old_split_selected,15.0,train,,,,not_replayed_in_sample_guarded_runner,True,False,requires dedicated cost replay; non-primary costs cannot reduce 10bps promotion gate
25,fresh_tv10_filter_abs_score_ge_3_alpha_zoo_conservative_exit_carry_forward_old_split_selected_4p0x_0p175alloc,alpha_zoo_conservative_exit_carry_forward_old_split_selected,15.0,validation,,,,not_replayed_in_sample_guarded_runner,True,False,requires dedicated cost replay; non-primary costs cannot reduce 10bps promotion gate
25,fresh_tv10_filter_abs_score_ge_3_alpha_zoo_conservative_exit_carry_forward_old_split_selected_4p0x_0p175alloc,alpha_zoo_conservative_exit_carry_forward_old_split_selected,15.0,locked_oos,,,,not_replayed_in_sample_guarded_runner,True,False,requires dedicated cost replay; non-primary costs cannot reduce 10bps promotion gate
25,fresh_tv10_filter_abs_score_ge_3_alpha_zoo_conservative_exit_carry_forward_old_split_selected_4p0x_0p175alloc,alpha_zoo_conservative_exit_carry_forward_old_split_selected,20.0,train,,,,not_replayed_in_sample_guarded_runner,True,False,requires dedicated cost replay; non-primary costs cannot reduce 10bps promotion gate
25,fresh_tv10_filter_abs_score_ge_3_alpha_zoo_conservative_exit_carry_forward_old_split_selected_4p0x_0p175alloc,alpha_zoo_conservative_exit_carry_forward_old_split_selected,20.0,validation,,,,not_replayed_in_sample_guarded_runner,True,False,requires dedicated cost replay; non-primary costs cannot reduce 10bps promotion gate
25,fresh_tv10_filter_abs_score_ge_3_alpha_zoo_conservative_exit_carry_forward_old_split_selected_4p0x_0p175alloc,alpha_zoo_conservative_exit_carry_forward_old_split_selected,20.0,locked_oos,,,,not_replayed_in_sample_guarded_runner,True,False,requires dedicated cost replay; non-primary costs cannot reduce 10bps promotion gate
