shadow_rank,shadow_family,selection_rank,status,decision,model_id,candidate_name,model_kind,role,variant_name,leverage,allocation_fraction,target_notional_fraction_of_equity,expected_replay_notional_for_10000_equity,live_notional_for_10000_equity,notional_parity_passed,train_return,train_mdd,train_sharpe,train_sortino,train_smart_sortino,train_calmar,train_trade_event_count,train_turnover_proxy,train_return_per_turnover_proxy_bps,train_return_per_turnover_proxy_pass,validation_return,validation_mdd,validation_sharpe,validation_sortino,validation_smart_sortino,validation_calmar,validation_trade_event_count,validation_turnover_proxy,validation_return_per_turnover_proxy_bps,validation_return_per_turnover_proxy_pass,train_validation_return_ratio,locked_oos_return,locked_oos_mdd,locked_oos_sharpe,locked_oos_sortino,locked_oos_smart_sortino,locked_oos_calmar,locked_oos_trade_event_count,locked_oos_turnover_proxy,locked_oos_return_per_turnover_proxy_bps,locked_oos_return_per_turnover_proxy_pass,locked_oos_liquidation_count,locked_oos_account_wipeout_count,avg_bbo_spread_bps_assumption,bbo_spread_multiplier,return_per_turnover_proxy_threshold_bps,execution_efficiency_proxy_gate_pass,selection_eligible,calendar_quarantined,historical_oos_bucket_quarantined,primary_10bps_promotion_gate_pass,ready_for_paper,ready_for_real,real_money_execution,rejection_reasons,primary_10bps_gate_reasons,trade_filter_params
1,thin_sample_shadow,1,shadow_only_thin_sample,not_promoted_shadow_or_reject,fresh_tv10_filter_abs_score_ge_3_alpha_zoo_conservative_exit_carry_forward_old_split_selected_6p0x_0p175alloc,alpha_zoo_conservative_exit_carry_forward_old_split_selected,individual_seed_trade_filter,fresh_train_validation_10bps_trade_filter,abs_score_ge_3,6.0,0.175,1.0499999999999998,10499.999999999998,10499.999999999998,True,0.4548121710643429,0.08295409288387388,1.8341183402570111,0.2506341022047147,0.23143557409463564,5.482697179282368,42,44.099999999999994,103.13201157921608,True,0.07572443448626331,0.017492844285999048,2.0068679537661636,0.6478931759571771,0.6367545281478815,19.73678821351685,8,8.399999999999999,90.14813629317064,True,6.0061481363303875,-0.0022533146249008595,0.0022533146249008595,-2.8029452799069183,-0.08394158892769572,-0.08375286736678078,-7.796077565916012,1,1.0499999999999998,-21.460139284770094,False,0.0,0.0,2.0,5.0,10.0,False,True,False,False,False,False,False,False,train_trade_event_count_42_below_80;validation_trade_event_count_8_below_30;locked_oos_trade_event_count_1_below_20;locked_oos_return_not_positive;locked_oos_return_per_turnover_proxy_bps_-21.460_not_above_10.000;primary_10bps_promotion_gate_failed,locked_oos_calmar_non_positive;locked_oos_return_non_positive;locked_oos_sharpe_non_positive;locked_oos_smart_sortino_non_positive;locked_oos_sortino_non_positive;train_calmar_not_above_validation;train_sharpe_not_above_validation;train_smart_sortino_not_above_validation;train_sortino_not_above_validation,"{""abs_factor_score_min"": 3.0}"
2,thin_sample_shadow,2,shadow_only_thin_sample,not_promoted_shadow_or_reject,fresh_tv10_filter_abs_score_ge_3_alpha_zoo_conservative_exit_6p0x_0p175alloc,alpha_zoo_conservative_exit,individual_seed_trade_filter,fresh_train_validation_10bps_trade_filter,abs_score_ge_3,6.0,0.175,1.0499999999999998,10499.999999999998,10499.999999999998,True,0.4548121710643429,0.08295409288387388,1.8341183402570111,0.2506341022047147,0.23143557409463564,5.482697179282368,42,44.099999999999994,103.13201157921608,True,0.07572443448626331,0.017492844285999048,2.0068679537661636,0.6478931759571771,0.6367545281478815,19.73678821351685,8,8.399999999999999,90.14813629317064,True,6.0061481363303875,-0.0022533146249008595,0.0022533146249008595,-2.8029452799069183,-0.08394158892769572,-0.08375286736678078,-7.796077565916012,1,1.0499999999999998,-21.460139284770094,False,0.0,0.0,2.0,5.0,10.0,False,True,False,False,False,False,False,False,train_trade_event_count_42_below_80;validation_trade_event_count_8_below_30;locked_oos_trade_event_count_1_below_20;locked_oos_return_not_positive;locked_oos_return_per_turnover_proxy_bps_-21.460_not_above_10.000;primary_10bps_promotion_gate_failed,locked_oos_calmar_non_positive;locked_oos_return_non_positive;locked_oos_sharpe_non_positive;locked_oos_smart_sortino_non_positive;locked_oos_sortino_non_positive;train_calmar_not_above_validation;train_sharpe_not_above_validation;train_smart_sortino_not_above_validation;train_sortino_not_above_validation,"{""abs_factor_score_min"": 3.0}"
3,thin_sample_shadow,5,shadow_only_thin_sample,not_promoted_shadow_or_reject,fresh_tv10_filter_abs_score_ge_3_alpha_zoo_conservative_exit_carry_forward_old_split_selected_5p0x_0p2alloc,alpha_zoo_conservative_exit_carry_forward_old_split_selected,individual_seed_trade_filter,fresh_train_validation_10bps_trade_filter,abs_score_ge_3,5.0,0.2,1.0,10000.0,10000.0,True,0.43015622229658024,0.07911268492008443,1.833869603930689,0.25034366456816587,0.23199028986180947,5.437259811509393,42,42.0,102.41814816585243,True,0.072127109959772,0.016660456212946755,2.0069991288724767,0.6480303847447785,0.6374108295297403,19.631369988205908,8,8.0,90.15888744971501,True,5.9638632760482775,-0.0021460139284770197,0.0021460139284770197,-2.802945279906917,-0.08394158892769572,-0.08376183486340406,-7.798942888470177,1,1.0,-21.460139284770197,False,0.0,0.0,2.0,5.0,10.0,False,True,False,False,False,False,False,False,train_trade_event_count_42_below_80;validation_trade_event_count_8_below_30;locked_oos_trade_event_count_1_below_20;locked_oos_return_not_positive;locked_oos_return_per_turnover_proxy_bps_-21.460_not_above_10.000;primary_10bps_promotion_gate_failed,locked_oos_calmar_non_positive;locked_oos_return_non_positive;locked_oos_sharpe_non_positive;locked_oos_smart_sortino_non_positive;locked_oos_sortino_non_positive;train_calmar_not_above_validation;train_sharpe_not_above_validation;train_smart_sortino_not_above_validation;train_sortino_not_above_validation,"{""abs_factor_score_min"": 3.0}"
4,thin_sample_shadow,6,shadow_only_thin_sample,not_promoted_shadow_or_reject,fresh_tv10_filter_abs_score_ge_3_alpha_zoo_conservative_exit_5p0x_0p2alloc,alpha_zoo_conservative_exit,individual_seed_trade_filter,fresh_train_validation_10bps_trade_filter,abs_score_ge_3,5.0,0.2,1.0,10000.0,10000.0,True,0.43015622229658024,0.07911268492008443,1.833869603930689,0.25034366456816587,0.23199028986180947,5.437259811509393,42,42.0,102.41814816585243,True,0.072127109959772,0.016660456212946755,2.0069991288724767,0.6480303847447785,0.6374108295297403,19.631369988205908,8,8.0,90.15888744971501,True,5.9638632760482775,-0.0021460139284770197,0.0021460139284770197,-2.802945279906917,-0.08394158892769572,-0.08376183486340406,-7.798942888470177,1,1.0,-21.460139284770197,False,0.0,0.0,2.0,5.0,10.0,False,True,False,False,False,False,False,False,train_trade_event_count_42_below_80;validation_trade_event_count_8_below_30;locked_oos_trade_event_count_1_below_20;locked_oos_return_not_positive;locked_oos_return_per_turnover_proxy_bps_-21.460_not_above_10.000;primary_10bps_promotion_gate_failed,locked_oos_calmar_non_positive;locked_oos_return_non_positive;locked_oos_sharpe_non_positive;locked_oos_smart_sortino_non_positive;locked_oos_sortino_non_positive;train_calmar_not_above_validation;train_sharpe_not_above_validation;train_smart_sortino_not_above_validation;train_sortino_not_above_validation,"{""abs_factor_score_min"": 3.0}"
5,thin_sample_shadow,9,shadow_only_thin_sample,not_promoted_shadow_or_reject,fresh_tv10_filter_abs_score_ge_3_alpha_zoo_conservative_exit_carry_forward_old_split_selected_6p0x_0p15alloc,alpha_zoo_conservative_exit_carry_forward_old_split_selected,individual_seed_trade_filter,fresh_train_validation_10bps_trade_filter,abs_score_ge_3,6.0,0.15,0.8999999999999999,9000.0,9000.0,True,0.3817863892665132,0.07139752081679626,1.8333681012640803,0.24976367524086893,0.23311951949492823,5.347333981612118,42,37.8,101.00169028214636,True,0.06492944700092895,0.01499548679681926,2.0072614588526783,0.6483046359386917,0.6387266193514304,19.42179718593918,8,7.199999999999999,90.17978750129022,True,5.880019111529641,-0.00193141253562934,0.00193141253562934,-2.8029452799069166,-0.08394158892769572,-0.08377977561883329,-7.804677137996662,1,0.8999999999999999,-21.460139284770445,False,0.0,0.0,2.0,5.0,10.0,False,True,False,False,False,False,False,False,train_trade_event_count_42_below_80;validation_trade_event_count_8_below_30;locked_oos_trade_event_count_1_below_20;locked_oos_return_not_positive;locked_oos_return_per_turnover_proxy_bps_-21.460_not_above_10.000;primary_10bps_promotion_gate_failed,locked_oos_calmar_non_positive;locked_oos_return_non_positive;locked_oos_sharpe_non_positive;locked_oos_smart_sortino_non_positive;locked_oos_sortino_non_positive;train_calmar_not_above_validation;train_sharpe_not_above_validation;train_smart_sortino_not_above_validation;train_sortino_not_above_validation,"{""abs_factor_score_min"": 3.0}"
6,thin_sample_shadow,10,shadow_only_thin_sample,not_promoted_shadow_or_reject,fresh_tv10_filter_abs_score_ge_3_alpha_zoo_conservative_exit_6p0x_0p15alloc,alpha_zoo_conservative_exit,individual_seed_trade_filter,fresh_train_validation_10bps_trade_filter,abs_score_ge_3,6.0,0.15,0.8999999999999999,9000.0,9000.0,True,0.3817863892665132,0.07139752081679626,1.8333681012640803,0.24976367524086893,0.23311951949492823,5.347333981612118,42,37.8,101.00169028214636,True,0.06492944700092895,0.01499548679681926,2.0072614588526783,0.6483046359386917,0.6387266193514304,19.42179718593918,8,7.199999999999999,90.17978750129022,True,5.880019111529641,-0.00193141253562934,0.00193141253562934,-2.8029452799069166,-0.08394158892769572,-0.08377977561883329,-7.804677137996662,1,0.8999999999999999,-21.460139284770445,False,0.0,0.0,2.0,5.0,10.0,False,True,False,False,False,False,False,False,train_trade_event_count_42_below_80;validation_trade_event_count_8_below_30;locked_oos_trade_event_count_1_below_20;locked_oos_return_not_positive;locked_oos_return_per_turnover_proxy_bps_-21.460_not_above_10.000;primary_10bps_promotion_gate_failed,locked_oos_calmar_non_positive;locked_oos_return_non_positive;locked_oos_sharpe_non_positive;locked_oos_smart_sortino_non_positive;locked_oos_sortino_non_positive;train_calmar_not_above_validation;train_sharpe_not_above_validation;train_smart_sortino_not_above_validation;train_sortino_not_above_validation,"{""abs_factor_score_min"": 3.0}"
7,thin_sample_shadow,11,shadow_only_thin_sample,not_promoted_shadow_or_reject,fresh_tv10_filter_abs_score_ge_3_alpha_zoo_conservative_exit_carry_forward_old_split_selected_5p0x_0p175alloc,alpha_zoo_conservative_exit_carry_forward_old_split_selected,individual_seed_trade_filter,fresh_train_validation_10bps_trade_filter,abs_score_ge_3,5.0,0.175,0.875,8750.0,8750.0,True,0.36988848677499386,0.06946197893107453,1.8332418838551052,0.24961886223156013,0.2334060183056286,5.325049652588007,42,36.75,100.64992837414799,True,0.06312942079041761,0.014579204658876799,2.0073270371314527,0.6483731639799567,0.6390562323795642,19.36966756395596,8,7.0,90.18488684345373,True,5.859209258437218,-0.00187776218741742,0.00187776218741742,-2.802945279906918,-0.08394158892769572,-0.0837842620085953,-7.806111451641615,1,0.875,-21.460139284770516,False,0.0,0.0,2.0,5.0,10.0,False,True,False,False,False,False,False,False,train_trade_event_count_42_below_80;validation_trade_event_count_8_below_30;locked_oos_trade_event_count_1_below_20;locked_oos_return_not_positive;locked_oos_return_per_turnover_proxy_bps_-21.460_not_above_10.000;primary_10bps_promotion_gate_failed,locked_oos_calmar_non_positive;locked_oos_return_non_positive;locked_oos_sharpe_non_positive;locked_oos_smart_sortino_non_positive;locked_oos_sortino_non_positive;train_calmar_not_above_validation;train_sharpe_not_above_validation;train_smart_sortino_not_above_validation;train_sortino_not_above_validation,"{""abs_factor_score_min"": 3.0}"
8,thin_sample_shadow,12,shadow_only_thin_sample,not_promoted_shadow_or_reject,fresh_tv10_filter_abs_score_ge_3_alpha_zoo_conservative_exit_5p0x_0p175alloc,alpha_zoo_conservative_exit,individual_seed_trade_filter,fresh_train_validation_10bps_trade_filter,abs_score_ge_3,5.0,0.175,0.875,8750.0,8750.0,True,0.36988848677499386,0.06946197893107453,1.8332418838551052,0.24961886223156013,0.2334060183056286,5.325049652588007,42,36.75,100.64992837414799,True,0.06312942079041761,0.014579204658876799,2.0073270371314527,0.6483731639799567,0.6390562323795642,19.36966756395596,8,7.0,90.18488684345373,True,5.859209258437218,-0.00187776218741742,0.00187776218741742,-2.802945279906918,-0.08394158892769572,-0.0837842620085953,-7.806111451641615,1,0.875,-21.460139284770516,False,0.0,0.0,2.0,5.0,10.0,False,True,False,False,False,False,False,False,train_trade_event_count_42_below_80;validation_trade_event_count_8_below_30;locked_oos_trade_event_count_1_below_20;locked_oos_return_not_positive;locked_oos_return_per_turnover_proxy_bps_-21.460_not_above_10.000;primary_10bps_promotion_gate_failed,locked_oos_calmar_non_positive;locked_oos_return_non_positive;locked_oos_sharpe_non_positive;locked_oos_smart_sortino_non_positive;locked_oos_sortino_non_positive;train_calmar_not_above_validation;train_sharpe_not_above_validation;train_smart_sortino_not_above_validation;train_sortino_not_above_validation,"{""abs_factor_score_min"": 3.0}"
9,thin_sample_shadow,15,shadow_only_thin_sample,not_promoted_shadow_or_reject,fresh_tv10_filter_abs_score_ge_3_alpha_zoo_conservative_exit_carry_forward_old_split_selected_7p0x_0p15alloc,alpha_zoo_conservative_exit_carry_forward_old_split_selected,individual_seed_trade_filter,fresh_train_validation_10bps_trade_filter,abs_score_ge_3,7.0,0.15,1.05,10500.0,10500.0,True,0.2469799968908064,0.15141238738200502,0.970392993125608,0.07127611260109455,0.061903201131227034,1.631174312493268,42,44.1,56.00453444235972,True,0.07572443448626331,0.017492844285999048,2.0068679537661636,0.6478931759571771,0.6367545281478815,19.73678821351685,8,8.4,90.14813629317061,True,3.261562777806013,-0.0022533146249008595,0.0022533146249008595,-2.8029452799069183,-0.08394158892769572,-0.08375286736678078,-7.796077565916012,1,1.05,-21.46013928477009,False,0.0,0.0,2.0,5.0,10.0,False,True,False,False,False,False,False,False,train_trade_event_count_42_below_80;validation_trade_event_count_8_below_30;locked_oos_trade_event_count_1_below_20;locked_oos_return_not_positive;locked_oos_return_per_turnover_proxy_bps_-21.460_not_above_10.000;primary_10bps_promotion_gate_failed,liquidation_count_positive;locked_oos_calmar_non_positive;locked_oos_return_non_positive;locked_oos_sharpe_non_positive;locked_oos_smart_sortino_non_positive;locked_oos_sortino_non_positive;train_calmar_not_above_validation;train_sharpe_not_above_validation;train_smart_sortino_not_above_validation;train_sortino_not_above_validation,"{""abs_factor_score_min"": 3.0}"
10,thin_sample_shadow,16,shadow_only_thin_sample,not_promoted_shadow_or_reject,fresh_tv10_filter_abs_score_ge_3_alpha_zoo_conservative_exit_7p0x_0p15alloc,alpha_zoo_conservative_exit,individual_seed_trade_filter,fresh_train_validation_10bps_trade_filter,abs_score_ge_3,7.0,0.15,1.05,10500.0,10500.0,True,0.2469799968908064,0.15141238738200502,0.970392993125608,0.07127611260109455,0.061903201131227034,1.631174312493268,42,44.1,56.00453444235972,True,0.07572443448626331,0.017492844285999048,2.0068679537661636,0.6478931759571771,0.6367545281478815,19.73678821351685,8,8.4,90.14813629317061,True,3.261562777806013,-0.0022533146249008595,0.0022533146249008595,-2.8029452799069183,-0.08394158892769572,-0.08375286736678078,-7.796077565916012,1,1.05,-21.46013928477009,False,0.0,0.0,2.0,5.0,10.0,False,True,False,False,False,False,False,False,train_trade_event_count_42_below_80;validation_trade_event_count_8_below_30;locked_oos_trade_event_count_1_below_20;locked_oos_return_not_positive;locked_oos_return_per_turnover_proxy_bps_-21.460_not_above_10.000;primary_10bps_promotion_gate_failed,liquidation_count_positive;locked_oos_calmar_non_positive;locked_oos_return_non_positive;locked_oos_sharpe_non_positive;locked_oos_smart_sortino_non_positive;locked_oos_sortino_non_positive;train_calmar_not_above_validation;train_sharpe_not_above_validation;train_smart_sortino_not_above_validation;train_sortino_not_above_validation,"{""abs_factor_score_min"": 3.0}"
11,thin_sample_shadow,17,shadow_only_thin_sample,not_promoted_shadow_or_reject,fresh_tv10_filter_abs_score_ge_3_alpha_zoo_conservative_exit_carry_forward_old_split_selected_4p0x_0p2alloc,alpha_zoo_conservative_exit_carry_forward_old_split_selected,individual_seed_trade_filter,fresh_train_validation_10bps_trade_filter,abs_score_ge_3,4.0,0.2,0.8,8000.0,8000.0,True,0.3346570119376624,0.06363911923267927,1.8328612055314089,0.24918486489380862,0.2342757617579666,5.2586681898295815,42,33.6,99.60030117192333,True,0.05772792493636425,0.013330264083699106,2.00752376184539,0.6485786644272155,0.6400466732469406,19.213912113454356,8,6.4,90.19988271306914,True,5.797142584053868,-0.0017168111427816601,0.0017168111427816601,-2.8029452799069166,-0.08394158892769572,-0.08379772406128756,-7.810416196549252,1,0.8,-21.46013928477075,False,0.0,0.0,2.0,5.0,10.0,False,True,False,False,False,False,False,False,train_trade_event_count_42_below_80;validation_trade_event_count_8_below_30;locked_oos_trade_event_count_1_below_20;locked_oos_return_not_positive;locked_oos_return_per_turnover_proxy_bps_-21.460_not_above_10.000;primary_10bps_promotion_gate_failed,locked_oos_calmar_non_positive;locked_oos_return_non_positive;locked_oos_sharpe_non_positive;locked_oos_smart_sortino_non_positive;locked_oos_sortino_non_positive;train_calmar_not_above_validation;train_sharpe_not_above_validation;train_smart_sortino_not_above_validation;train_sortino_not_above_validation,"{""abs_factor_score_min"": 3.0}"
12,thin_sample_shadow,18,shadow_only_thin_sample,not_promoted_shadow_or_reject,fresh_tv10_filter_abs_score_ge_3_alpha_zoo_conservative_exit_4p0x_0p2alloc,alpha_zoo_conservative_exit,individual_seed_trade_filter,fresh_train_validation_10bps_trade_filter,abs_score_ge_3,4.0,0.2,0.8,8000.0,8000.0,True,0.3346570119376624,0.06363911923267927,1.8328612055314089,0.24918486489380862,0.2342757617579666,5.2586681898295815,42,33.6,99.60030117192333,True,0.05772792493636425,0.013330264083699106,2.00752376184539,0.6485786644272155,0.6400466732469406,19.213912113454356,8,6.4,90.19988271306914,True,5.797142584053868,-0.0017168111427816601,0.0017168111427816601,-2.8029452799069166,-0.08394158892769572,-0.08379772406128756,-7.810416196549252,1,0.8,-21.46013928477075,False,0.0,0.0,2.0,5.0,10.0,False,True,False,False,False,False,False,False,train_trade_event_count_42_below_80;validation_trade_event_count_8_below_30;locked_oos_trade_event_count_1_below_20;locked_oos_return_not_positive;locked_oos_return_per_turnover_proxy_bps_-21.460_not_above_10.000;primary_10bps_promotion_gate_failed,locked_oos_calmar_non_positive;locked_oos_return_non_positive;locked_oos_sharpe_non_positive;locked_oos_smart_sortino_non_positive;locked_oos_sortino_non_positive;train_calmar_not_above_validation;train_sharpe_not_above_validation;train_smart_sortino_not_above_validation;train_sortino_not_above_validation,"{""abs_factor_score_min"": 3.0}"
13,thin_sample_shadow,21,shadow_only_thin_sample,not_promoted_shadow_or_reject,fresh_tv10_filter_abs_score_ge_3_alpha_zoo_conservative_exit_carry_forward_old_split_selected_6p0x_0p125alloc,alpha_zoo_conservative_exit_carry_forward_old_split_selected,individual_seed_trade_filter,fresh_train_validation_10bps_trade_filter,abs_score_ge_3,6.0,0.125,0.75,7500.0,7500.0,True,0.311551607633334,0.05974366441037846,1.832605727870529,0.24889590098339187,0.2348642500466119,5.214805799210608,42,31.5,98.90527226455048,True,0.05412577669219609,0.012497559391810666,2.0076549032173445,0.6487155948329069,0.6407083047415727,19.110603480283984,8,6.0,90.20962782032683,True,5.756067195212255,-0.0016095104463577092,0.0016095104463577092,-2.802945279906918,-0.08394158892769572,-0.08380670116669314,-7.8132875303866225,1,0.75,-21.460139284769458,False,0.0,0.0,2.0,5.0,10.0,False,True,False,False,False,False,False,False,train_trade_event_count_42_below_80;validation_trade_event_count_8_below_30;locked_oos_trade_event_count_1_below_20;locked_oos_return_not_positive;locked_oos_return_per_turnover_proxy_bps_-21.460_not_above_10.000;primary_10bps_promotion_gate_failed,locked_oos_calmar_non_positive;locked_oos_return_non_positive;locked_oos_sharpe_non_positive;locked_oos_smart_sortino_non_positive;locked_oos_sortino_non_positive;train_calmar_not_above_validation;train_sharpe_not_above_validation;train_smart_sortino_not_above_validation;train_sortino_not_above_validation,"{""abs_factor_score_min"": 3.0}"
14,thin_sample_shadow,22,shadow_only_thin_sample,not_promoted_shadow_or_reject,fresh_tv10_filter_abs_score_ge_3_alpha_zoo_conservative_exit_carry_forward_old_split_selected_5p0x_0p15alloc,alpha_zoo_conservative_exit_carry_forward_old_split_selected,individual_seed_trade_filter,fresh_train_validation_10bps_trade_filter,abs_score_ge_3,5.0,0.15,0.75,7500.0,7500.0,True,0.311551607633334,0.05974366441037846,1.832605727870529,0.24889590098339187,0.2348642500466119,5.214805799210608,42,31.5,98.90527226455048,True,0.05412577669219609,0.012497559391810666,2.0076549032173445,0.6487155948329069,0.6407083047415727,19.110603480283984,8,6.0,90.20962782032683,True,5.756067195212255,-0.0016095104463577092,0.0016095104463577092,-2.802945279906918,-0.08394158892769572,-0.08380670116669314,-7.8132875303866225,1,0.75,-21.460139284769458,False,0.0,0.0,2.0,5.0,10.0,False,True,False,False,False,False,False,False,train_trade_event_count_42_below_80;validation_trade_event_count_8_below_30;locked_oos_trade_event_count_1_below_20;locked_oos_return_not_positive;locked_oos_return_per_turnover_proxy_bps_-21.460_not_above_10.000;primary_10bps_promotion_gate_failed,locked_oos_calmar_non_positive;locked_oos_return_non_positive;locked_oos_sharpe_non_positive;locked_oos_smart_sortino_non_positive;locked_oos_sortino_non_positive;train_calmar_not_above_validation;train_sharpe_not_above_validation;train_smart_sortino_not_above_validation;train_sortino_not_above_validation,"{""abs_factor_score_min"": 3.0}"
15,thin_sample_shadow,23,shadow_only_thin_sample,not_promoted_shadow_or_reject,fresh_tv10_filter_abs_score_ge_3_alpha_zoo_conservative_exit_6p0x_0p125alloc,alpha_zoo_conservative_exit,individual_seed_trade_filter,fresh_train_validation_10bps_trade_filter,abs_score_ge_3,6.0,0.125,0.75,7500.0,7500.0,True,0.311551607633334,0.05974366441037846,1.832605727870529,0.24889590098339187,0.2348642500466119,5.214805799210608,42,31.5,98.90527226455048,True,0.05412577669219609,0.012497559391810666,2.0076549032173445,0.6487155948329069,0.6407083047415727,19.110603480283984,8,6.0,90.20962782032683,True,5.756067195212255,-0.0016095104463577092,0.0016095104463577092,-2.802945279906918,-0.08394158892769572,-0.08380670116669314,-7.8132875303866225,1,0.75,-21.460139284769458,False,0.0,0.0,2.0,5.0,10.0,False,True,False,False,False,False,False,False,train_trade_event_count_42_below_80;validation_trade_event_count_8_below_30;locked_oos_trade_event_count_1_below_20;locked_oos_return_not_positive;locked_oos_return_per_turnover_proxy_bps_-21.460_not_above_10.000;primary_10bps_promotion_gate_failed,locked_oos_calmar_non_positive;locked_oos_return_non_positive;locked_oos_sharpe_non_positive;locked_oos_smart_sortino_non_positive;locked_oos_sortino_non_positive;train_calmar_not_above_validation;train_sharpe_not_above_validation;train_smart_sortino_not_above_validation;train_sortino_not_above_validation,"{""abs_factor_score_min"": 3.0}"
16,thin_sample_shadow,24,shadow_only_thin_sample,not_promoted_shadow_or_reject,fresh_tv10_filter_abs_score_ge_3_alpha_zoo_conservative_exit_5p0x_0p15alloc,alpha_zoo_conservative_exit,individual_seed_trade_filter,fresh_train_validation_10bps_trade_filter,abs_score_ge_3,5.0,0.15,0.75,7500.0,7500.0,True,0.311551607633334,0.05974366441037846,1.832605727870529,0.24889590098339187,0.2348642500466119,5.214805799210608,42,31.5,98.90527226455048,True,0.05412577669219609,0.012497559391810666,2.0076549032173445,0.6487155948329069,0.6407083047415727,19.110603480283984,8,6.0,90.20962782032683,True,5.756067195212255,-0.0016095104463577092,0.0016095104463577092,-2.802945279906918,-0.08394158892769572,-0.08380670116669314,-7.8132875303866225,1,0.75,-21.460139284769458,False,0.0,0.0,2.0,5.0,10.0,False,True,False,False,False,False,False,False,train_trade_event_count_42_below_80;validation_trade_event_count_8_below_30;locked_oos_trade_event_count_1_below_20;locked_oos_return_not_positive;locked_oos_return_per_turnover_proxy_bps_-21.460_not_above_10.000;primary_10bps_promotion_gate_failed,locked_oos_calmar_non_positive;locked_oos_return_non_positive;locked_oos_sharpe_non_positive;locked_oos_smart_sortino_non_positive;locked_oos_sortino_non_positive;train_calmar_not_above_validation;train_sharpe_not_above_validation;train_smart_sortino_not_above_validation;train_sortino_not_above_validation,"{""abs_factor_score_min"": 3.0}"
17,thin_sample_shadow,25,shadow_only_thin_sample,not_promoted_shadow_or_reject,fresh_tv10_filter_abs_score_ge_3_alpha_zoo_conservative_exit_carry_forward_old_split_selected_4p0x_0p175alloc,alpha_zoo_conservative_exit_carry_forward_old_split_selected,individual_seed_trade_filter,fresh_train_validation_10bps_trade_filter,abs_score_ge_3,4.0,0.175,0.7,7000.0,7000.0,True,0.28874924116819334,0.05583735224402077,1.8323488930684557,0.2486072307931148,0.23545978011171717,5.171255970489064,42,29.4,98.21402760822903,True,0.050522735702561716,0.011664793358210693,2.0077860378374965,0.6488524691732792,0.641371008888646,19.00771794757534,8,5.6,90.21917089743164,True,5.715233689405155,-0.0015022097499338694,0.0015022097499338694,-2.8029452799069166,-0.08394158892769572,-0.0838156801957084,-7.816160067892357,1,0.7,-21.460139284769564,False,0.0,0.0,2.0,5.0,10.0,False,True,False,False,False,False,False,False,train_trade_event_count_42_below_80;validation_trade_event_count_8_below_30;locked_oos_trade_event_count_1_below_20;locked_oos_return_not_positive;locked_oos_return_per_turnover_proxy_bps_-21.460_not_above_10.000;primary_10bps_promotion_gate_failed,locked_oos_calmar_non_positive;locked_oos_return_non_positive;locked_oos_sharpe_non_positive;locked_oos_smart_sortino_non_positive;locked_oos_sortino_non_positive;train_calmar_not_above_validation;train_sharpe_not_above_validation;train_smart_sortino_not_above_validation;train_sortino_not_above_validation,"{""abs_factor_score_min"": 3.0}"
18,thin_sample_shadow,26,shadow_only_thin_sample,not_promoted_shadow_or_reject,fresh_tv10_filter_abs_score_ge_3_alpha_zoo_conservative_exit_4p0x_0p175alloc,alpha_zoo_conservative_exit,individual_seed_trade_filter,fresh_train_validation_10bps_trade_filter,abs_score_ge_3,4.0,0.175,0.7,7000.0,7000.0,True,0.28874924116819334,0.05583735224402077,1.8323488930684557,0.2486072307931148,0.23545978011171717,5.171255970489064,42,29.4,98.21402760822903,True,0.050522735702561716,0.011664793358210693,2.0077860378374965,0.6488524691732792,0.641371008888646,19.00771794757534,8,5.6,90.21917089743164,True,5.715233689405155,-0.0015022097499338694,0.0015022097499338694,-2.8029452799069166,-0.08394158892769572,-0.0838156801957084,-7.816160067892357,1,0.7,-21.460139284769564,False,0.0,0.0,2.0,5.0,10.0,False,True,False,False,False,False,False,False,train_trade_event_count_42_below_80;validation_trade_event_count_8_below_30;locked_oos_trade_event_count_1_below_20;locked_oos_return_not_positive;locked_oos_return_per_turnover_proxy_bps_-21.460_not_above_10.000;primary_10bps_promotion_gate_failed,locked_oos_calmar_non_positive;locked_oos_return_non_positive;locked_oos_sharpe_non_positive;locked_oos_smart_sortino_non_positive;locked_oos_sortino_non_positive;train_calmar_not_above_validation;train_sharpe_not_above_validation;train_smart_sortino_not_above_validation;train_sortino_not_above_validation,"{""abs_factor_score_min"": 3.0}"
19,thin_sample_shadow,27,shadow_only_thin_sample,not_promoted_shadow_or_reject,fresh_tv10_filter_abs_score_ge_3_alpha_zoo_conservative_exit_carry_forward_old_split_selected_7p0x_0p125alloc,alpha_zoo_conservative_exit_carry_forward_old_split_selected,individual_seed_trade_filter,fresh_train_validation_10bps_trade_filter,abs_score_ge_3,7.0,0.125,0.875,8750.0,8750.0,True,0.20703310923796447,0.12621160682279842,0.9682915089116656,0.0710166310397504,0.06305798182998515,1.6403650539735206,42,36.75,56.33553992869782,True,0.06312942079041761,0.014579204658876799,2.0073270371314527,0.6483731639799567,0.6390562323795642,19.36966756395596,8,7.0,90.18488684345373,True,3.279502752374214,-0.00187776218741742,0.00187776218741742,-2.802945279906918,-0.08394158892769572,-0.0837842620085953,-7.806111451641615,1,0.875,-21.460139284770516,False,0.0,0.0,2.0,5.0,10.0,False,True,False,False,False,False,False,False,train_trade_event_count_42_below_80;validation_trade_event_count_8_below_30;locked_oos_trade_event_count_1_below_20;locked_oos_return_not_positive;locked_oos_return_per_turnover_proxy_bps_-21.460_not_above_10.000;primary_10bps_promotion_gate_failed,liquidation_count_positive;locked_oos_calmar_non_positive;locked_oos_return_non_positive;locked_oos_sharpe_non_positive;locked_oos_smart_sortino_non_positive;locked_oos_sortino_non_positive;train_calmar_not_above_validation;train_sharpe_not_above_validation;train_smart_sortino_not_above_validation;train_sortino_not_above_validation,"{""abs_factor_score_min"": 3.0}"
20,thin_sample_shadow,28,shadow_only_thin_sample,not_promoted_shadow_or_reject,fresh_tv10_filter_abs_score_ge_3_alpha_zoo_conservative_exit_7p0x_0p125alloc,alpha_zoo_conservative_exit,individual_seed_trade_filter,fresh_train_validation_10bps_trade_filter,abs_score_ge_3,7.0,0.125,0.875,8750.0,8750.0,True,0.20703310923796447,0.12621160682279842,0.9682915089116656,0.0710166310397504,0.06305798182998515,1.6403650539735206,42,36.75,56.33553992869782,True,0.06312942079041761,0.014579204658876799,2.0073270371314527,0.6483731639799567,0.6390562323795642,19.36966756395596,8,7.0,90.18488684345373,True,3.279502752374214,-0.00187776218741742,0.00187776218741742,-2.802945279906918,-0.08394158892769572,-0.0837842620085953,-7.806111451641615,1,0.875,-21.460139284770516,False,0.0,0.0,2.0,5.0,10.0,False,True,False,False,False,False,False,False,train_trade_event_count_42_below_80;validation_trade_event_count_8_below_30;locked_oos_trade_event_count_1_below_20;locked_oos_return_not_positive;locked_oos_return_per_turnover_proxy_bps_-21.460_not_above_10.000;primary_10bps_promotion_gate_failed,liquidation_count_positive;locked_oos_calmar_non_positive;locked_oos_return_non_positive;locked_oos_sharpe_non_positive;locked_oos_smart_sortino_non_positive;locked_oos_sortino_non_positive;train_calmar_not_above_validation;train_sharpe_not_above_validation;train_smart_sortino_not_above_validation;train_sortino_not_above_validation,"{""abs_factor_score_min"": 3.0}"
21,thin_sample_shadow,31,shadow_only_thin_sample,not_promoted_shadow_or_reject,fresh_tv10_filter_abs_score_ge_3_alpha_zoo_conservative_exit_carry_forward_old_split_selected_5p0x_0p125alloc,alpha_zoo_conservative_exit_carry_forward_old_split_selected,individual_seed_trade_filter,fresh_train_validation_10bps_trade_filter,abs_score_ge_3,5.0,0.125,0.625,6250.0,6250.0,True,0.25510870003819774,0.049957491484039905,1.8319610897523644,0.24817477548671532,0.23636649816740485,5.106515408598892,42,26.25,97.18426668121818,True,0.04511655305454387,0.010415530740801173,2.007982727104554,0.6490576752775711,0.6423670811964903,18.854183723732373,8,5.0,90.23310610908774,True,5.654436847819089,-0.0013412587052981095,0.0013412587052981095,-2.8029452799069174,-0.08394158892769572,-0.08382915234735208,-7.820471132059206,1,0.625,-21.460139284769753,False,0.0,0.0,2.0,5.0,10.0,False,True,False,False,False,False,False,False,train_trade_event_count_42_below_80;validation_trade_event_count_8_below_30;locked_oos_trade_event_count_1_below_20;locked_oos_return_not_positive;locked_oos_return_per_turnover_proxy_bps_-21.460_not_above_10.000;primary_10bps_promotion_gate_failed,locked_oos_calmar_non_positive;locked_oos_return_non_positive;locked_oos_sharpe_non_positive;locked_oos_smart_sortino_non_positive;locked_oos_sortino_non_positive;train_calmar_not_above_validation;train_sharpe_not_above_validation;train_smart_sortino_not_above_validation;train_sortino_not_above_validation,"{""abs_factor_score_min"": 3.0}"
22,thin_sample_shadow,32,shadow_only_thin_sample,not_promoted_shadow_or_reject,fresh_tv10_filter_abs_score_ge_3_alpha_zoo_conservative_exit_5p0x_0p125alloc,alpha_zoo_conservative_exit,individual_seed_trade_filter,fresh_train_validation_10bps_trade_filter,abs_score_ge_3,5.0,0.125,0.625,6250.0,6250.0,True,0.25510870003819774,0.049957491484039905,1.8319610897523644,0.24817477548671532,0.23636649816740485,5.106515408598892,42,26.25,97.18426668121818,True,0.04511655305454387,0.010415530740801173,2.007982727104554,0.6490576752775711,0.6423670811964903,18.854183723732373,8,5.0,90.23310610908774,True,5.654436847819089,-0.0013412587052981095,0.0013412587052981095,-2.8029452799069174,-0.08394158892769572,-0.08382915234735208,-7.820471132059206,1,0.625,-21.460139284769753,False,0.0,0.0,2.0,5.0,10.0,False,True,False,False,False,False,False,False,train_trade_event_count_42_below_80;validation_trade_event_count_8_below_30;locked_oos_trade_event_count_1_below_20;locked_oos_return_not_positive;locked_oos_return_per_turnover_proxy_bps_-21.460_not_above_10.000;primary_10bps_promotion_gate_failed,locked_oos_calmar_non_positive;locked_oos_return_non_positive;locked_oos_sharpe_non_positive;locked_oos_smart_sortino_non_positive;locked_oos_sortino_non_positive;train_calmar_not_above_validation;train_sharpe_not_above_validation;train_smart_sortino_not_above_validation;train_sortino_not_above_validation,"{""abs_factor_score_min"": 3.0}"
23,thin_sample_shadow,33,shadow_only_thin_sample,not_promoted_shadow_or_reject,fresh_tv10_filter_abs_score_ge_3_alpha_zoo_conservative_exit_carry_forward_old_split_selected_6p0x_0p1alloc,alpha_zoo_conservative_exit_carry_forward_old_split_selected,individual_seed_trade_filter,fresh_train_validation_10bps_trade_filter,abs_score_ge_3,6.0,0.1,0.6000000000000001,6000.000000000001,6000.000000000001,True,0.24404413374990508,0.047992091895846946,1.831831140203752,0.24803077020853007,0.23667236816628595,5.085090566161042,42,25.200000000000003,96.84291021821629,True,0.04331407193699399,0.00999907991524828,2.0080482868158973,0.6491260491390805,0.6426996440368543,18.803217567387488,8,4.800000000000001,90.23764986873746,True,5.634292109615077,-0.0012876083570861896,0.0012876083570861896,-2.802945279906918,-0.08394158892769571,-0.0838336440270415,-7.82190875579266,1,0.6000000000000001,-21.460139284769824,False,0.0,0.0,2.0,5.0,10.0,False,True,False,False,False,False,False,False,train_trade_event_count_42_below_80;validation_trade_event_count_8_below_30;locked_oos_trade_event_count_1_below_20;locked_oos_return_not_positive;locked_oos_return_per_turnover_proxy_bps_-21.460_not_above_10.000;primary_10bps_promotion_gate_failed,locked_oos_calmar_non_positive;locked_oos_return_non_positive;locked_oos_sharpe_non_positive;locked_oos_smart_sortino_non_positive;locked_oos_sortino_non_positive;train_calmar_not_above_validation;train_sharpe_not_above_validation;train_smart_sortino_not_above_validation;train_sortino_not_above_validation,"{""abs_factor_score_min"": 3.0}"
24,thin_sample_shadow,34,shadow_only_thin_sample,not_promoted_shadow_or_reject,fresh_tv10_filter_abs_score_ge_3_alpha_zoo_conservative_exit_carry_forward_old_split_selected_4p0x_0p15alloc,alpha_zoo_conservative_exit_carry_forward_old_split_selected,individual_seed_trade_filter,fresh_train_validation_10bps_trade_filter,abs_score_ge_3,4.0,0.15,0.6,6000.0,6000.0,True,0.24404413374990508,0.047992091895846786,1.83183114020375,0.24803077020852982,0.23667236816628576,5.085090566161059,42,25.2,96.8429102182163,True,0.04331407193699399,0.00999907991524828,2.0080482868158973,0.6491260491390805,0.6426996440368543,18.803217567387488,8,4.8,90.23764986873749,True,5.634292109615077,-0.0012876083570861896,0.0012876083570861896,-2.802945279906918,-0.08394158892769571,-0.0838336440270415,-7.82190875579266,1,0.6,-21.460139284769827,False,0.0,0.0,2.0,5.0,10.0,False,True,False,False,False,False,False,False,train_trade_event_count_42_below_80;validation_trade_event_count_8_below_30;locked_oos_trade_event_count_1_below_20;locked_oos_return_not_positive;locked_oos_return_per_turnover_proxy_bps_-21.460_not_above_10.000;primary_10bps_promotion_gate_failed,locked_oos_calmar_non_positive;locked_oos_return_non_positive;locked_oos_sharpe_non_positive;locked_oos_smart_sortino_non_positive;locked_oos_sortino_non_positive;train_calmar_not_above_validation;train_sharpe_not_above_validation;train_smart_sortino_not_above_validation;train_sortino_not_above_validation,"{""abs_factor_score_min"": 3.0}"
25,thin_sample_shadow,35,shadow_only_thin_sample,not_promoted_shadow_or_reject,fresh_tv10_filter_abs_score_ge_3_alpha_zoo_conservative_exit_carry_forward_old_split_selected_3p0x_0p2alloc,alpha_zoo_conservative_exit_carry_forward_old_split_selected,individual_seed_trade_filter,fresh_train_validation_10bps_trade_filter,abs_score_ge_3,3.0,0.2,0.6000000000000001,6000.000000000001,6000.000000000001,True,0.24404413374990508,0.047992091895846946,1.831831140203752,0.24803077020853007,0.23667236816628595,5.085090566161042,42,25.200000000000003,96.84291021821629,True,0.04331407193699399,0.00999907991524828,2.0080482868158973,0.6491260491390805,0.6426996440368543,18.803217567387488,8,4.800000000000001,90.23764986873746,True,5.634292109615077,-0.0012876083570861896,0.0012876083570861896,-2.802945279906918,-0.08394158892769571,-0.0838336440270415,-7.82190875579266,1,0.6000000000000001,-21.460139284769824,False,0.0,0.0,2.0,5.0,10.0,False,True,False,False,False,False,False,False,train_trade_event_count_42_below_80;validation_trade_event_count_8_below_30;locked_oos_trade_event_count_1_below_20;locked_oos_return_not_positive;locked_oos_return_per_turnover_proxy_bps_-21.460_not_above_10.000;primary_10bps_promotion_gate_failed,locked_oos_calmar_non_positive;locked_oos_return_non_positive;locked_oos_sharpe_non_positive;locked_oos_smart_sortino_non_positive;locked_oos_sortino_non_positive;train_calmar_not_above_validation;train_sharpe_not_above_validation;train_smart_sortino_not_above_validation;train_sortino_not_above_validation,"{""abs_factor_score_min"": 3.0}"
26,thin_sample_shadow,36,shadow_only_thin_sample,not_promoted_shadow_or_reject,fresh_tv10_filter_abs_score_ge_3_alpha_zoo_conservative_exit_6p0x_0p1alloc,alpha_zoo_conservative_exit,individual_seed_trade_filter,fresh_train_validation_10bps_trade_filter,abs_score_ge_3,6.0,0.1,0.6000000000000001,6000.000000000001,6000.000000000001,True,0.24404413374990508,0.047992091895846946,1.831831140203752,0.24803077020853007,0.23667236816628595,5.085090566161042,42,25.200000000000003,96.84291021821629,True,0.04331407193699399,0.00999907991524828,2.0080482868158973,0.6491260491390805,0.6426996440368543,18.803217567387488,8,4.800000000000001,90.23764986873746,True,5.634292109615077,-0.0012876083570861896,0.0012876083570861896,-2.802945279906918,-0.08394158892769571,-0.0838336440270415,-7.82190875579266,1,0.6000000000000001,-21.460139284769824,False,0.0,0.0,2.0,5.0,10.0,False,True,False,False,False,False,False,False,train_trade_event_count_42_below_80;validation_trade_event_count_8_below_30;locked_oos_trade_event_count_1_below_20;locked_oos_return_not_positive;locked_oos_return_per_turnover_proxy_bps_-21.460_not_above_10.000;primary_10bps_promotion_gate_failed,locked_oos_calmar_non_positive;locked_oos_return_non_positive;locked_oos_sharpe_non_positive;locked_oos_smart_sortino_non_positive;locked_oos_sortino_non_positive;train_calmar_not_above_validation;train_sharpe_not_above_validation;train_smart_sortino_not_above_validation;train_sortino_not_above_validation,"{""abs_factor_score_min"": 3.0}"
27,thin_sample_shadow,37,shadow_only_thin_sample,not_promoted_shadow_or_reject,fresh_tv10_filter_abs_score_ge_3_alpha_zoo_conservative_exit_4p0x_0p15alloc,alpha_zoo_conservative_exit,individual_seed_trade_filter,fresh_train_validation_10bps_trade_filter,abs_score_ge_3,4.0,0.15,0.6,6000.0,6000.0,True,0.24404413374990508,0.047992091895846786,1.83183114020375,0.24803077020852982,0.23667236816628576,5.085090566161059,42,25.2,96.8429102182163,True,0.04331407193699399,0.00999907991524828,2.0080482868158973,0.6491260491390805,0.6426996440368543,18.803217567387488,8,4.8,90.23764986873749,True,5.634292109615077,-0.0012876083570861896,0.0012876083570861896,-2.802945279906918,-0.08394158892769571,-0.0838336440270415,-7.82190875579266,1,0.6,-21.460139284769827,False,0.0,0.0,2.0,5.0,10.0,False,True,False,False,False,False,False,False,train_trade_event_count_42_below_80;validation_trade_event_count_8_below_30;locked_oos_trade_event_count_1_below_20;locked_oos_return_not_positive;locked_oos_return_per_turnover_proxy_bps_-21.460_not_above_10.000;primary_10bps_promotion_gate_failed,locked_oos_calmar_non_positive;locked_oos_return_non_positive;locked_oos_sharpe_non_positive;locked_oos_smart_sortino_non_positive;locked_oos_sortino_non_positive;train_calmar_not_above_validation;train_sharpe_not_above_validation;train_smart_sortino_not_above_validation;train_sortino_not_above_validation,"{""abs_factor_score_min"": 3.0}"
28,thin_sample_shadow,38,shadow_only_thin_sample,not_promoted_shadow_or_reject,fresh_tv10_filter_abs_score_ge_3_alpha_zoo_conservative_exit_3p0x_0p2alloc,alpha_zoo_conservative_exit,individual_seed_trade_filter,fresh_train_validation_10bps_trade_filter,abs_score_ge_3,3.0,0.2,0.6000000000000001,6000.000000000001,6000.000000000001,True,0.24404413374990508,0.047992091895846946,1.831831140203752,0.24803077020853007,0.23667236816628595,5.085090566161042,42,25.200000000000003,96.84291021821629,True,0.04331407193699399,0.00999907991524828,2.0080482868158973,0.6491260491390805,0.6426996440368543,18.803217567387488,8,4.800000000000001,90.23764986873746,True,5.634292109615077,-0.0012876083570861896,0.0012876083570861896,-2.802945279906918,-0.08394158892769571,-0.0838336440270415,-7.82190875579266,1,0.6000000000000001,-21.460139284769824,False,0.0,0.0,2.0,5.0,10.0,False,True,False,False,False,False,False,False,train_trade_event_count_42_below_80;validation_trade_event_count_8_below_30;locked_oos_trade_event_count_1_below_20;locked_oos_return_not_positive;locked_oos_return_per_turnover_proxy_bps_-21.460_not_above_10.000;primary_10bps_promotion_gate_failed,locked_oos_calmar_non_positive;locked_oos_return_non_positive;locked_oos_sharpe_non_positive;locked_oos_smart_sortino_non_positive;locked_oos_sortino_non_positive;train_calmar_not_above_validation;train_sharpe_not_above_validation;train_smart_sortino_not_above_validation;train_sortino_not_above_validation,"{""abs_factor_score_min"": 3.0}"
29,thin_sample_shadow,43,shadow_only_thin_sample,not_promoted_shadow_or_reject,fresh_tv10_filter_abs_score_ge_3_alpha_zoo_conservative_exit_carry_forward_old_split_selected_7p0x_0p1alloc,alpha_zoo_conservative_exit_carry_forward_old_split_selected,individual_seed_trade_filter,fresh_train_validation_10bps_trade_filter,abs_score_ge_3,7.0,0.1,0.7000000000000001,7000.000000000001,7000.000000000001,True,0.1663529027542454,0.10099697932847407,0.9661799848448567,0.07075728554007969,0.06426655737351464,1.6471077042137394,42,29.400000000000002,56.58261998443721,True,0.050522735702561716,0.011664793358210693,2.0077860378374965,0.6488524691732792,0.641371008888646,19.00771794757534,8,5.6000000000000005,90.21917089743162,True,3.2926345028820485,-0.0015022097499338694,0.0015022097499338694,-2.8029452799069166,-0.08394158892769572,-0.0838156801957084,-7.816160067892357,1,0.7000000000000001,-21.46013928476956,False,0.0,0.0,2.0,5.0,10.0,False,True,False,False,False,False,False,False,train_trade_event_count_42_below_80;validation_trade_event_count_8_below_30;locked_oos_trade_event_count_1_below_20;locked_oos_return_not_positive;locked_oos_return_per_turnover_proxy_bps_-21.460_not_above_10.000;primary_10bps_promotion_gate_failed,liquidation_count_positive;locked_oos_calmar_non_positive;locked_oos_return_non_positive;locked_oos_sharpe_non_positive;locked_oos_smart_sortino_non_positive;locked_oos_sortino_non_positive;train_calmar_not_above_validation;train_sharpe_not_above_validation;train_smart_sortino_not_above_validation;train_sortino_not_above_validation,"{""abs_factor_score_min"": 3.0}"
30,thin_sample_shadow,44,shadow_only_thin_sample,not_promoted_shadow_or_reject,fresh_tv10_filter_abs_score_ge_3_alpha_zoo_conservative_exit_7p0x_0p1alloc,alpha_zoo_conservative_exit,individual_seed_trade_filter,fresh_train_validation_10bps_trade_filter,abs_score_ge_3,7.0,0.1,0.7000000000000001,7000.000000000001,7000.000000000001,True,0.1663529027542454,0.10099697932847407,0.9661799848448567,0.07075728554007969,0.06426655737351464,1.6471077042137394,42,29.400000000000002,56.58261998443721,True,0.050522735702561716,0.011664793358210693,2.0077860378374965,0.6488524691732792,0.641371008888646,19.00771794757534,8,5.6000000000000005,90.21917089743162,True,3.2926345028820485,-0.0015022097499338694,0.0015022097499338694,-2.8029452799069166,-0.08394158892769572,-0.0838156801957084,-7.816160067892357,1,0.7000000000000001,-21.46013928476956,False,0.0,0.0,2.0,5.0,10.0,False,True,False,False,False,False,False,False,train_trade_event_count_42_below_80;validation_trade_event_count_8_below_30;locked_oos_trade_event_count_1_below_20;locked_oos_return_not_positive;locked_oos_return_per_turnover_proxy_bps_-21.460_not_above_10.000;primary_10bps_promotion_gate_failed,liquidation_count_positive;locked_oos_calmar_non_positive;locked_oos_return_non_positive;locked_oos_sharpe_non_positive;locked_oos_smart_sortino_non_positive;locked_oos_sortino_non_positive;train_calmar_not_above_validation;train_sharpe_not_above_validation;train_smart_sortino_not_above_validation;train_sortino_not_above_validation,"{""abs_factor_score_min"": 3.0}"
31,thin_sample_shadow,45,shadow_only_thin_sample,not_promoted_shadow_or_reject,fresh_tv10_filter_abs_score_ge_3_alpha_zoo_conservative_exit_carry_forward_old_split_selected_3p0x_0p175alloc,alpha_zoo_conservative_exit_carry_forward_old_split_selected,individual_seed_trade_filter,fresh_train_validation_10bps_trade_filter,abs_score_ge_3,3.0,0.175,0.5249999999999999,5249.999999999999,5249.999999999999,True,0.2112931094561492,0.042079527127331554,1.8314392410482312,0.247599193249671,0.23760105328258396,5.021280510514811,42,22.049999999999997,95.82453943589535,True,0.03790541022974048,0.008749638740687777,2.00824495581405,0.649331085976647,0.6436989526829124,18.650955393874305,8,4.199999999999999,90.25097673747734,True,5.574220359983579,-0.0011266573124504298,0.0011266573124504298,-2.8029452799069183,-0.08394158892769572,-0.08384712195461763,-7.826223434850859,1,0.5249999999999999,-21.460139284770094,False,0.0,0.0,2.0,5.0,10.0,False,True,False,False,False,False,False,False,train_trade_event_count_42_below_80;validation_trade_event_count_8_below_30;locked_oos_trade_event_count_1_below_20;locked_oos_return_not_positive;locked_oos_return_per_turnover_proxy_bps_-21.460_not_above_10.000;primary_10bps_promotion_gate_failed,locked_oos_calmar_non_positive;locked_oos_return_non_positive;locked_oos_sharpe_non_positive;locked_oos_smart_sortino_non_positive;locked_oos_sortino_non_positive;train_calmar_not_above_validation;train_sharpe_not_above_validation;train_smart_sortino_not_above_validation;train_sortino_not_above_validation,"{""abs_factor_score_min"": 3.0}"
32,thin_sample_shadow,46,shadow_only_thin_sample,not_promoted_shadow_or_reject,fresh_tv10_filter_abs_score_ge_3_alpha_zoo_conservative_exit_3p0x_0p175alloc,alpha_zoo_conservative_exit,individual_seed_trade_filter,fresh_train_validation_10bps_trade_filter,abs_score_ge_3,3.0,0.175,0.5249999999999999,5249.999999999999,5249.999999999999,True,0.2112931094561492,0.042079527127331554,1.8314392410482312,0.247599193249671,0.23760105328258396,5.021280510514811,42,22.049999999999997,95.82453943589535,True,0.03790541022974048,0.008749638740687777,2.00824495581405,0.649331085976647,0.6436989526829124,18.650955393874305,8,4.199999999999999,90.25097673747734,True,5.574220359983579,-0.0011266573124504298,0.0011266573124504298,-2.8029452799069183,-0.08394158892769572,-0.08384712195461763,-7.826223434850859,1,0.5249999999999999,-21.460139284770094,False,0.0,0.0,2.0,5.0,10.0,False,True,False,False,False,False,False,False,train_trade_event_count_42_below_80;validation_trade_event_count_8_below_30;locked_oos_trade_event_count_1_below_20;locked_oos_return_not_positive;locked_oos_return_per_turnover_proxy_bps_-21.460_not_above_10.000;primary_10bps_promotion_gate_failed,locked_oos_calmar_non_positive;locked_oos_return_non_positive;locked_oos_sharpe_non_positive;locked_oos_smart_sortino_non_positive;locked_oos_sortino_non_positive;train_calmar_not_above_validation;train_sharpe_not_above_validation;train_smart_sortino_not_above_validation;train_sortino_not_above_validation,"{""abs_factor_score_min"": 3.0}"
33,thin_sample_shadow,49,shadow_only_thin_sample,not_promoted_shadow_or_reject,fresh_tv10_filter_abs_score_ge_3_alpha_zoo_conservative_exit_carry_forward_old_split_selected_5p0x_0p1alloc,alpha_zoo_conservative_exit_carry_forward_old_split_selected,individual_seed_trade_filter,fresh_train_validation_10bps_trade_filter,abs_score_ge_3,5.0,0.1,0.5,5000.0,5000.0,True,0.20052266550095488,0.04010321020255953,1.8313079232597347,0.24745548041344043,0.23791435117794568,5.000164936625367,42,21.0,95.48698357188327,True,0.03610212697733961,0.008333129059979948,2.0083105087674613,0.6493994032860572,0.6440325965402532,18.600413555606647,8,4.0,90.25531744334903,True,5.554317218672957,-0.0010730069642385098,0.0010730069642385098,-2.802945279906917,-0.08394158892769572,-0.08385161556023694,-7.827662264019408,1,0.5,-21.460139284770197,False,0.0,0.0,2.0,5.0,10.0,False,True,False,False,False,False,False,False,train_trade_event_count_42_below_80;validation_trade_event_count_8_below_30;locked_oos_trade_event_count_1_below_20;locked_oos_return_not_positive;locked_oos_return_per_turnover_proxy_bps_-21.460_not_above_10.000;primary_10bps_promotion_gate_failed,locked_oos_calmar_non_positive;locked_oos_return_non_positive;locked_oos_sharpe_non_positive;locked_oos_smart_sortino_non_positive;locked_oos_sortino_non_positive;train_calmar_not_above_validation;train_sharpe_not_above_validation;train_smart_sortino_not_above_validation;train_sortino_not_above_validation,"{""abs_factor_score_min"": 3.0}"
34,thin_sample_shadow,50,shadow_only_thin_sample,not_promoted_shadow_or_reject,fresh_tv10_filter_abs_score_ge_3_alpha_zoo_conservative_exit_carry_forward_old_split_selected_4p0x_0p125alloc,alpha_zoo_conservative_exit_carry_forward_old_split_selected,individual_seed_trade_filter,fresh_train_validation_10bps_trade_filter,abs_score_ge_3,4.0,0.125,0.5,5000.0,5000.0,True,0.20052266550095488,0.04010321020255953,1.8313079232597347,0.24745548041344043,0.23791435117794568,5.000164936625367,42,21.0,95.48698357188327,True,0.03610212697733961,0.008333129059979948,2.0083105087674613,0.6493994032860572,0.6440325965402532,18.600413555606647,8,4.0,90.25531744334903,True,5.554317218672957,-0.0010730069642385098,0.0010730069642385098,-2.802945279906917,-0.08394158892769572,-0.08385161556023694,-7.827662264019408,1,0.5,-21.460139284770197,False,0.0,0.0,2.0,5.0,10.0,False,True,False,False,False,False,False,False,train_trade_event_count_42_below_80;validation_trade_event_count_8_below_30;locked_oos_trade_event_count_1_below_20;locked_oos_return_not_positive;locked_oos_return_per_turnover_proxy_bps_-21.460_not_above_10.000;primary_10bps_promotion_gate_failed,locked_oos_calmar_non_positive;locked_oos_return_non_positive;locked_oos_sharpe_non_positive;locked_oos_smart_sortino_non_positive;locked_oos_sortino_non_positive;train_calmar_not_above_validation;train_sharpe_not_above_validation;train_smart_sortino_not_above_validation;train_sortino_not_above_validation,"{""abs_factor_score_min"": 3.0}"
35,thin_sample_shadow,51,shadow_only_thin_sample,not_promoted_shadow_or_reject,fresh_tv10_filter_abs_score_ge_3_alpha_zoo_conservative_exit_5p0x_0p1alloc,alpha_zoo_conservative_exit,individual_seed_trade_filter,fresh_train_validation_10bps_trade_filter,abs_score_ge_3,5.0,0.1,0.5,5000.0,5000.0,True,0.20052266550095488,0.04010321020255953,1.8313079232597347,0.24745548041344043,0.23791435117794568,5.000164936625367,42,21.0,95.48698357188327,True,0.03610212697733961,0.008333129059979948,2.0083105087674613,0.6493994032860572,0.6440325965402532,18.600413555606647,8,4.0,90.25531744334903,True,5.554317218672957,-0.0010730069642385098,0.0010730069642385098,-2.802945279906917,-0.08394158892769572,-0.08385161556023694,-7.827662264019408,1,0.5,-21.460139284770197,False,0.0,0.0,2.0,5.0,10.0,False,True,False,False,False,False,False,False,train_trade_event_count_42_below_80;validation_trade_event_count_8_below_30;locked_oos_trade_event_count_1_below_20;locked_oos_return_not_positive;locked_oos_return_per_turnover_proxy_bps_-21.460_not_above_10.000;primary_10bps_promotion_gate_failed,locked_oos_calmar_non_positive;locked_oos_return_non_positive;locked_oos_sharpe_non_positive;locked_oos_smart_sortino_non_positive;locked_oos_sortino_non_positive;train_calmar_not_above_validation;train_sharpe_not_above_validation;train_smart_sortino_not_above_validation;train_sortino_not_above_validation,"{""abs_factor_score_min"": 3.0}"
36,thin_sample_shadow,52,shadow_only_thin_sample,not_promoted_shadow_or_reject,fresh_tv10_filter_abs_score_ge_3_alpha_zoo_conservative_exit_4p0x_0p125alloc,alpha_zoo_conservative_exit,individual_seed_trade_filter,fresh_train_validation_10bps_trade_filter,abs_score_ge_3,4.0,0.125,0.5,5000.0,5000.0,True,0.20052266550095488,0.04010321020255953,1.8313079232597347,0.24745548041344043,0.23791435117794568,5.000164936625367,42,21.0,95.48698357188327,True,0.03610212697733961,0.008333129059979948,2.0083105087674613,0.6493994032860572,0.6440325965402532,18.600413555606647,8,4.0,90.25531744334903,True,5.554317218672957,-0.0010730069642385098,0.0010730069642385098,-2.802945279906917,-0.08394158892769572,-0.08385161556023694,-7.827662264019408,1,0.5,-21.460139284770197,False,0.0,0.0,2.0,5.0,10.0,False,True,False,False,False,False,False,False,train_trade_event_count_42_below_80;validation_trade_event_count_8_below_30;locked_oos_trade_event_count_1_below_20;locked_oos_return_not_positive;locked_oos_return_per_turnover_proxy_bps_-21.460_not_above_10.000;primary_10bps_promotion_gate_failed,locked_oos_calmar_non_positive;locked_oos_return_non_positive;locked_oos_sharpe_non_positive;locked_oos_smart_sortino_non_positive;locked_oos_sortino_non_positive;train_calmar_not_above_validation;train_sharpe_not_above_validation;train_smart_sortino_not_above_validation;train_sortino_not_above_validation,"{""abs_factor_score_min"": 3.0}"
37,thin_sample_shadow,53,shadow_only_thin_sample,not_promoted_shadow_or_reject,fresh_tv10_filter_abs_score_ge_3_alpha_zoo_conservative_exit_carry_forward_old_split_selected_7p0x_0p075alloc,alpha_zoo_conservative_exit_carry_forward_old_split_selected,individual_seed_trade_filter,fresh_train_validation_10bps_trade_filter,abs_score_ge_3,7.0,0.075,0.525,5250.0,5250.0,True,0.12513334793034403,0.07576850489903203,0.9640584058591204,0.07049807670957639,0.06553275764119261,1.6515219364179727,42,22.05,56.74981765548482,True,0.03790541022974048,0.008749638740687777,2.00824495581405,0.649331085976647,0.6436989526829124,18.650955393874305,8,4.2,90.25097673747732,True,3.3012002026076153,-0.0011266573124504298,0.0011266573124504298,-2.8029452799069183,-0.08394158892769572,-0.08384712195461763,-7.826223434850859,1,0.525,-21.46013928477009,False,0.0,0.0,2.0,5.0,10.0,False,True,False,False,False,False,False,False,train_trade_event_count_42_below_80;validation_trade_event_count_8_below_30;locked_oos_trade_event_count_1_below_20;locked_oos_return_not_positive;locked_oos_return_per_turnover_proxy_bps_-21.460_not_above_10.000;primary_10bps_promotion_gate_failed,liquidation_count_positive;locked_oos_calmar_non_positive;locked_oos_return_non_positive;locked_oos_sharpe_non_positive;locked_oos_smart_sortino_non_positive;locked_oos_sortino_non_positive;train_calmar_not_above_validation;train_sharpe_not_above_validation;train_smart_sortino_not_above_validation;train_sortino_not_above_validation,"{""abs_factor_score_min"": 3.0}"
38,thin_sample_shadow,54,shadow_only_thin_sample,not_promoted_shadow_or_reject,fresh_tv10_filter_abs_score_ge_3_alpha_zoo_conservative_exit_7p0x_0p075alloc,alpha_zoo_conservative_exit,individual_seed_trade_filter,fresh_train_validation_10bps_trade_filter,abs_score_ge_3,7.0,0.075,0.525,5250.0,5250.0,True,0.12513334793034403,0.07576850489903203,0.9640584058591204,0.07049807670957639,0.06553275764119261,1.6515219364179727,42,22.05,56.74981765548482,True,0.03790541022974048,0.008749638740687777,2.00824495581405,0.649331085976647,0.6436989526829124,18.650955393874305,8,4.2,90.25097673747732,True,3.3012002026076153,-0.0011266573124504298,0.0011266573124504298,-2.8029452799069183,-0.08394158892769572,-0.08384712195461763,-7.826223434850859,1,0.525,-21.46013928477009,False,0.0,0.0,2.0,5.0,10.0,False,True,False,False,False,False,False,False,train_trade_event_count_42_below_80;validation_trade_event_count_8_below_30;locked_oos_trade_event_count_1_below_20;locked_oos_return_not_positive;locked_oos_return_per_turnover_proxy_bps_-21.460_not_above_10.000;primary_10bps_promotion_gate_failed,liquidation_count_positive;locked_oos_calmar_non_positive;locked_oos_return_non_positive;locked_oos_sharpe_non_positive;locked_oos_smart_sortino_non_positive;locked_oos_sortino_non_positive;train_calmar_not_above_validation;train_sharpe_not_above_validation;train_smart_sortino_not_above_validation;train_sortino_not_above_validation,"{""abs_factor_score_min"": 3.0}"
39,long_only_crypto_residual_reversal_shadow,72,shadow_only_thin_sample,not_promoted_shadow_or_reject,fresh_tv10_filter_family_crypto_residual_reversal_abs_score_ge_1p5_alpha_zoo_high_confidence_long_only_8p0x_0p2alloc,alpha_zoo_high_confidence_long_only,individual_seed_trade_filter,fresh_train_validation_10bps_trade_filter,family_crypto_residual_reversal_abs_score_ge_1.5,8.0,0.2,1.6,16000.0,16000.0,True,0.05078387862526279,0.15428158574870718,0.3375550880039019,0.04602489935201167,0.03987319898390159,0.3291635769675017,83,132.8,3.824087245878222,False,0.1417318366754563,0.03121375818048141,2.651172067242854,0.45384145719183977,0.4401041525984074,22.85894823550242,18,28.8,49.21244329008899,True,0.3583096064827687,0.018620495328067976,0.01813684511146791,1.8151785349521334,0.32200679473388055,0.3162706430672652,8.600055079943928,13,20.8,8.952161215417297,False,0.0,0.0,2.0,5.0,10.0,False,True,False,False,False,False,False,False,validation_trade_event_count_18_below_30;locked_oos_trade_event_count_13_below_20;train_validation_return_ratio_0.3583_below_0.50;train_return_per_turnover_proxy_bps_3.824_not_above_10.000;locked_oos_return_per_turnover_proxy_bps_8.952_not_above_10.000;primary_10bps_promotion_gate_failed,train_calmar_not_above_locked_oos;train_calmar_not_above_validation;train_sharpe_not_above_locked_oos;train_sharpe_not_above_validation;train_smart_sortino_not_above_locked_oos;train_smart_sortino_not_above_validation;train_sortino_not_above_locked_oos;train_sortino_not_above_validation;train_total_return_not_above_validation,"{""abs_factor_score_min"": 1.5, ""dominant_factor_family"": ""crypto_residual_reversal""}"
40,thin_sample_shadow,78,shadow_only_thin_sample,not_promoted_shadow_or_reject,fresh_tv10_filter_side_long_abs_score_ge_2p5_alpha_zoo_slow_residual_pair_7p0x_0p15alloc,alpha_zoo_slow_residual_pair,individual_seed_trade_filter,fresh_train_validation_10bps_trade_filter,side_long_abs_score_ge_2.5,7.0,0.15,1.05,10500.0,10500.0,True,0.1646795843255402,0.057178750908133444,1.0755689720032673,0.10744485463589643,0.10163357383375289,2.88008362739724,16,16.8,98.02356209853582,True,0.007523776512800229,6.627825272276233e-05,1.9980234954019562,4.928300393400607,4.927973775909276,466.57512452408685,2,2.1,35.82750720381061,True,21.887888887365303,-0.010913781123448207,0.013947064441244827,-2.133043330710681,-0.06542729626854653,-0.06452732944653429,-5.9226417293836375,2,2.1,-51.970386302134315,False,0.0,0.0,2.0,5.0,10.0,False,True,False,False,False,False,False,False,train_trade_event_count_16_below_80;validation_trade_event_count_2_below_30;locked_oos_trade_event_count_2_below_20;validation_return_0.0075_below_0.02;locked_oos_return_not_positive;locked_oos_return_per_turnover_proxy_bps_-51.970_not_above_10.000;primary_10bps_promotion_gate_failed,locked_oos_calmar_non_positive;locked_oos_return_non_positive;locked_oos_sharpe_non_positive;locked_oos_smart_sortino_non_positive;locked_oos_sortino_non_positive;train_calmar_not_above_validation;train_sharpe_not_above_validation;train_smart_sortino_not_above_validation;train_sortino_not_above_validation,"{""abs_factor_score_min"": 2.5, ""side"": ""LONG""}"
41,thin_sample_shadow,79,shadow_only_thin_sample,not_promoted_shadow_or_reject,fresh_tv10_filter_side_long_abs_score_ge_2p5_alpha_zoo_slow_residual_pair_6p0x_0p175alloc,alpha_zoo_slow_residual_pair,individual_seed_trade_filter,fresh_train_validation_10bps_trade_filter,side_long_abs_score_ge_2.5,6.0,0.175,1.0499999999999998,10499.999999999998,10499.999999999998,True,0.16467958432553997,0.05717875090813346,1.0755689720032666,0.10744485463589629,0.10163357383375275,2.8800836273972354,16,16.799999999999997,98.0235620985357,True,0.007523776512800229,6.627825272276233e-05,1.9980234954019562,4.928300393400607,4.927973775909276,466.57512452408685,2,2.0999999999999996,35.82750720381062,True,21.887888887365275,-0.010913781123448207,0.013947064441244827,-2.133043330710681,-0.06542729626854653,-0.06452732944653429,-5.9226417293836375,2,2.0999999999999996,-51.97038630213433,False,0.0,0.0,2.0,5.0,10.0,False,True,False,False,False,False,False,False,train_trade_event_count_16_below_80;validation_trade_event_count_2_below_30;locked_oos_trade_event_count_2_below_20;validation_return_0.0075_below_0.02;locked_oos_return_not_positive;locked_oos_return_per_turnover_proxy_bps_-51.970_not_above_10.000;primary_10bps_promotion_gate_failed,locked_oos_calmar_non_positive;locked_oos_return_non_positive;locked_oos_sharpe_non_positive;locked_oos_smart_sortino_non_positive;locked_oos_sortino_non_positive;train_calmar_not_above_validation;train_sharpe_not_above_validation;train_smart_sortino_not_above_validation;train_sortino_not_above_validation,"{""abs_factor_score_min"": 2.5, ""side"": ""LONG""}"
42,thin_sample_shadow,81,shadow_only_thin_sample,not_promoted_shadow_or_reject,fresh_tv10_filter_side_long_family_volume_vwap_pressure_alpha_zoo_slow_residual_pair_7p0x_0p15alloc,alpha_zoo_slow_residual_pair,individual_seed_trade_filter,fresh_train_validation_10bps_trade_filter,side_long_family_volume_vwap_pressure,7.0,0.15,1.05,10500.0,10500.0,True,0.08254419132066326,0.03451226768204296,0.7393640154767688,0.09721878168367794,0.09397547493710155,2.391734790687537,30,31.5,26.20450518116294,True,0.059487474858140876,0.0034852986610939595,2.782015556179128,1.0361007086496719,1.0325021303571613,75.92989103043053,7,7.3500000000000005,80.9353399430488,True,1.3875894298338514,-0.045443744460018864,0.04546871173748768,-6.492614959029229,-0.5895566726500027,-0.563916132573882,-6.731617914150352,11,11.55,-39.34523329871763,False,0.0,0.0,2.0,5.0,10.0,False,True,False,False,False,False,False,False,train_trade_event_count_30_below_80;validation_trade_event_count_7_below_30;locked_oos_trade_event_count_11_below_20;locked_oos_return_not_positive;locked_oos_return_per_turnover_proxy_bps_-39.345_not_above_10.000;primary_10bps_promotion_gate_failed,locked_oos_calmar_non_positive;locked_oos_return_non_positive;locked_oos_sharpe_non_positive;locked_oos_smart_sortino_non_positive;locked_oos_sortino_non_positive;train_calmar_not_above_validation;train_sharpe_not_above_validation;train_smart_sortino_not_above_validation;train_sortino_not_above_validation,"{""dominant_factor_family"": ""volume_vwap_pressure"", ""side"": ""LONG""}"
43,thin_sample_shadow,82,shadow_only_thin_sample,not_promoted_shadow_or_reject,fresh_tv10_filter_side_long_family_volume_vwap_pressure_alpha_zoo_slow_residual_pair_6p0x_0p175alloc,alpha_zoo_slow_residual_pair,individual_seed_trade_filter,fresh_train_validation_10bps_trade_filter,side_long_family_volume_vwap_pressure,6.0,0.175,1.0499999999999998,10499.999999999998,10499.999999999998,True,0.08254419132066326,0.03451226768204296,0.7393640154767688,0.09721878168367794,0.09397547493710155,2.391734790687537,30,31.499999999999993,26.204505181162947,True,0.059487474858140876,0.0034852986610939595,2.782015556179128,1.0361007086496719,1.0325021303571613,75.92989103043053,7,7.349999999999999,80.93533994304883,True,1.3875894298338514,-0.045443744460018864,0.04546871173748768,-6.492614959029229,-0.5895566726500027,-0.563916132573882,-6.731617914150352,11,11.549999999999997,-39.345233298717645,False,0.0,0.0,2.0,5.0,10.0,False,True,False,False,False,False,False,False,train_trade_event_count_30_below_80;validation_trade_event_count_7_below_30;locked_oos_trade_event_count_11_below_20;locked_oos_return_not_positive;locked_oos_return_per_turnover_proxy_bps_-39.345_not_above_10.000;primary_10bps_promotion_gate_failed,locked_oos_calmar_non_positive;locked_oos_return_non_positive;locked_oos_sharpe_non_positive;locked_oos_smart_sortino_non_positive;locked_oos_sortino_non_positive;train_calmar_not_above_validation;train_sharpe_not_above_validation;train_smart_sortino_not_above_validation;train_sortino_not_above_validation,"{""dominant_factor_family"": ""volume_vwap_pressure"", ""side"": ""LONG""}"
44,thin_sample_shadow,86,shadow_only_thin_sample,not_promoted_shadow_or_reject,fresh_tv10_filter_side_long_abs_score_ge_2p5_alpha_zoo_slow_residual_pair_5p0x_0p2alloc,alpha_zoo_slow_residual_pair,individual_seed_trade_filter,fresh_train_validation_10bps_trade_filter,side_long_abs_score_ge_2.5,5.0,0.2,1.0,10000.0,10000.0,True,0.15681217500982392,0.05451103211527022,1.0755689720032682,0.1074448546358965,0.10189068806645878,2.876705300281702,16,16.0,98.00760938113994,True,0.007165524256586009,6.312214545023398e-05,1.9980234954019611,4.928300393401871,4.927989328142724,466.32097731155255,2,2.0,35.827621282930046,True,21.88425708917167,-0.010392131510781333,0.013282918515471254,-2.1330433307106498,-0.06542729626854571,-0.06456962322467763,-5.932076979245773,2,2.0,-51.960657553906664,False,0.0,0.0,2.0,5.0,10.0,False,True,False,False,False,False,False,False,train_trade_event_count_16_below_80;validation_trade_event_count_2_below_30;locked_oos_trade_event_count_2_below_20;validation_return_0.0072_below_0.02;locked_oos_return_not_positive;locked_oos_return_per_turnover_proxy_bps_-51.961_not_above_10.000;primary_10bps_promotion_gate_failed,locked_oos_calmar_non_positive;locked_oos_return_non_positive;locked_oos_sharpe_non_positive;locked_oos_smart_sortino_non_positive;locked_oos_sortino_non_positive;train_calmar_not_above_validation;train_sharpe_not_above_validation;train_smart_sortino_not_above_validation;train_sortino_not_above_validation,"{""abs_factor_score_min"": 2.5, ""side"": ""LONG""}"
45,thin_sample_shadow,89,shadow_only_thin_sample,not_promoted_shadow_or_reject,fresh_tv10_filter_side_long_family_volume_vwap_pressure_alpha_zoo_slow_residual_pair_5p0x_0p2alloc,alpha_zoo_slow_residual_pair,individual_seed_trade_filter,fresh_train_validation_10bps_trade_filter,side_long_family_volume_vwap_pressure,5.0,0.2,1.0,10000.0,10000.0,True,0.07876404323964259,0.03288382574225779,0.7393640154767815,0.09721878168367958,0.09412363642524423,2.3952214032817305,30,30.0,26.254681079880864,True,0.05661752692910649,0.003319347920857241,2.7820155561791293,1.036100708649672,1.0326729079796442,75.55015355872943,7,7.0,80.88218132729499,True,1.391160079073514,-0.04331853057457047,0.043342361903633386,-6.492614959029208,-0.5895566726500012,-0.5650654034350948,-6.779674787810133,11,11.0,-39.380482340518604,False,0.0,0.0,2.0,5.0,10.0,False,True,False,False,False,False,False,False,train_trade_event_count_30_below_80;validation_trade_event_count_7_below_30;locked_oos_trade_event_count_11_below_20;locked_oos_return_not_positive;locked_oos_return_per_turnover_proxy_bps_-39.380_not_above_10.000;primary_10bps_promotion_gate_failed,locked_oos_calmar_non_positive;locked_oos_return_non_positive;locked_oos_sharpe_non_positive;locked_oos_smart_sortino_non_positive;locked_oos_sortino_non_positive;train_calmar_not_above_validation;train_sharpe_not_above_validation;train_smart_sortino_not_above_validation;train_sortino_not_above_validation,"{""dominant_factor_family"": ""volume_vwap_pressure"", ""side"": ""LONG""}"
46,thin_sample_shadow,92,shadow_only_thin_sample,not_promoted_shadow_or_reject,fresh_tv10_filter_side_long_abs_score_ge_2p5_alpha_zoo_slow_residual_pair_6p0x_0p15alloc,alpha_zoo_slow_residual_pair,individual_seed_trade_filter,fresh_train_validation_10bps_trade_filter,side_long_abs_score_ge_2.5,6.0,0.15,0.8999999999999999,9000.0,9000.0,True,0.14107750520207207,0.04915920064064668,1.0755689720032664,0.10744485463589651,0.10241043930252682,2.869808771573553,16,14.399999999999999,97.97048972366117,True,0.00644901289940969,5.6809930905177275e-05,1.9980234954019704,4.92830039340465,4.928020432904357,465.8130493169038,2,1.7999999999999998,35.82784944116494,True,21.875829278459904,-0.00934941601034156,0.011954626663924106,-2.1330433307106964,-0.06542729626854692,-0.06465437732543289,-5.95098845883216,2,1.7999999999999998,-51.941200057453116,False,0.0,0.0,2.0,5.0,10.0,False,True,False,False,False,False,False,False,train_trade_event_count_16_below_80;validation_trade_event_count_2_below_30;locked_oos_trade_event_count_2_below_20;validation_return_0.0064_below_0.02;locked_oos_return_not_positive;locked_oos_return_per_turnover_proxy_bps_-51.941_not_above_10.000;primary_10bps_promotion_gate_failed,locked_oos_calmar_non_positive;locked_oos_return_non_positive;locked_oos_sharpe_non_positive;locked_oos_smart_sortino_non_positive;locked_oos_sortino_non_positive;train_calmar_not_above_validation;train_sharpe_not_above_validation;train_smart_sortino_not_above_validation;train_sortino_not_above_validation,"{""abs_factor_score_min"": 2.5, ""side"": ""LONG""}"
47,thin_sample_shadow,95,shadow_only_thin_sample,not_promoted_shadow_or_reject,fresh_tv10_filter_side_long_abs_score_ge_2p5_alpha_zoo_slow_residual_pair_7p0x_0p125alloc,alpha_zoo_slow_residual_pair,individual_seed_trade_filter,fresh_train_validation_10bps_trade_filter,side_long_abs_score_ge_2.5,7.0,0.125,0.875,8750.0,8750.0,True,0.1371441735656378,0.04781782213604868,1.0755689720032644,0.1074448546358961,0.10254154144549896,2.868055621091287,16,14.0,97.96012397545556,True,0.006269883634126838,5.523187726896861e-05,1.998023495401956,4.928300393400578,4.928028209151352,465.68614363409904,2,1.75,35.82790648072479,True,21.873479887117057,-0.009088858744584427,0.011622553701037375,-2.1330433307106813,-0.06542729626854656,-0.0646756006271111,-5.95572487140407,2,1.75,-51.93633568333958,False,0.0,0.0,2.0,5.0,10.0,False,True,False,False,False,False,False,False,train_trade_event_count_16_below_80;validation_trade_event_count_2_below_30;locked_oos_trade_event_count_2_below_20;validation_return_0.0063_below_0.02;locked_oos_return_not_positive;locked_oos_return_per_turnover_proxy_bps_-51.936_not_above_10.000;primary_10bps_promotion_gate_failed,locked_oos_calmar_non_positive;locked_oos_return_non_positive;locked_oos_sharpe_non_positive;locked_oos_smart_sortino_non_positive;locked_oos_sortino_non_positive;train_calmar_not_above_validation;train_sharpe_not_above_validation;train_smart_sortino_not_above_validation;train_sortino_not_above_validation,"{""abs_factor_score_min"": 2.5, ""side"": ""LONG""}"
48,thin_sample_shadow,96,shadow_only_thin_sample,not_promoted_shadow_or_reject,fresh_tv10_filter_side_long_abs_score_ge_2p5_alpha_zoo_slow_residual_pair_5p0x_0p175alloc,alpha_zoo_slow_residual_pair,individual_seed_trade_filter,fresh_train_validation_10bps_trade_filter,side_long_abs_score_ge_2.5,5.0,0.175,0.875,8750.0,8750.0,True,0.1371441735656378,0.04781782213604868,1.0755689720032644,0.1074448546358961,0.10254154144549896,2.868055621091287,16,14.0,97.96012397545556,True,0.006269883634126838,5.523187726896861e-05,1.998023495401956,4.928300393400578,4.928028209151352,465.68614363409904,2,1.75,35.82790648072479,True,21.873479887117057,-0.009088858744584427,0.011622553701037375,-2.1330433307106813,-0.06542729626854656,-0.0646756006271111,-5.95572487140407,2,1.75,-51.93633568333958,False,0.0,0.0,2.0,5.0,10.0,False,True,False,False,False,False,False,False,train_trade_event_count_16_below_80;validation_trade_event_count_2_below_30;locked_oos_trade_event_count_2_below_20;validation_return_0.0063_below_0.02;locked_oos_return_not_positive;locked_oos_return_per_turnover_proxy_bps_-51.936_not_above_10.000;primary_10bps_promotion_gate_failed,locked_oos_calmar_non_positive;locked_oos_return_non_positive;locked_oos_sharpe_non_positive;locked_oos_smart_sortino_non_positive;locked_oos_sortino_non_positive;train_calmar_not_above_validation;train_sharpe_not_above_validation;train_smart_sortino_not_above_validation;train_sortino_not_above_validation,"{""abs_factor_score_min"": 2.5, ""side"": ""LONG""}"
49,thin_sample_shadow,103,shadow_only_thin_sample,not_promoted_shadow_or_reject,fresh_tv10_filter_side_long_abs_score_ge_2p5_alpha_zoo_slow_residual_pair_4p0x_0p2alloc,alpha_zoo_slow_residual_pair,individual_seed_trade_filter,fresh_train_validation_10bps_trade_filter,side_long_abs_score_ge_2.5,4.0,0.2,0.8,8000.0,8000.0,True,0.1253458204211957,0.04378546270538217,1.0755689720032644,0.1074448546358959,0.10293768065844693,2.8627268658688405,16,12.8,97.92642220405912,True,0.0057324924159043444,5.049771636023159e-05,1.9980234954019451,4.928300393397385,4.928051538048608,465.30560968154845,2,1.6,35.82807759940215,True,21.865850196928942,-0.008307478809759683,0.010626334812376959,-2.1330433307106866,-0.06542729626854668,-0.06473935421511975,-5.969954625741571,2,1.6,-51.92174256099802,False,0.0,0.0,2.0,5.0,10.0,False,True,False,False,False,False,False,False,train_trade_event_count_16_below_80;validation_trade_event_count_2_below_30;locked_oos_trade_event_count_2_below_20;validation_return_0.0057_below_0.02;locked_oos_return_not_positive;locked_oos_return_per_turnover_proxy_bps_-51.922_not_above_10.000;primary_10bps_promotion_gate_failed,locked_oos_calmar_non_positive;locked_oos_return_non_positive;locked_oos_sharpe_non_positive;locked_oos_smart_sortino_non_positive;locked_oos_sortino_non_positive;train_calmar_not_above_validation;train_sharpe_not_above_validation;train_smart_sortino_not_above_validation;train_sortino_not_above_validation,"{""abs_factor_score_min"": 2.5, ""side"": ""LONG""}"
50,long_only_crypto_residual_reversal_shadow,104,shadow_only_thin_sample,not_promoted_shadow_or_reject,fresh_tv10_filter_family_crypto_residual_reversal_abs_score_ge_1p5_alpha_zoo_high_confidence_long_only_7p0x_0p2alloc,alpha_zoo_high_confidence_long_only,individual_seed_trade_filter,fresh_train_validation_10bps_trade_filter,family_crypto_residual_reversal_abs_score_ge_1.5,7.0,0.2,1.4000000000000001,14000.000000000002,14000.000000000002,True,0.0467156984452477,0.1360160970439139,0.33736190815899175,0.04599614418417311,0.04048898981613205,0.3434571308877151,83,116.20000000000002,4.0202838593156365,False,0.12361015631685235,0.027312038407921218,2.651172067242851,0.45384145719183977,0.44177566330788975,22.175821129499827,18,25.200000000000003,49.05164933208425,True,0.37792767064787486,0.016312971739646853,0.01587918003139867,1.814655489905881,0.3218592920915943,0.31682831818804114,8.537168560118573,13,18.200000000000003,8.963171285520247,False,0.0,0.0,2.0,5.0,10.0,False,True,False,False,False,False,False,False,validation_trade_event_count_18_below_30;locked_oos_trade_event_count_13_below_20;train_validation_return_ratio_0.3779_below_0.50;train_return_per_turnover_proxy_bps_4.020_not_above_10.000;locked_oos_return_per_turnover_proxy_bps_8.963_not_above_10.000;primary_10bps_promotion_gate_failed,train_calmar_not_above_locked_oos;train_calmar_not_above_validation;train_sharpe_not_above_locked_oos;train_sharpe_not_above_validation;train_smart_sortino_not_above_locked_oos;train_smart_sortino_not_above_validation;train_sortino_not_above_locked_oos;train_sortino_not_above_validation;train_total_return_not_above_validation,"{""abs_factor_score_min"": 1.5, ""dominant_factor_family"": ""crypto_residual_reversal""}"
51,long_only_crypto_residual_reversal_shadow,105,shadow_only_thin_sample,not_promoted_shadow_or_reject,fresh_tv10_filter_family_crypto_residual_reversal_abs_score_ge_1p5_alpha_zoo_high_confidence_long_only_8p0x_0p175alloc,alpha_zoo_high_confidence_long_only,individual_seed_trade_filter,fresh_train_validation_10bps_trade_filter,family_crypto_residual_reversal_abs_score_ge_1.5,8.0,0.175,1.4,14000.0,14000.0,True,0.04671569844524637,0.136016097043914,0.33736190815898615,0.0459961441841723,0.04048898981613133,0.3434571308877051,83,116.19999999999999,4.020283859315523,False,0.12361015631685235,0.027312038407921218,2.651172067242851,0.45384145719183977,0.44177566330788975,22.175821129499827,18,25.2,49.05164933208426,True,0.37792767064786403,0.016312971739646853,0.01587918003139867,1.814655489905881,0.3218592920915943,0.31682831818804114,8.537168560118573,13,18.2,8.963171285520248,False,0.0,0.0,2.0,5.0,10.0,False,True,False,False,False,False,False,False,validation_trade_event_count_18_below_30;locked_oos_trade_event_count_13_below_20;train_validation_return_ratio_0.3779_below_0.50;train_return_per_turnover_proxy_bps_4.020_not_above_10.000;locked_oos_return_per_turnover_proxy_bps_8.963_not_above_10.000;primary_10bps_promotion_gate_failed,train_calmar_not_above_locked_oos;train_calmar_not_above_validation;train_sharpe_not_above_locked_oos;train_sharpe_not_above_validation;train_smart_sortino_not_above_locked_oos;train_smart_sortino_not_above_validation;train_sortino_not_above_locked_oos;train_sortino_not_above_validation;train_total_return_not_above_validation,"{""abs_factor_score_min"": 1.5, ""dominant_factor_family"": ""crypto_residual_reversal""}"
52,thin_sample_shadow,108,shadow_only_thin_sample,not_promoted_shadow_or_reject,fresh_tv10_filter_side_long_family_volume_vwap_pressure_alpha_zoo_slow_residual_pair_6p0x_0p15alloc,alpha_zoo_slow_residual_pair,individual_seed_trade_filter,fresh_train_validation_10bps_trade_filter,side_long_family_volume_vwap_pressure,6.0,0.15,0.8999999999999999,9000.0,9000.0,True,0.07115704701959058,0.029622447669123475,0.739364015476774,0.09721878168367865,0.09442177752025915,2.402132592633798,30,26.999999999999996,26.354461859107627,True,0.05088881412179247,0.002987441681582055,2.782015556179117,1.0361007086496776,1.0330146376634375,74.79705049096921,7,6.299999999999999,80.77589543141663,True,1.3982846377455376,-0.03905656898441001,0.03907811278472817,-6.4926149590292885,-0.5895566726500076,-0.5673843625384393,-6.877271802593484,11,9.899999999999999,-39.45107978223234,False,0.0,0.0,2.0,5.0,10.0,False,True,False,False,False,False,False,False,train_trade_event_count_30_below_80;validation_trade_event_count_7_below_30;locked_oos_trade_event_count_11_below_20;locked_oos_return_not_positive;locked_oos_return_per_turnover_proxy_bps_-39.451_not_above_10.000;primary_10bps_promotion_gate_failed,locked_oos_calmar_non_positive;locked_oos_return_non_positive;locked_oos_sharpe_non_positive;locked_oos_smart_sortino_non_positive;locked_oos_sortino_non_positive;train_calmar_not_above_validation;train_sharpe_not_above_validation;train_smart_sortino_not_above_validation;train_sortino_not_above_validation,"{""dominant_factor_family"": ""volume_vwap_pressure"", ""side"": ""LONG""}"
53,thin_sample_shadow,109,shadow_only_thin_sample,not_promoted_shadow_or_reject,fresh_tv10_filter_side_long_abs_score_ge_2p5_alpha_zoo_slow_residual_pair_6p0x_0p125alloc,alpha_zoo_slow_residual_pair,individual_seed_trade_filter,fresh_train_validation_10bps_trade_filter,side_long_abs_score_ge_2.5,6.0,0.125,0.75,7500.0,7500.0,True,0.11748214196159079,0.04109036081962146,1.075568972003268,0.10744485463589654,0.10320415852405761,2.85911682492432,16,12.0,97.90178496799233,True,0.005374228751777954,4.734160908770324e-05,1.9980234954019505,4.928300393398855,4.928067090773086,465.0520729192731,2,1.5,35.828191678519694,True,21.86027937919915,-0.007786802071915622,0.009962188886603496,-2.1330433307106538,-0.06542729626854582,-0.06478192648050893,-5.979458234647716,2,1.5,-51.912013812770816,False,0.0,0.0,2.0,5.0,10.0,False,True,False,False,False,False,False,False,train_trade_event_count_16_below_80;validation_trade_event_count_2_below_30;locked_oos_trade_event_count_2_below_20;validation_return_0.0054_below_0.02;locked_oos_return_not_positive;locked_oos_return_per_turnover_proxy_bps_-51.912_not_above_10.000;primary_10bps_promotion_gate_failed,locked_oos_calmar_non_positive;locked_oos_return_non_positive;locked_oos_sharpe_non_positive;locked_oos_smart_sortino_non_positive;locked_oos_sortino_non_positive;train_calmar_not_above_validation;train_sharpe_not_above_validation;train_smart_sortino_not_above_validation;train_sortino_not_above_validation,"{""abs_factor_score_min"": 2.5, ""side"": ""LONG""}"
54,thin_sample_shadow,110,shadow_only_thin_sample,not_promoted_shadow_or_reject,fresh_tv10_filter_side_long_abs_score_ge_2p5_alpha_zoo_slow_residual_pair_5p0x_0p15alloc,alpha_zoo_slow_residual_pair,individual_seed_trade_filter,fresh_train_validation_10bps_trade_filter,side_long_abs_score_ge_2.5,5.0,0.15,0.75,7500.0,7500.0,True,0.11748214196159079,0.04109036081962146,1.075568972003268,0.10744485463589654,0.10320415852405761,2.85911682492432,16,12.0,97.90178496799233,True,0.005374228751777954,4.734160908770324e-05,1.9980234954019505,4.928300393398855,4.928067090773086,465.0520729192731,2,1.5,35.828191678519694,True,21.86027937919915,-0.007786802071915622,0.009962188886603496,-2.1330433307106538,-0.06542729626854582,-0.06478192648050893,-5.979458234647716,2,1.5,-51.912013812770816,False,0.0,0.0,2.0,5.0,10.0,False,True,False,False,False,False,False,False,train_trade_event_count_16_below_80;validation_trade_event_count_2_below_30;locked_oos_trade_event_count_2_below_20;validation_return_0.0054_below_0.02;locked_oos_return_not_positive;locked_oos_return_per_turnover_proxy_bps_-51.912_not_above_10.000;primary_10bps_promotion_gate_failed,locked_oos_calmar_non_positive;locked_oos_return_non_positive;locked_oos_sharpe_non_positive;locked_oos_smart_sortino_non_positive;locked_oos_sortino_non_positive;train_calmar_not_above_validation;train_sharpe_not_above_validation;train_smart_sortino_not_above_validation;train_sortino_not_above_validation,"{""abs_factor_score_min"": 2.5, ""side"": ""LONG""}"
55,long_only_crypto_residual_reversal_shadow,113,shadow_only_thin_sample,not_promoted_shadow_or_reject,fresh_tv10_filter_family_crypto_residual_reversal_abs_score_ge_1p5_alpha_zoo_high_confidence_long_only_11p0x_0p125alloc,alpha_zoo_high_confidence_long_only,individual_seed_trade_filter,fresh_train_validation_10bps_trade_filter,family_crypto_residual_reversal_abs_score_ge_1.5,11.0,0.125,1.375,13750.0,13750.0,True,0.046160543002472076,0.1337127430391588,0.33733776034782076,0.045992549887169894,0.04056808055617075,0.34522171898719933,83,114.125,4.044735421903359,False,0.12135276180779786,0.026824323436351227,2.651172067242853,0.4538414571918401,0.4419854953114304,22.09189635400602,18,24.75,49.031418912241556,True,0.38038312696650883,0.016024122768162563,0.015596782445263696,1.814590089226275,0.3218408542613114,0.31689826102679414,8.529328895986819,13,17.875,8.964544205965069,False,0.0,0.0,2.0,5.0,10.0,False,True,False,False,False,False,False,False,validation_trade_event_count_18_below_30;locked_oos_trade_event_count_13_below_20;train_validation_return_ratio_0.3804_below_0.50;train_return_per_turnover_proxy_bps_4.045_not_above_10.000;locked_oos_return_per_turnover_proxy_bps_8.965_not_above_10.000;primary_10bps_promotion_gate_failed,train_calmar_not_above_locked_oos;train_calmar_not_above_validation;train_sharpe_not_above_locked_oos;train_sharpe_not_above_validation;train_smart_sortino_not_above_locked_oos;train_smart_sortino_not_above_validation;train_sortino_not_above_locked_oos;train_sortino_not_above_validation;train_total_return_not_above_validation,"{""abs_factor_score_min"": 1.5, ""dominant_factor_family"": ""crypto_residual_reversal""}"
56,thin_sample_shadow,114,shadow_only_thin_sample,not_promoted_shadow_or_reject,fresh_tv10_filter_side_long_family_volume_vwap_pressure_alpha_zoo_slow_residual_pair_7p0x_0p125alloc,alpha_zoo_slow_residual_pair,individual_seed_trade_filter,fresh_train_validation_10bps_trade_filter,side_long_family_volume_vwap_pressure,7.0,0.125,0.875,8750.0,8750.0,True,0.06924562918173138,0.028806166632853625,0.7393640154767754,0.09721878168367888,0.09449669416529946,2.403847414489239,30,26.25,26.37928730732624,True,0.04945896493050084,0.002904464130346505,2.782015556179123,1.0361007086496812,1.0331001064474474,74.61009404225707,7,6.125,80.74933049877689,True,1.4000622390507875,-0.03798867174090448,0.03800964039198118,-6.4926149590292574,-0.5895566726500053,-0.5679683980847927,-6.901984148829606,11,9.625,-39.46874986067998,False,0.0,0.0,2.0,5.0,10.0,False,True,False,False,False,False,False,False,train_trade_event_count_30_below_80;validation_trade_event_count_7_below_30;locked_oos_trade_event_count_11_below_20;locked_oos_return_not_positive;locked_oos_return_per_turnover_proxy_bps_-39.469_not_above_10.000;primary_10bps_promotion_gate_failed,locked_oos_calmar_non_positive;locked_oos_return_non_positive;locked_oos_sharpe_non_positive;locked_oos_smart_sortino_non_positive;locked_oos_sortino_non_positive;train_calmar_not_above_validation;train_sharpe_not_above_validation;train_smart_sortino_not_above_validation;train_sortino_not_above_validation,"{""dominant_factor_family"": ""volume_vwap_pressure"", ""side"": ""LONG""}"
57,thin_sample_shadow,115,shadow_only_thin_sample,not_promoted_shadow_or_reject,fresh_tv10_filter_side_long_family_volume_vwap_pressure_alpha_zoo_slow_residual_pair_5p0x_0p175alloc,alpha_zoo_slow_residual_pair,individual_seed_trade_filter,fresh_train_validation_10bps_trade_filter,side_long_family_volume_vwap_pressure,5.0,0.175,0.875,8750.0,8750.0,True,0.06924562918173138,0.028806166632853625,0.7393640154767754,0.09721878168367888,0.09449669416529946,2.403847414489239,30,26.25,26.37928730732624,True,0.04945896493050084,0.002904464130346505,2.782015556179123,1.0361007086496812,1.0331001064474474,74.61009404225707,7,6.125,80.74933049877689,True,1.4000622390507875,-0.03798867174090448,0.03800964039198118,-6.4926149590292574,-0.5895566726500053,-0.5679683980847927,-6.901984148829606,11,9.625,-39.46874986067998,False,0.0,0.0,2.0,5.0,10.0,False,True,False,False,False,False,False,False,train_trade_event_count_30_below_80;validation_trade_event_count_7_below_30;locked_oos_trade_event_count_11_below_20;locked_oos_return_not_positive;locked_oos_return_per_turnover_proxy_bps_-39.469_not_above_10.000;primary_10bps_promotion_gate_failed,locked_oos_calmar_non_positive;locked_oos_return_non_positive;locked_oos_sharpe_non_positive;locked_oos_smart_sortino_non_positive;locked_oos_sortino_non_positive;train_calmar_not_above_validation;train_sharpe_not_above_validation;train_smart_sortino_not_above_validation;train_sortino_not_above_validation,"{""dominant_factor_family"": ""volume_vwap_pressure"", ""side"": ""LONG""}"
58,thin_sample_shadow,118,shadow_only_thin_sample,not_promoted_shadow_or_reject,fresh_tv10_filter_side_long_abs_score_ge_2p5_alpha_zoo_slow_residual_pair_7p0x_0p1alloc,alpha_zoo_slow_residual_pair,individual_seed_trade_filter,fresh_train_validation_10bps_trade_filter,side_long_abs_score_ge_2.5,7.0,0.1,0.7000000000000001,7000.000000000001,7000.000000000001,True,0.10962046289405913,0.03838976071511847,1.0755689720032637,0.10744485463589615,0.10347256752792035,2.855460957611255,16,11.200000000000001,97.87541329826708,True,0.005015962806069307,4.418550181517489e-05,1.998023495401956,4.928300393400535,4.928082643595942,464.798658150911,2,1.4000000000000001,35.82830575763791,True,21.85432132020966,-0.007266319909036256,0.009298042960829922,-2.1330433307106835,-0.0654272962685466,-0.06482455477334735,-5.988975536572349,2,1.4000000000000001,-51.902285064544685,False,0.0,0.0,2.0,5.0,10.0,False,True,False,False,False,False,False,False,train_trade_event_count_16_below_80;validation_trade_event_count_2_below_30;locked_oos_trade_event_count_2_below_20;validation_return_0.0050_below_0.02;locked_oos_return_not_positive;locked_oos_return_per_turnover_proxy_bps_-51.902_not_above_10.000;primary_10bps_promotion_gate_failed,locked_oos_calmar_non_positive;locked_oos_return_non_positive;locked_oos_sharpe_non_positive;locked_oos_smart_sortino_non_positive;locked_oos_sortino_non_positive;train_calmar_not_above_validation;train_sharpe_not_above_validation;train_smart_sortino_not_above_validation;train_sortino_not_above_validation,"{""abs_factor_score_min"": 2.5, ""side"": ""LONG""}"
59,thin_sample_shadow,119,shadow_only_thin_sample,not_promoted_shadow_or_reject,fresh_tv10_filter_side_long_abs_score_ge_2p5_alpha_zoo_slow_residual_pair_4p0x_0p175alloc,alpha_zoo_slow_residual_pair,individual_seed_trade_filter,fresh_train_validation_10bps_trade_filter,side_long_abs_score_ge_2.5,4.0,0.175,0.7,7000.0,7000.0,True,0.10962046289405913,0.03838976071511847,1.0755689720032637,0.10744485463589615,0.10347256752792035,2.855460957611255,16,11.2,97.87541329826709,True,0.005015962806069307,4.418550181517489e-05,1.998023495401956,4.928300393400535,4.928082643595942,464.798658150911,2,1.4,35.828305757637914,True,21.85432132020966,-0.007266319909036256,0.009298042960829922,-2.1330433307106835,-0.0654272962685466,-0.06482455477334735,-5.988975536572349,2,1.4,-51.90228506454469,False,0.0,0.0,2.0,5.0,10.0,False,True,False,False,False,False,False,False,train_trade_event_count_16_below_80;validation_trade_event_count_2_below_30;locked_oos_trade_event_count_2_below_20;validation_return_0.0050_below_0.02;locked_oos_return_not_positive;locked_oos_return_per_turnover_proxy_bps_-51.902_not_above_10.000;primary_10bps_promotion_gate_failed,locked_oos_calmar_non_positive;locked_oos_return_non_positive;locked_oos_sharpe_non_positive;locked_oos_smart_sortino_non_positive;locked_oos_sortino_non_positive;train_calmar_not_above_validation;train_sharpe_not_above_validation;train_smart_sortino_not_above_validation;train_sortino_not_above_validation,"{""abs_factor_score_min"": 2.5, ""side"": ""LONG""}"
60,thin_sample_shadow,124,shadow_only_thin_sample,not_promoted_shadow_or_reject,fresh_tv10_filter_side_long_abs_score_ge_2p5_alpha_zoo_slow_residual_pair_5p0x_0p125alloc,alpha_zoo_slow_residual_pair,individual_seed_trade_filter,fresh_train_validation_10bps_trade_filter,side_long_abs_score_ge_2.5,5.0,0.125,0.625,6250.0,6250.0,True,0.09783260597734711,0.03432853562358676,1.0755689720032633,0.10744485463589593,0.10387884597142866,2.8498916193246355,16,10.0,97.83260597734711,True,0.0044785596095393565,3.945134090643787e-05,1.9980234954019414,4.928300393396442,4.928105973007677,464.41876466616367,2,1.25,35.82847687631485,True,21.84465866413012,-0.006485961492775361,0.008301824072169506,-2.1330433307106906,-0.06542729626854676,-0.06488860250625093,-6.003277179175184,2,1.25,-51.88769194220289,False,0.0,0.0,2.0,5.0,10.0,False,True,False,False,False,False,False,False,train_trade_event_count_16_below_80;validation_trade_event_count_2_below_30;locked_oos_trade_event_count_2_below_20;validation_return_0.0045_below_0.02;locked_oos_return_not_positive;locked_oos_return_per_turnover_proxy_bps_-51.888_not_above_10.000;primary_10bps_promotion_gate_failed,locked_oos_calmar_non_positive;locked_oos_return_non_positive;locked_oos_sharpe_non_positive;locked_oos_smart_sortino_non_positive;locked_oos_sortino_non_positive;train_calmar_not_above_validation;train_sharpe_not_above_validation;train_smart_sortino_not_above_validation;train_sortino_not_above_validation,"{""abs_factor_score_min"": 2.5, ""side"": ""LONG""}"
