fallback_rank,status,decision,model_id,candidate_name,train_return,validation_return,locked_oos_return,train_trade_event_count,validation_trade_event_count,locked_oos_trade_event_count,validation_mdd,train_validation_return_ratio,primary_10bps_promotion_gate_pass,execution_efficiency_proxy_gate_pass,train_return_per_turnover_proxy_bps,validation_return_per_turnover_proxy_bps,locked_oos_return_per_turnover_proxy_bps,return_per_turnover_proxy_threshold_bps,ready_for_paper,ready_for_real,real_money_execution,rejection_reasons
1,backtest_fallback_reject,no_promotion,fresh_tv10_filter_abs_score_ge_3_alpha_zoo_conservative_exit_carry_forward_old_split_selected_6p0x_0p175alloc,alpha_zoo_conservative_exit_carry_forward_old_split_selected,0.4548121710643429,0.07572443448626331,-0.0022533146249008595,42,8,1,0.017492844285999048,6.0061481363303875,False,False,103.13201157921608,90.14813629317064,-21.460139284770094,10.0,False,False,False,train_trade_event_count_42_below_80;validation_trade_event_count_8_below_30;locked_oos_trade_event_count_1_below_20;locked_oos_return_not_positive;locked_oos_return_per_turnover_proxy_bps_-21.460_not_above_10.000;primary_10bps_promotion_gate_failed
2,backtest_fallback_reject,no_promotion,fresh_tv10_filter_abs_score_ge_3_alpha_zoo_conservative_exit_6p0x_0p175alloc,alpha_zoo_conservative_exit,0.4548121710643429,0.07572443448626331,-0.0022533146249008595,42,8,1,0.017492844285999048,6.0061481363303875,False,False,103.13201157921608,90.14813629317064,-21.460139284770094,10.0,False,False,False,train_trade_event_count_42_below_80;validation_trade_event_count_8_below_30;locked_oos_trade_event_count_1_below_20;locked_oos_return_not_positive;locked_oos_return_per_turnover_proxy_bps_-21.460_not_above_10.000;primary_10bps_promotion_gate_failed
3,backtest_fallback_reject,no_promotion,fresh_tv10_filter_abs_score_ge_1p5_alpha_zoo_conservative_exit_carry_forward_old_split_selected_6p0x_0p175alloc,alpha_zoo_conservative_exit_carry_forward_old_split_selected,0.045832420459388734,0.27384367402254894,-0.042506741781909496,476,103,56,0.08415325084034228,0.16736709592792998,False,False,0.9170152152738844,25.32072806496061,-7.22903771801182,10.0,False,False,False,train_validation_return_ratio_0.1674_below_0.50;train_return_per_turnover_proxy_bps_0.917_not_above_10.000;locked_oos_return_not_positive;locked_oos_return_per_turnover_proxy_bps_-7.229_not_above_10.000;primary_10bps_promotion_gate_failed
4,backtest_fallback_reject,no_promotion,fresh_tv10_filter_abs_score_ge_1p5_alpha_zoo_conservative_exit_6p0x_0p175alloc,alpha_zoo_conservative_exit,0.045832420459388734,0.27384367402254894,-0.042506741781909496,476,103,56,0.08415325084034228,0.16736709592792998,False,False,0.9170152152738844,25.32072806496061,-7.22903771801182,10.0,False,False,False,train_validation_return_ratio_0.1674_below_0.50;train_return_per_turnover_proxy_bps_0.917_not_above_10.000;locked_oos_return_not_positive;locked_oos_return_per_turnover_proxy_bps_-7.229_not_above_10.000;primary_10bps_promotion_gate_failed
5,backtest_fallback_reject,no_promotion,fresh_tv10_filter_abs_score_ge_3_alpha_zoo_conservative_exit_carry_forward_old_split_selected_5p0x_0p2alloc,alpha_zoo_conservative_exit_carry_forward_old_split_selected,0.43015622229658024,0.072127109959772,-0.0021460139284770197,42,8,1,0.016660456212946755,5.9638632760482775,False,False,102.41814816585243,90.15888744971501,-21.460139284770197,10.0,False,False,False,train_trade_event_count_42_below_80;validation_trade_event_count_8_below_30;locked_oos_trade_event_count_1_below_20;locked_oos_return_not_positive;locked_oos_return_per_turnover_proxy_bps_-21.460_not_above_10.000;primary_10bps_promotion_gate_failed
6,backtest_fallback_reject,no_promotion,fresh_tv10_filter_abs_score_ge_3_alpha_zoo_conservative_exit_5p0x_0p2alloc,alpha_zoo_conservative_exit,0.43015622229658024,0.072127109959772,-0.0021460139284770197,42,8,1,0.016660456212946755,5.9638632760482775,False,False,102.41814816585243,90.15888744971501,-21.460139284770197,10.0,False,False,False,train_trade_event_count_42_below_80;validation_trade_event_count_8_below_30;locked_oos_trade_event_count_1_below_20;locked_oos_return_not_positive;locked_oos_return_per_turnover_proxy_bps_-21.460_not_above_10.000;primary_10bps_promotion_gate_failed
7,backtest_fallback_reject,no_promotion,fresh_tv10_filter_abs_score_ge_1p5_alpha_zoo_conservative_exit_carry_forward_old_split_selected_5p0x_0p2alloc,alpha_zoo_conservative_exit_carry_forward_old_split_selected,0.04794962553312421,0.26008506379638363,-0.040374265543010046,476,103,56,0.08026663912978053,0.18436131945917197,False,False,1.0073450742252985,25.25097706761006,-7.2096902755375085,10.0,False,False,False,train_validation_return_ratio_0.1844_below_0.50;train_return_per_turnover_proxy_bps_1.007_not_above_10.000;locked_oos_return_not_positive;locked_oos_return_per_turnover_proxy_bps_-7.210_not_above_10.000;primary_10bps_promotion_gate_failed
8,backtest_fallback_reject,no_promotion,fresh_tv10_filter_abs_score_ge_1p5_alpha_zoo_conservative_exit_5p0x_0p2alloc,alpha_zoo_conservative_exit,0.04794962553312421,0.26008506379638363,-0.040374265543010046,476,103,56,0.08026663912978053,0.18436131945917197,False,False,1.0073450742252985,25.25097706761006,-7.2096902755375085,10.0,False,False,False,train_validation_return_ratio_0.1844_below_0.50;train_return_per_turnover_proxy_bps_1.007_not_above_10.000;locked_oos_return_not_positive;locked_oos_return_per_turnover_proxy_bps_-7.210_not_above_10.000;primary_10bps_promotion_gate_failed
9,backtest_fallback_reject,no_promotion,fresh_tv10_filter_abs_score_ge_3_alpha_zoo_conservative_exit_carry_forward_old_split_selected_6p0x_0p15alloc,alpha_zoo_conservative_exit_carry_forward_old_split_selected,0.3817863892665132,0.06492944700092895,-0.00193141253562934,42,8,1,0.01499548679681926,5.880019111529641,False,False,101.00169028214636,90.17978750129022,-21.460139284770445,10.0,False,False,False,train_trade_event_count_42_below_80;validation_trade_event_count_8_below_30;locked_oos_trade_event_count_1_below_20;locked_oos_return_not_positive;locked_oos_return_per_turnover_proxy_bps_-21.460_not_above_10.000;primary_10bps_promotion_gate_failed
10,backtest_fallback_reject,no_promotion,fresh_tv10_filter_abs_score_ge_3_alpha_zoo_conservative_exit_6p0x_0p15alloc,alpha_zoo_conservative_exit,0.3817863892665132,0.06492944700092895,-0.00193141253562934,42,8,1,0.01499548679681926,5.880019111529641,False,False,101.00169028214636,90.17978750129022,-21.460139284770445,10.0,False,False,False,train_trade_event_count_42_below_80;validation_trade_event_count_8_below_30;locked_oos_trade_event_count_1_below_20;locked_oos_return_not_positive;locked_oos_return_per_turnover_proxy_bps_-21.460_not_above_10.000;primary_10bps_promotion_gate_failed
11,backtest_fallback_reject,no_promotion,fresh_tv10_filter_abs_score_ge_3_alpha_zoo_conservative_exit_carry_forward_old_split_selected_5p0x_0p175alloc,alpha_zoo_conservative_exit_carry_forward_old_split_selected,0.36988848677499386,0.06312942079041761,-0.00187776218741742,42,8,1,0.014579204658876799,5.859209258437218,False,False,100.64992837414799,90.18488684345373,-21.460139284770516,10.0,False,False,False,train_trade_event_count_42_below_80;validation_trade_event_count_8_below_30;locked_oos_trade_event_count_1_below_20;locked_oos_return_not_positive;locked_oos_return_per_turnover_proxy_bps_-21.460_not_above_10.000;primary_10bps_promotion_gate_failed
12,backtest_fallback_reject,no_promotion,fresh_tv10_filter_abs_score_ge_3_alpha_zoo_conservative_exit_5p0x_0p175alloc,alpha_zoo_conservative_exit,0.36988848677499386,0.06312942079041761,-0.00187776218741742,42,8,1,0.014579204658876799,5.859209258437218,False,False,100.64992837414799,90.18488684345373,-21.460139284770516,10.0,False,False,False,train_trade_event_count_42_below_80;validation_trade_event_count_8_below_30;locked_oos_trade_event_count_1_below_20;locked_oos_return_not_positive;locked_oos_return_per_turnover_proxy_bps_-21.460_not_above_10.000;primary_10bps_promotion_gate_failed
13,backtest_fallback_reject,no_promotion,fresh_tv10_filter_abs_score_ge_1p5_alpha_zoo_conservative_exit_carry_forward_old_split_selected_6p0x_0p15alloc,alpha_zoo_conservative_exit_carry_forward_old_split_selected,0.05089701163082627,0.23276927378878653,-0.03613930184180558,476,103,56,0.0724575963251314,0.21865863480336292,False,False,1.1880721669193808,25.109954022522825,-7.170496397183649,10.0,False,False,False,train_validation_return_ratio_0.2187_below_0.50;train_return_per_turnover_proxy_bps_1.188_not_above_10.000;locked_oos_return_not_positive;locked_oos_return_per_turnover_proxy_bps_-7.170_not_above_10.000;primary_10bps_promotion_gate_failed
14,backtest_fallback_reject,no_promotion,fresh_tv10_filter_abs_score_ge_1p5_alpha_zoo_conservative_exit_6p0x_0p15alloc,alpha_zoo_conservative_exit,0.05089701163082627,0.23276927378878653,-0.03613930184180558,476,103,56,0.0724575963251314,0.21865863480336292,False,False,1.1880721669193808,25.109954022522825,-7.170496397183649,10.0,False,False,False,train_validation_return_ratio_0.2187_below_0.50;train_return_per_turnover_proxy_bps_1.188_not_above_10.000;locked_oos_return_not_positive;locked_oos_return_per_turnover_proxy_bps_-7.170_not_above_10.000;primary_10bps_promotion_gate_failed
15,backtest_fallback_reject,no_promotion,fresh_tv10_filter_abs_score_ge_3_alpha_zoo_conservative_exit_carry_forward_old_split_selected_7p0x_0p15alloc,alpha_zoo_conservative_exit_carry_forward_old_split_selected,0.2469799968908064,0.07572443448626331,-0.0022533146249008595,42,8,1,0.017492844285999048,3.261562777806013,False,False,56.00453444235972,90.14813629317061,-21.46013928477009,10.0,False,False,False,train_trade_event_count_42_below_80;validation_trade_event_count_8_below_30;locked_oos_trade_event_count_1_below_20;locked_oos_return_not_positive;locked_oos_return_per_turnover_proxy_bps_-21.460_not_above_10.000;primary_10bps_promotion_gate_failed
16,backtest_fallback_reject,no_promotion,fresh_tv10_filter_abs_score_ge_3_alpha_zoo_conservative_exit_7p0x_0p15alloc,alpha_zoo_conservative_exit,0.2469799968908064,0.07572443448626331,-0.0022533146249008595,42,8,1,0.017492844285999048,3.261562777806013,False,False,56.00453444235972,90.14813629317061,-21.46013928477009,10.0,False,False,False,train_trade_event_count_42_below_80;validation_trade_event_count_8_below_30;locked_oos_trade_event_count_1_below_20;locked_oos_return_not_positive;locked_oos_return_per_turnover_proxy_bps_-21.460_not_above_10.000;primary_10bps_promotion_gate_failed
17,backtest_fallback_reject,no_promotion,fresh_tv10_filter_abs_score_ge_3_alpha_zoo_conservative_exit_carry_forward_old_split_selected_4p0x_0p2alloc,alpha_zoo_conservative_exit_carry_forward_old_split_selected,0.3346570119376624,0.05772792493636425,-0.0017168111427816601,42,8,1,0.013330264083699106,5.797142584053868,False,False,99.60030117192333,90.19988271306914,-21.46013928477075,10.0,False,False,False,train_trade_event_count_42_below_80;validation_trade_event_count_8_below_30;locked_oos_trade_event_count_1_below_20;locked_oos_return_not_positive;locked_oos_return_per_turnover_proxy_bps_-21.460_not_above_10.000;primary_10bps_promotion_gate_failed
18,backtest_fallback_reject,no_promotion,fresh_tv10_filter_abs_score_ge_3_alpha_zoo_conservative_exit_4p0x_0p2alloc,alpha_zoo_conservative_exit,0.3346570119376624,0.05772792493636425,-0.0017168111427816601,42,8,1,0.013330264083699106,5.797142584053868,False,False,99.60030117192333,90.19988271306914,-21.46013928477075,10.0,False,False,False,train_trade_event_count_42_below_80;validation_trade_event_count_8_below_30;locked_oos_trade_event_count_1_below_20;locked_oos_return_not_positive;locked_oos_return_per_turnover_proxy_bps_-21.460_not_above_10.000;primary_10bps_promotion_gate_failed
19,backtest_fallback_reject,no_promotion,fresh_tv10_filter_abs_score_ge_1p5_alpha_zoo_conservative_exit_carry_forward_old_split_selected_5p0x_0p175alloc,alpha_zoo_conservative_exit_carry_forward_old_split_selected,0.051363965593672845,0.22598292080363946,-0.03508690835760464,476,103,56,0.07049785759646476,0.22729136082944915,False,False,1.2332284656344021,25.074387883898968,-7.160593542368295,10.0,False,False,False,train_validation_return_ratio_0.2273_below_0.50;train_return_per_turnover_proxy_bps_1.233_not_above_10.000;locked_oos_return_not_positive;locked_oos_return_per_turnover_proxy_bps_-7.161_not_above_10.000;primary_10bps_promotion_gate_failed
20,backtest_fallback_reject,no_promotion,fresh_tv10_filter_abs_score_ge_1p5_alpha_zoo_conservative_exit_5p0x_0p175alloc,alpha_zoo_conservative_exit,0.051363965593672845,0.22598292080363946,-0.03508690835760464,476,103,56,0.07049785759646476,0.22729136082944915,False,False,1.2332284656344021,25.074387883898968,-7.160593542368295,10.0,False,False,False,train_validation_return_ratio_0.2273_below_0.50;train_return_per_turnover_proxy_bps_1.233_not_above_10.000;locked_oos_return_not_positive;locked_oos_return_per_turnover_proxy_bps_-7.161_not_above_10.000;primary_10bps_promotion_gate_failed
21,backtest_fallback_reject,no_promotion,fresh_tv10_filter_abs_score_ge_3_alpha_zoo_conservative_exit_carry_forward_old_split_selected_6p0x_0p125alloc,alpha_zoo_conservative_exit_carry_forward_old_split_selected,0.311551607633334,0.05412577669219609,-0.0016095104463577092,42,8,1,0.012497559391810666,5.756067195212255,False,False,98.90527226455048,90.20962782032683,-21.460139284769458,10.0,False,False,False,train_trade_event_count_42_below_80;validation_trade_event_count_8_below_30;locked_oos_trade_event_count_1_below_20;locked_oos_return_not_positive;locked_oos_return_per_turnover_proxy_bps_-21.460_not_above_10.000;primary_10bps_promotion_gate_failed
22,backtest_fallback_reject,no_promotion,fresh_tv10_filter_abs_score_ge_3_alpha_zoo_conservative_exit_carry_forward_old_split_selected_5p0x_0p15alloc,alpha_zoo_conservative_exit_carry_forward_old_split_selected,0.311551607633334,0.05412577669219609,-0.0016095104463577092,42,8,1,0.012497559391810666,5.756067195212255,False,False,98.90527226455048,90.20962782032683,-21.460139284769458,10.0,False,False,False,train_trade_event_count_42_below_80;validation_trade_event_count_8_below_30;locked_oos_trade_event_count_1_below_20;locked_oos_return_not_positive;locked_oos_return_per_turnover_proxy_bps_-21.460_not_above_10.000;primary_10bps_promotion_gate_failed
23,backtest_fallback_reject,no_promotion,fresh_tv10_filter_abs_score_ge_3_alpha_zoo_conservative_exit_6p0x_0p125alloc,alpha_zoo_conservative_exit,0.311551607633334,0.05412577669219609,-0.0016095104463577092,42,8,1,0.012497559391810666,5.756067195212255,False,False,98.90527226455048,90.20962782032683,-21.460139284769458,10.0,False,False,False,train_trade_event_count_42_below_80;validation_trade_event_count_8_below_30;locked_oos_trade_event_count_1_below_20;locked_oos_return_not_positive;locked_oos_return_per_turnover_proxy_bps_-21.460_not_above_10.000;primary_10bps_promotion_gate_failed
24,backtest_fallback_reject,no_promotion,fresh_tv10_filter_abs_score_ge_3_alpha_zoo_conservative_exit_5p0x_0p15alloc,alpha_zoo_conservative_exit,0.311551607633334,0.05412577669219609,-0.0016095104463577092,42,8,1,0.012497559391810666,5.756067195212255,False,False,98.90527226455048,90.20962782032683,-21.460139284769458,10.0,False,False,False,train_trade_event_count_42_below_80;validation_trade_event_count_8_below_30;locked_oos_trade_event_count_1_below_20;locked_oos_return_not_positive;locked_oos_return_per_turnover_proxy_bps_-21.460_not_above_10.000;primary_10bps_promotion_gate_failed
25,backtest_fallback_reject,no_promotion,fresh_tv10_filter_abs_score_ge_3_alpha_zoo_conservative_exit_carry_forward_old_split_selected_4p0x_0p175alloc,alpha_zoo_conservative_exit_carry_forward_old_split_selected,0.28874924116819334,0.050522735702561716,-0.0015022097499338694,42,8,1,0.011664793358210693,5.715233689405155,False,False,98.21402760822903,90.21917089743164,-21.460139284769564,10.0,False,False,False,train_trade_event_count_42_below_80;validation_trade_event_count_8_below_30;locked_oos_trade_event_count_1_below_20;locked_oos_return_not_positive;locked_oos_return_per_turnover_proxy_bps_-21.460_not_above_10.000;primary_10bps_promotion_gate_failed
26,backtest_fallback_reject,no_promotion,fresh_tv10_filter_abs_score_ge_3_alpha_zoo_conservative_exit_4p0x_0p175alloc,alpha_zoo_conservative_exit,0.28874924116819334,0.050522735702561716,-0.0015022097499338694,42,8,1,0.011664793358210693,5.715233689405155,False,False,98.21402760822903,90.21917089743164,-21.460139284769564,10.0,False,False,False,train_trade_event_count_42_below_80;validation_trade_event_count_8_below_30;locked_oos_trade_event_count_1_below_20;locked_oos_return_not_positive;locked_oos_return_per_turnover_proxy_bps_-21.460_not_above_10.000;primary_10bps_promotion_gate_failed
27,backtest_fallback_reject,no_promotion,fresh_tv10_filter_abs_score_ge_3_alpha_zoo_conservative_exit_carry_forward_old_split_selected_7p0x_0p125alloc,alpha_zoo_conservative_exit_carry_forward_old_split_selected,0.20703310923796447,0.06312942079041761,-0.00187776218741742,42,8,1,0.014579204658876799,3.279502752374214,False,False,56.33553992869782,90.18488684345373,-21.460139284770516,10.0,False,False,False,train_trade_event_count_42_below_80;validation_trade_event_count_8_below_30;locked_oos_trade_event_count_1_below_20;locked_oos_return_not_positive;locked_oos_return_per_turnover_proxy_bps_-21.460_not_above_10.000;primary_10bps_promotion_gate_failed
28,backtest_fallback_reject,no_promotion,fresh_tv10_filter_abs_score_ge_3_alpha_zoo_conservative_exit_7p0x_0p125alloc,alpha_zoo_conservative_exit,0.20703310923796447,0.06312942079041761,-0.00187776218741742,42,8,1,0.014579204658876799,3.279502752374214,False,False,56.33553992869782,90.18488684345373,-21.460139284770516,10.0,False,False,False,train_trade_event_count_42_below_80;validation_trade_event_count_8_below_30;locked_oos_trade_event_count_1_below_20;locked_oos_return_not_positive;locked_oos_return_per_turnover_proxy_bps_-21.460_not_above_10.000;primary_10bps_promotion_gate_failed
29,backtest_fallback_reject,no_promotion,fresh_tv10_filter_abs_score_ge_1p5_alpha_zoo_conservative_exit_carry_forward_old_split_selected_4p0x_0p2alloc,alpha_zoo_conservative_exit_carry_forward_old_split_selected,0.05211352255596591,0.20572777034030243,-0.031945237089857303,476,103,56,0.06460065120404869,0.2533130188003441,False,False,1.368527378045323,24.966962419939613,-7.130633278986004,10.0,False,False,False,train_validation_return_ratio_0.2533_below_0.50;train_return_per_turnover_proxy_bps_1.369_not_above_10.000;locked_oos_return_not_positive;locked_oos_return_per_turnover_proxy_bps_-7.131_not_above_10.000;primary_10bps_promotion_gate_failed
30,backtest_fallback_reject,no_promotion,fresh_tv10_filter_abs_score_ge_1p5_alpha_zoo_conservative_exit_4p0x_0p2alloc,alpha_zoo_conservative_exit,0.05211352255596591,0.20572777034030243,-0.031945237089857303,476,103,56,0.06460065120404869,0.2533130188003441,False,False,1.368527378045323,24.966962419939613,-7.130633278986004,10.0,False,False,False,train_validation_return_ratio_0.2533_below_0.50;train_return_per_turnover_proxy_bps_1.369_not_above_10.000;locked_oos_return_not_positive;locked_oos_return_per_turnover_proxy_bps_-7.131_not_above_10.000;primary_10bps_promotion_gate_failed
31,backtest_fallback_reject,no_promotion,fresh_tv10_filter_abs_score_ge_3_alpha_zoo_conservative_exit_carry_forward_old_split_selected_5p0x_0p125alloc,alpha_zoo_conservative_exit_carry_forward_old_split_selected,0.25510870003819774,0.04511655305454387,-0.0013412587052981095,42,8,1,0.010415530740801173,5.654436847819089,False,False,97.18426668121818,90.23310610908774,-21.460139284769753,10.0,False,False,False,train_trade_event_count_42_below_80;validation_trade_event_count_8_below_30;locked_oos_trade_event_count_1_below_20;locked_oos_return_not_positive;locked_oos_return_per_turnover_proxy_bps_-21.460_not_above_10.000;primary_10bps_promotion_gate_failed
32,backtest_fallback_reject,no_promotion,fresh_tv10_filter_abs_score_ge_3_alpha_zoo_conservative_exit_5p0x_0p125alloc,alpha_zoo_conservative_exit,0.25510870003819774,0.04511655305454387,-0.0013412587052981095,42,8,1,0.010415530740801173,5.654436847819089,False,False,97.18426668121818,90.23310610908774,-21.460139284769753,10.0,False,False,False,train_trade_event_count_42_below_80;validation_trade_event_count_8_below_30;locked_oos_trade_event_count_1_below_20;locked_oos_return_not_positive;locked_oos_return_per_turnover_proxy_bps_-21.460_not_above_10.000;primary_10bps_promotion_gate_failed
33,backtest_fallback_reject,no_promotion,fresh_tv10_filter_abs_score_ge_3_alpha_zoo_conservative_exit_carry_forward_old_split_selected_6p0x_0p1alloc,alpha_zoo_conservative_exit_carry_forward_old_split_selected,0.24404413374990508,0.04331407193699399,-0.0012876083570861896,42,8,1,0.00999907991524828,5.634292109615077,False,False,96.84291021821629,90.23764986873746,-21.460139284769824,10.0,False,False,False,train_trade_event_count_42_below_80;validation_trade_event_count_8_below_30;locked_oos_trade_event_count_1_below_20;locked_oos_return_not_positive;locked_oos_return_per_turnover_proxy_bps_-21.460_not_above_10.000;primary_10bps_promotion_gate_failed
34,backtest_fallback_reject,no_promotion,fresh_tv10_filter_abs_score_ge_3_alpha_zoo_conservative_exit_carry_forward_old_split_selected_4p0x_0p15alloc,alpha_zoo_conservative_exit_carry_forward_old_split_selected,0.24404413374990508,0.04331407193699399,-0.0012876083570861896,42,8,1,0.00999907991524828,5.634292109615077,False,False,96.8429102182163,90.23764986873749,-21.460139284769827,10.0,False,False,False,train_trade_event_count_42_below_80;validation_trade_event_count_8_below_30;locked_oos_trade_event_count_1_below_20;locked_oos_return_not_positive;locked_oos_return_per_turnover_proxy_bps_-21.460_not_above_10.000;primary_10bps_promotion_gate_failed
35,backtest_fallback_reject,no_promotion,fresh_tv10_filter_abs_score_ge_3_alpha_zoo_conservative_exit_carry_forward_old_split_selected_3p0x_0p2alloc,alpha_zoo_conservative_exit_carry_forward_old_split_selected,0.24404413374990508,0.04331407193699399,-0.0012876083570861896,42,8,1,0.00999907991524828,5.634292109615077,False,False,96.84291021821629,90.23764986873746,-21.460139284769824,10.0,False,False,False,train_trade_event_count_42_below_80;validation_trade_event_count_8_below_30;locked_oos_trade_event_count_1_below_20;locked_oos_return_not_positive;locked_oos_return_per_turnover_proxy_bps_-21.460_not_above_10.000;primary_10bps_promotion_gate_failed
36,backtest_fallback_reject,no_promotion,fresh_tv10_filter_abs_score_ge_3_alpha_zoo_conservative_exit_6p0x_0p1alloc,alpha_zoo_conservative_exit,0.24404413374990508,0.04331407193699399,-0.0012876083570861896,42,8,1,0.00999907991524828,5.634292109615077,False,False,96.84291021821629,90.23764986873746,-21.460139284769824,10.0,False,False,False,train_trade_event_count_42_below_80;validation_trade_event_count_8_below_30;locked_oos_trade_event_count_1_below_20;locked_oos_return_not_positive;locked_oos_return_per_turnover_proxy_bps_-21.460_not_above_10.000;primary_10bps_promotion_gate_failed
37,backtest_fallback_reject,no_promotion,fresh_tv10_filter_abs_score_ge_3_alpha_zoo_conservative_exit_4p0x_0p15alloc,alpha_zoo_conservative_exit,0.24404413374990508,0.04331407193699399,-0.0012876083570861896,42,8,1,0.00999907991524828,5.634292109615077,False,False,96.8429102182163,90.23764986873749,-21.460139284769827,10.0,False,False,False,train_trade_event_count_42_below_80;validation_trade_event_count_8_below_30;locked_oos_trade_event_count_1_below_20;locked_oos_return_not_positive;locked_oos_return_per_turnover_proxy_bps_-21.460_not_above_10.000;primary_10bps_promotion_gate_failed
38,backtest_fallback_reject,no_promotion,fresh_tv10_filter_abs_score_ge_3_alpha_zoo_conservative_exit_3p0x_0p2alloc,alpha_zoo_conservative_exit,0.24404413374990508,0.04331407193699399,-0.0012876083570861896,42,8,1,0.00999907991524828,5.634292109615077,False,False,96.84291021821629,90.23764986873746,-21.460139284769824,10.0,False,False,False,train_trade_event_count_42_below_80;validation_trade_event_count_8_below_30;locked_oos_trade_event_count_1_below_20;locked_oos_return_not_positive;locked_oos_return_per_turnover_proxy_bps_-21.460_not_above_10.000;primary_10bps_promotion_gate_failed
39,backtest_fallback_reject,no_promotion,fresh_tv10_filter_abs_score_ge_1p5_alpha_zoo_conservative_exit_carry_forward_old_split_selected_6p0x_0p125alloc,alpha_zoo_conservative_exit_carry_forward_old_split_selected,0.05206904998058137,0.19231194941198448,-0.029863887006076006,476,103,56,0.060654161600529596,0.2707530662540127,False,False,1.45851680617875,24.894750732942974,-7.110449287160954,10.0,False,False,False,train_validation_return_ratio_0.2708_below_0.50;train_return_per_turnover_proxy_bps_1.459_not_above_10.000;locked_oos_return_not_positive;locked_oos_return_per_turnover_proxy_bps_-7.110_not_above_10.000;primary_10bps_promotion_gate_failed
40,backtest_fallback_reject,no_promotion,fresh_tv10_filter_abs_score_ge_1p5_alpha_zoo_conservative_exit_carry_forward_old_split_selected_5p0x_0p15alloc,alpha_zoo_conservative_exit_carry_forward_old_split_selected,0.05206904998058137,0.19231194941198448,-0.029863887006076006,476,103,56,0.060654161600529596,0.2707530662540127,False,False,1.45851680617875,24.894750732942974,-7.110449287160954,10.0,False,False,False,train_validation_return_ratio_0.2708_below_0.50;train_return_per_turnover_proxy_bps_1.459_not_above_10.000;locked_oos_return_not_positive;locked_oos_return_per_turnover_proxy_bps_-7.110_not_above_10.000;primary_10bps_promotion_gate_failed
41,backtest_fallback_reject,no_promotion,fresh_tv10_filter_abs_score_ge_1p5_alpha_zoo_conservative_exit_6p0x_0p125alloc,alpha_zoo_conservative_exit,0.05206904998058137,0.19231194941198448,-0.029863887006076006,476,103,56,0.060654161600529596,0.2707530662540127,False,False,1.45851680617875,24.894750732942974,-7.110449287160954,10.0,False,False,False,train_validation_return_ratio_0.2708_below_0.50;train_return_per_turnover_proxy_bps_1.459_not_above_10.000;locked_oos_return_not_positive;locked_oos_return_per_turnover_proxy_bps_-7.110_not_above_10.000;primary_10bps_promotion_gate_failed
42,backtest_fallback_reject,no_promotion,fresh_tv10_filter_abs_score_ge_1p5_alpha_zoo_conservative_exit_5p0x_0p15alloc,alpha_zoo_conservative_exit,0.05206904998058137,0.19231194941198448,-0.029863887006076006,476,103,56,0.060654161600529596,0.2707530662540127,False,False,1.45851680617875,24.894750732942974,-7.110449287160954,10.0,False,False,False,train_validation_return_ratio_0.2708_below_0.50;train_return_per_turnover_proxy_bps_1.459_not_above_10.000;locked_oos_return_not_positive;locked_oos_return_per_turnover_proxy_bps_-7.110_not_above_10.000;primary_10bps_promotion_gate_failed
43,backtest_fallback_reject,no_promotion,fresh_tv10_filter_abs_score_ge_3_alpha_zoo_conservative_exit_carry_forward_old_split_selected_7p0x_0p1alloc,alpha_zoo_conservative_exit_carry_forward_old_split_selected,0.1663529027542454,0.050522735702561716,-0.0015022097499338694,42,8,1,0.011664793358210693,3.2926345028820485,False,False,56.58261998443721,90.21917089743162,-21.46013928476956,10.0,False,False,False,train_trade_event_count_42_below_80;validation_trade_event_count_8_below_30;locked_oos_trade_event_count_1_below_20;locked_oos_return_not_positive;locked_oos_return_per_turnover_proxy_bps_-21.460_not_above_10.000;primary_10bps_promotion_gate_failed
44,backtest_fallback_reject,no_promotion,fresh_tv10_filter_abs_score_ge_3_alpha_zoo_conservative_exit_7p0x_0p1alloc,alpha_zoo_conservative_exit,0.1663529027542454,0.050522735702561716,-0.0015022097499338694,42,8,1,0.011664793358210693,3.2926345028820485,False,False,56.58261998443721,90.21917089743162,-21.46013928476956,10.0,False,False,False,train_trade_event_count_42_below_80;validation_trade_event_count_8_below_30;locked_oos_trade_event_count_1_below_20;locked_oos_return_not_positive;locked_oos_return_per_turnover_proxy_bps_-21.460_not_above_10.000;primary_10bps_promotion_gate_failed
45,backtest_fallback_reject,no_promotion,fresh_tv10_filter_abs_score_ge_3_alpha_zoo_conservative_exit_carry_forward_old_split_selected_3p0x_0p175alloc,alpha_zoo_conservative_exit_carry_forward_old_split_selected,0.2112931094561492,0.03790541022974048,-0.0011266573124504298,42,8,1,0.008749638740687777,5.574220359983579,False,False,95.82453943589535,90.25097673747734,-21.460139284770094,10.0,False,False,False,train_trade_event_count_42_below_80;validation_trade_event_count_8_below_30;locked_oos_trade_event_count_1_below_20;locked_oos_return_not_positive;locked_oos_return_per_turnover_proxy_bps_-21.460_not_above_10.000;primary_10bps_promotion_gate_failed
46,backtest_fallback_reject,no_promotion,fresh_tv10_filter_abs_score_ge_3_alpha_zoo_conservative_exit_3p0x_0p175alloc,alpha_zoo_conservative_exit,0.2112931094561492,0.03790541022974048,-0.0011266573124504298,42,8,1,0.008749638740687777,5.574220359983579,False,False,95.82453943589535,90.25097673747734,-21.460139284770094,10.0,False,False,False,train_trade_event_count_42_below_80;validation_trade_event_count_8_below_30;locked_oos_trade_event_count_1_below_20;locked_oos_return_not_positive;locked_oos_return_per_turnover_proxy_bps_-21.460_not_above_10.000;primary_10bps_promotion_gate_failed
47,backtest_fallback_reject,no_promotion,fresh_tv10_filter_abs_score_ge_1p5_alpha_zoo_conservative_exit_carry_forward_old_split_selected_4p0x_0p175alloc,alpha_zoo_conservative_exit_carry_forward_old_split_selected,0.05158851245410512,0.17896715133639396,-0.02779317719932939,476,103,56,0.056695632010398435,0.2882568788120075,False,False,1.5482746834965522,24.822073694368097,-7.090096224318722,10.0,False,False,False,train_validation_return_ratio_0.2883_below_0.50;train_return_per_turnover_proxy_bps_1.548_not_above_10.000;locked_oos_return_not_positive;locked_oos_return_per_turnover_proxy_bps_-7.090_not_above_10.000;primary_10bps_promotion_gate_failed
48,backtest_fallback_reject,no_promotion,fresh_tv10_filter_abs_score_ge_1p5_alpha_zoo_conservative_exit_4p0x_0p175alloc,alpha_zoo_conservative_exit,0.05158851245410512,0.17896715133639396,-0.02779317719932939,476,103,56,0.056695632010398435,0.2882568788120075,False,False,1.5482746834965522,24.822073694368097,-7.090096224318722,10.0,False,False,False,train_validation_return_ratio_0.2883_below_0.50;train_return_per_turnover_proxy_bps_1.548_not_above_10.000;locked_oos_return_not_positive;locked_oos_return_per_turnover_proxy_bps_-7.090_not_above_10.000;primary_10bps_promotion_gate_failed
49,backtest_fallback_reject,no_promotion,fresh_tv10_filter_abs_score_ge_3_alpha_zoo_conservative_exit_carry_forward_old_split_selected_5p0x_0p1alloc,alpha_zoo_conservative_exit_carry_forward_old_split_selected,0.20052266550095488,0.03610212697733961,-0.0010730069642385098,42,8,1,0.008333129059979948,5.554317218672957,False,False,95.48698357188327,90.25531744334903,-21.460139284770197,10.0,False,False,False,train_trade_event_count_42_below_80;validation_trade_event_count_8_below_30;locked_oos_trade_event_count_1_below_20;locked_oos_return_not_positive;locked_oos_return_per_turnover_proxy_bps_-21.460_not_above_10.000;primary_10bps_promotion_gate_failed
50,backtest_fallback_reject,no_promotion,fresh_tv10_filter_abs_score_ge_3_alpha_zoo_conservative_exit_carry_forward_old_split_selected_4p0x_0p125alloc,alpha_zoo_conservative_exit_carry_forward_old_split_selected,0.20052266550095488,0.03610212697733961,-0.0010730069642385098,42,8,1,0.008333129059979948,5.554317218672957,False,False,95.48698357188327,90.25531744334903,-21.460139284770197,10.0,False,False,False,train_trade_event_count_42_below_80;validation_trade_event_count_8_below_30;locked_oos_trade_event_count_1_below_20;locked_oos_return_not_positive;locked_oos_return_per_turnover_proxy_bps_-21.460_not_above_10.000;primary_10bps_promotion_gate_failed
51,backtest_fallback_reject,no_promotion,fresh_tv10_filter_abs_score_ge_3_alpha_zoo_conservative_exit_5p0x_0p1alloc,alpha_zoo_conservative_exit,0.20052266550095488,0.03610212697733961,-0.0010730069642385098,42,8,1,0.008333129059979948,5.554317218672957,False,False,95.48698357188327,90.25531744334903,-21.460139284770197,10.0,False,False,False,train_trade_event_count_42_below_80;validation_trade_event_count_8_below_30;locked_oos_trade_event_count_1_below_20;locked_oos_return_not_positive;locked_oos_return_per_turnover_proxy_bps_-21.460_not_above_10.000;primary_10bps_promotion_gate_failed
52,backtest_fallback_reject,no_promotion,fresh_tv10_filter_abs_score_ge_3_alpha_zoo_conservative_exit_4p0x_0p125alloc,alpha_zoo_conservative_exit,0.20052266550095488,0.03610212697733961,-0.0010730069642385098,42,8,1,0.008333129059979948,5.554317218672957,False,False,95.48698357188327,90.25531744334903,-21.460139284770197,10.0,False,False,False,train_trade_event_count_42_below_80;validation_trade_event_count_8_below_30;locked_oos_trade_event_count_1_below_20;locked_oos_return_not_positive;locked_oos_return_per_turnover_proxy_bps_-21.460_not_above_10.000;primary_10bps_promotion_gate_failed
53,backtest_fallback_reject,no_promotion,fresh_tv10_filter_abs_score_ge_3_alpha_zoo_conservative_exit_carry_forward_old_split_selected_7p0x_0p075alloc,alpha_zoo_conservative_exit_carry_forward_old_split_selected,0.12513334793034403,0.03790541022974048,-0.0011266573124504298,42,8,1,0.008749638740687777,3.3012002026076153,False,False,56.74981765548482,90.25097673747732,-21.46013928477009,10.0,False,False,False,train_trade_event_count_42_below_80;validation_trade_event_count_8_below_30;locked_oos_trade_event_count_1_below_20;locked_oos_return_not_positive;locked_oos_return_per_turnover_proxy_bps_-21.460_not_above_10.000;primary_10bps_promotion_gate_failed
54,backtest_fallback_reject,no_promotion,fresh_tv10_filter_abs_score_ge_3_alpha_zoo_conservative_exit_7p0x_0p075alloc,alpha_zoo_conservative_exit,0.12513334793034403,0.03790541022974048,-0.0011266573124504298,42,8,1,0.008749638740687777,3.3012002026076153,False,False,56.74981765548482,90.25097673747732,-21.46013928477009,10.0,False,False,False,train_trade_event_count_42_below_80;validation_trade_event_count_8_below_30;locked_oos_trade_event_count_1_below_20;locked_oos_return_not_positive;locked_oos_return_per_turnover_proxy_bps_-21.460_not_above_10.000;primary_10bps_promotion_gate_failed
55,backtest_fallback_reject,no_promotion,fresh_tv10_filter_abs_score_ge_1p5_alpha_zoo_quality_single_pair_7p0x_0p2alloc,alpha_zoo_quality_single_pair,0.456915810382841,0.004724291764729438,0.01838205310269525,405,86,53,0.14911683261358866,96.71625571351831,True,False,8.05847990093194,0.3923830369376609,2.4773656472635106,10.0,False,False,False,validation_return_0.0047_below_0.02;train_return_per_turnover_proxy_bps_8.058_not_above_10.000;validation_return_per_turnover_proxy_bps_0.392_not_above_10.000;validation_mdd_0.1491_above_0.12;locked_oos_return_per_turnover_proxy_bps_2.477_not_above_10.000
56,backtest_fallback_reject,no_promotion,fresh_tv10_filter_abs_score_ge_1p5_alpha_zoo_conservative_exit_carry_forward_old_split_selected_5p0x_0p125alloc,alpha_zoo_conservative_exit_carry_forward_old_split_selected,0.05005015361318299,0.1590848205113926,-0.024707369184912453,476,103,56,0.05073521569102433,0.31461300614535204,False,False,1.6823581046448064,24.712205127983317,-7.059248338546415,10.0,False,False,False,train_validation_return_ratio_0.3146_below_0.50;train_return_per_turnover_proxy_bps_1.682_not_above_10.000;locked_oos_return_not_positive;locked_oos_return_per_turnover_proxy_bps_-7.059_not_above_10.000;primary_10bps_promotion_gate_failed
57,backtest_fallback_reject,no_promotion,fresh_tv10_filter_abs_score_ge_1p5_alpha_zoo_conservative_exit_5p0x_0p125alloc,alpha_zoo_conservative_exit,0.05005015361318299,0.1590848205113926,-0.024707369184912453,476,103,56,0.05073521569102433,0.31461300614535204,False,False,1.6823581046448064,24.712205127983317,-7.059248338546415,10.0,False,False,False,train_validation_return_ratio_0.3146_below_0.50;train_return_per_turnover_proxy_bps_1.682_not_above_10.000;locked_oos_return_not_positive;locked_oos_return_per_turnover_proxy_bps_-7.059_not_above_10.000;primary_10bps_promotion_gate_failed
58,backtest_fallback_reject,no_promotion,fresh_tv10_filter_abs_score_ge_1p5_alpha_zoo_quality_single_pair_7p0x_0p175alloc,alpha_zoo_quality_single_pair,0.4107111658372702,0.0055326884968947,0.017061480665671036,405,86,53,0.1315318864074567,74.23356042325312,True,False,8.27838076769504,0.5251721401893403,2.6278753431915343,10.0,False,False,False,validation_return_0.0055_below_0.02;train_return_per_turnover_proxy_bps_8.278_not_above_10.000;validation_return_per_turnover_proxy_bps_0.525_not_above_10.000;validation_mdd_0.1315_above_0.12;locked_oos_return_per_turnover_proxy_bps_2.628_not_above_10.000
59,backtest_fallback_reject,no_promotion,fresh_tv10_filter_abs_score_ge_1p5_alpha_zoo_quality_single_pair_6p0x_0p2alloc,alpha_zoo_quality_single_pair,0.403752335563754,0.005615638424664615,0.016850218726474075,405,86,53,0.12899584140005416,71.8978511491091,True,False,8.307661225591646,0.54415101014192,2.6494054601374333,10.0,False,False,False,validation_return_0.0056_below_0.02;train_return_per_turnover_proxy_bps_8.308_not_above_10.000;validation_return_per_turnover_proxy_bps_0.544_not_above_10.000;validation_mdd_0.1290_above_0.12;locked_oos_return_per_turnover_proxy_bps_2.649_not_above_10.000
60,backtest_fallback_reject,no_promotion,fresh_tv10_filter_abs_score_ge_1p5_alpha_zoo_conservative_exit_carry_forward_old_split_selected_6p0x_0p1alloc,alpha_zoo_conservative_exit_carry_forward_old_split_selected,0.049319630496288624,0.15249372025519325,-0.02368423861095481,476,103,56,0.04874236700246622,0.3234207311209526,False,False,1.7268778184975007,24.675359264594373,-7.048880538974644,10.0,False,False,False,train_validation_return_ratio_0.3234_below_0.50;train_return_per_turnover_proxy_bps_1.727_not_above_10.000;locked_oos_return_not_positive;locked_oos_return_per_turnover_proxy_bps_-7.049_not_above_10.000;primary_10bps_promotion_gate_failed
