decision_rank,decision,status,model_id,candidate_name,ready_for_paper,ready_for_real,real_money_execution,validation_return,train_return,locked_oos_return,train_trade_event_count,validation_trade_event_count,locked_oos_trade_event_count,replay_live_notional_parity,rejection_reasons
1,no_promotion,shadow_only_thin_sample,fresh_tv10_filter_abs_score_ge_2p5_alpha_zoo_conservative_exit_carry_forward_old_split_selected_6p0x_0p175alloc,alpha_zoo_conservative_exit_carry_forward_old_split_selected,False,False,False,0.08897474255677351,0.427971977575732,-0.006058989201550791,63,14,5,True,train_trade_event_count_63_below_80;validation_trade_event_count_14_below_30;locked_oos_trade_event_count_5_below_20;locked_oos_return_not_positive;primary_10bps_promotion_gate_failed
2,no_promotion,shadow_only_thin_sample,fresh_tv10_filter_abs_score_ge_2p5_alpha_zoo_conservative_exit_6p0x_0p175alloc,alpha_zoo_conservative_exit,False,False,False,0.08897474255677351,0.427971977575732,-0.006058989201550791,63,14,5,True,train_trade_event_count_63_below_80;validation_trade_event_count_14_below_30;locked_oos_trade_event_count_5_below_20;locked_oos_return_not_positive;primary_10bps_promotion_gate_failed
3,no_promotion,shadow_only_thin_sample,fresh_tv10_filter_abs_score_ge_3_alpha_zoo_conservative_exit_carry_forward_old_split_selected_6p0x_0p175alloc,alpha_zoo_conservative_exit_carry_forward_old_split_selected,False,False,False,0.07572443448626331,0.4548121710643429,-0.0022533146249008595,42,8,1,True,train_trade_event_count_42_below_80;validation_trade_event_count_8_below_30;locked_oos_trade_event_count_1_below_20;locked_oos_return_not_positive;primary_10bps_promotion_gate_failed
4,no_promotion,shadow_only_thin_sample,fresh_tv10_filter_abs_score_ge_3_alpha_zoo_conservative_exit_6p0x_0p175alloc,alpha_zoo_conservative_exit,False,False,False,0.07572443448626331,0.4548121710643429,-0.0022533146249008595,42,8,1,True,train_trade_event_count_42_below_80;validation_trade_event_count_8_below_30;locked_oos_trade_event_count_1_below_20;locked_oos_return_not_positive;primary_10bps_promotion_gate_failed
5,no_promotion,reject_or_quarantine,fresh_tv10_filter_abs_score_ge_1p5_alpha_zoo_conservative_exit_carry_forward_old_split_selected_6p0x_0p175alloc,alpha_zoo_conservative_exit_carry_forward_old_split_selected,False,False,False,0.27384367402254894,0.045832420459388734,-0.042506741781909496,476,103,56,True,train_validation_return_ratio_0.1674_below_0.50;locked_oos_return_not_positive;primary_10bps_promotion_gate_failed
6,no_promotion,reject_or_quarantine,fresh_tv10_filter_abs_score_ge_1p5_alpha_zoo_conservative_exit_6p0x_0p175alloc,alpha_zoo_conservative_exit,False,False,False,0.27384367402254894,0.045832420459388734,-0.042506741781909496,476,103,56,True,train_validation_return_ratio_0.1674_below_0.50;locked_oos_return_not_positive;primary_10bps_promotion_gate_failed
7,no_promotion,shadow_only_thin_sample,fresh_tv10_filter_abs_score_ge_2p5_alpha_zoo_conservative_exit_carry_forward_old_split_selected_5p0x_0p2alloc,alpha_zoo_conservative_exit_carry_forward_old_split_selected,False,False,False,0.08474392125079433,0.40576842790572965,-0.0057667602440657495,63,14,5,True,train_trade_event_count_63_below_80;validation_trade_event_count_14_below_30;locked_oos_trade_event_count_5_below_20;locked_oos_return_not_positive;primary_10bps_promotion_gate_failed
8,no_promotion,shadow_only_thin_sample,fresh_tv10_filter_abs_score_ge_2p5_alpha_zoo_conservative_exit_5p0x_0p2alloc,alpha_zoo_conservative_exit,False,False,False,0.08474392125079433,0.40576842790572965,-0.0057667602440657495,63,14,5,True,train_trade_event_count_63_below_80;validation_trade_event_count_14_below_30;locked_oos_trade_event_count_5_below_20;locked_oos_return_not_positive;primary_10bps_promotion_gate_failed
9,no_promotion,shadow_only_thin_sample,fresh_tv10_filter_abs_score_ge_3_alpha_zoo_conservative_exit_carry_forward_old_split_selected_5p0x_0p2alloc,alpha_zoo_conservative_exit_carry_forward_old_split_selected,False,False,False,0.072127109959772,0.43015622229658024,-0.0021460139284770197,42,8,1,True,train_trade_event_count_42_below_80;validation_trade_event_count_8_below_30;locked_oos_trade_event_count_1_below_20;locked_oos_return_not_positive;primary_10bps_promotion_gate_failed
10,no_promotion,shadow_only_thin_sample,fresh_tv10_filter_abs_score_ge_3_alpha_zoo_conservative_exit_5p0x_0p2alloc,alpha_zoo_conservative_exit,False,False,False,0.072127109959772,0.43015622229658024,-0.0021460139284770197,42,8,1,True,train_trade_event_count_42_below_80;validation_trade_event_count_8_below_30;locked_oos_trade_event_count_1_below_20;locked_oos_return_not_positive;primary_10bps_promotion_gate_failed
11,no_promotion,reject_or_quarantine,fresh_tv10_filter_abs_score_ge_1p5_alpha_zoo_conservative_exit_carry_forward_old_split_selected_5p0x_0p2alloc,alpha_zoo_conservative_exit_carry_forward_old_split_selected,False,False,False,0.26008506379638363,0.04794962553312421,-0.040374265543010046,476,103,56,True,train_validation_return_ratio_0.1844_below_0.50;locked_oos_return_not_positive;primary_10bps_promotion_gate_failed
12,no_promotion,reject_or_quarantine,fresh_tv10_filter_abs_score_ge_1p5_alpha_zoo_conservative_exit_5p0x_0p2alloc,alpha_zoo_conservative_exit,False,False,False,0.26008506379638363,0.04794962553312421,-0.040374265543010046,476,103,56,True,train_validation_return_ratio_0.1844_below_0.50;locked_oos_return_not_positive;primary_10bps_promotion_gate_failed
13,no_promotion,shadow_only_thin_sample,fresh_tv10_filter_abs_score_ge_2p5_alpha_zoo_conservative_exit_carry_forward_old_split_selected_6p0x_0p15alloc,alpha_zoo_conservative_exit_carry_forward_old_split_selected,False,False,False,0.07627920895005458,0.36186910809664363,-0.00518341004917422,63,14,5,True,train_trade_event_count_63_below_80;validation_trade_event_count_14_below_30;locked_oos_trade_event_count_5_below_20;locked_oos_return_not_positive;primary_10bps_promotion_gate_failed
14,no_promotion,shadow_only_thin_sample,fresh_tv10_filter_abs_score_ge_2p5_alpha_zoo_conservative_exit_6p0x_0p15alloc,alpha_zoo_conservative_exit,False,False,False,0.07627920895005458,0.36186910809664363,-0.00518341004917422,63,14,5,True,train_trade_event_count_63_below_80;validation_trade_event_count_14_below_30;locked_oos_trade_event_count_5_below_20;locked_oos_return_not_positive;primary_10bps_promotion_gate_failed
15,no_promotion,shadow_only_thin_sample,fresh_tv10_filter_abs_score_ge_2p5_alpha_zoo_conservative_exit_carry_forward_old_split_selected_5p0x_0p175alloc,alpha_zoo_conservative_exit_carry_forward_old_split_selected,False,False,False,0.07416244201337707,0.35100199362149187,-0.005037803436494959,63,14,5,True,train_trade_event_count_63_below_80;validation_trade_event_count_14_below_30;locked_oos_trade_event_count_5_below_20;locked_oos_return_not_positive;primary_10bps_promotion_gate_failed
16,no_promotion,shadow_only_thin_sample,fresh_tv10_filter_abs_score_ge_2p5_alpha_zoo_conservative_exit_5p0x_0p175alloc,alpha_zoo_conservative_exit,False,False,False,0.07416244201337707,0.35100199362149187,-0.005037803436494959,63,14,5,True,train_trade_event_count_63_below_80;validation_trade_event_count_14_below_30;locked_oos_trade_event_count_5_below_20;locked_oos_return_not_positive;primary_10bps_promotion_gate_failed
17,no_promotion,shadow_only_thin_sample,fresh_tv10_filter_abs_score_ge_3_alpha_zoo_conservative_exit_carry_forward_old_split_selected_6p0x_0p15alloc,alpha_zoo_conservative_exit_carry_forward_old_split_selected,False,False,False,0.06492944700092895,0.3817863892665132,-0.00193141253562934,42,8,1,True,train_trade_event_count_42_below_80;validation_trade_event_count_8_below_30;locked_oos_trade_event_count_1_below_20;locked_oos_return_not_positive;primary_10bps_promotion_gate_failed
18,no_promotion,shadow_only_thin_sample,fresh_tv10_filter_abs_score_ge_3_alpha_zoo_conservative_exit_6p0x_0p15alloc,alpha_zoo_conservative_exit,False,False,False,0.06492944700092895,0.3817863892665132,-0.00193141253562934,42,8,1,True,train_trade_event_count_42_below_80;validation_trade_event_count_8_below_30;locked_oos_trade_event_count_1_below_20;locked_oos_return_not_positive;primary_10bps_promotion_gate_failed
19,no_promotion,shadow_only_thin_sample,fresh_tv10_filter_abs_score_ge_3_alpha_zoo_conservative_exit_carry_forward_old_split_selected_5p0x_0p175alloc,alpha_zoo_conservative_exit_carry_forward_old_split_selected,False,False,False,0.06312942079041761,0.36988848677499386,-0.00187776218741742,42,8,1,True,train_trade_event_count_42_below_80;validation_trade_event_count_8_below_30;locked_oos_trade_event_count_1_below_20;locked_oos_return_not_positive;primary_10bps_promotion_gate_failed
20,no_promotion,shadow_only_thin_sample,fresh_tv10_filter_abs_score_ge_3_alpha_zoo_conservative_exit_5p0x_0p175alloc,alpha_zoo_conservative_exit,False,False,False,0.06312942079041761,0.36988848677499386,-0.00187776218741742,42,8,1,True,train_trade_event_count_42_below_80;validation_trade_event_count_8_below_30;locked_oos_trade_event_count_1_below_20;locked_oos_return_not_positive;primary_10bps_promotion_gate_failed
21,no_promotion,shadow_only_thin_sample,fresh_tv10_filter_abs_score_ge_2p5_alpha_zoo_conservative_exit_carry_forward_old_split_selected_7p0x_0p15alloc,alpha_zoo_conservative_exit_carry_forward_old_split_selected,False,False,False,0.08897474255677351,0.22397415114750796,-0.006058989201550791,63,14,5,True,train_trade_event_count_63_below_80;validation_trade_event_count_14_below_30;locked_oos_trade_event_count_5_below_20;locked_oos_return_not_positive;primary_10bps_promotion_gate_failed
22,no_promotion,shadow_only_thin_sample,fresh_tv10_filter_abs_score_ge_2p5_alpha_zoo_conservative_exit_7p0x_0p15alloc,alpha_zoo_conservative_exit,False,False,False,0.08897474255677351,0.22397415114750796,-0.006058989201550791,63,14,5,True,train_trade_event_count_63_below_80;validation_trade_event_count_14_below_30;locked_oos_trade_event_count_5_below_20;locked_oos_return_not_positive;primary_10bps_promotion_gate_failed
23,no_promotion,shadow_only_thin_sample,fresh_tv10_filter_family_volume_vwap_pressure_abs_score_ge_2p5_alpha_zoo_conservative_exit_carry_forward_old_split_selected_7p0x_0p15alloc,alpha_zoo_conservative_exit_carry_forward_old_split_selected,False,False,False,0.04695644483921413,0.42155179401878606,-0.00371699538981185,50,11,3,True,train_trade_event_count_50_below_80;validation_trade_event_count_11_below_30;locked_oos_trade_event_count_3_below_20;locked_oos_return_not_positive;primary_10bps_promotion_gate_failed
24,no_promotion,shadow_only_thin_sample,fresh_tv10_filter_family_volume_vwap_pressure_abs_score_ge_2p5_alpha_zoo_conservative_exit_carry_forward_old_split_selected_6p0x_0p175alloc,alpha_zoo_conservative_exit_carry_forward_old_split_selected,False,False,False,0.04695644483921413,0.42155179401878606,-0.00371699538981185,50,11,3,True,train_trade_event_count_50_below_80;validation_trade_event_count_11_below_30;locked_oos_trade_event_count_3_below_20;locked_oos_return_not_positive;primary_10bps_promotion_gate_failed
25,no_promotion,shadow_only_thin_sample,fresh_tv10_filter_family_volume_vwap_pressure_abs_score_ge_2p5_alpha_zoo_conservative_exit_7p0x_0p15alloc,alpha_zoo_conservative_exit,False,False,False,0.04695644483921413,0.42155179401878606,-0.00371699538981185,50,11,3,True,train_trade_event_count_50_below_80;validation_trade_event_count_11_below_30;locked_oos_trade_event_count_3_below_20;locked_oos_return_not_positive;primary_10bps_promotion_gate_failed
26,no_promotion,shadow_only_thin_sample,fresh_tv10_filter_family_volume_vwap_pressure_abs_score_ge_2p5_alpha_zoo_conservative_exit_6p0x_0p175alloc,alpha_zoo_conservative_exit,False,False,False,0.04695644483921413,0.42155179401878606,-0.00371699538981185,50,11,3,True,train_trade_event_count_50_below_80;validation_trade_event_count_11_below_30;locked_oos_trade_event_count_3_below_20;locked_oos_return_not_positive;primary_10bps_promotion_gate_failed
27,no_promotion,shadow_only_thin_sample,fresh_tv10_filter_abs_score_ge_2p5_alpha_zoo_conservative_exit_carry_forward_old_split_selected_4p0x_0p2alloc,alpha_zoo_conservative_exit_carry_forward_old_split_selected,False,False,False,0.06781086682167858,0.3186641862732398,-0.004601538286749918,63,14,5,True,train_trade_event_count_63_below_80;validation_trade_event_count_14_below_30;locked_oos_trade_event_count_5_below_20;locked_oos_return_not_positive;primary_10bps_promotion_gate_failed
28,no_promotion,shadow_only_thin_sample,fresh_tv10_filter_abs_score_ge_2p5_alpha_zoo_conservative_exit_4p0x_0p2alloc,alpha_zoo_conservative_exit,False,False,False,0.06781086682167858,0.3186641862732398,-0.004601538286749918,63,14,5,True,train_trade_event_count_63_below_80;validation_trade_event_count_14_below_30;locked_oos_trade_event_count_5_below_20;locked_oos_return_not_positive;primary_10bps_promotion_gate_failed
29,no_promotion,reject_or_quarantine,fresh_tv10_filter_abs_score_ge_1p5_alpha_zoo_conservative_exit_carry_forward_old_split_selected_6p0x_0p15alloc,alpha_zoo_conservative_exit_carry_forward_old_split_selected,False,False,False,0.23276927378878653,0.05089701163082627,-0.03613930184180558,476,103,56,True,train_validation_return_ratio_0.2187_below_0.50;locked_oos_return_not_positive;primary_10bps_promotion_gate_failed
30,no_promotion,reject_or_quarantine,fresh_tv10_filter_abs_score_ge_1p5_alpha_zoo_conservative_exit_6p0x_0p15alloc,alpha_zoo_conservative_exit,False,False,False,0.23276927378878653,0.05089701163082627,-0.03613930184180558,476,103,56,True,train_validation_return_ratio_0.2187_below_0.50;locked_oos_return_not_positive;primary_10bps_promotion_gate_failed
31,no_promotion,shadow_only_thin_sample,fresh_tv10_filter_abs_score_ge_3_alpha_zoo_conservative_exit_carry_forward_old_split_selected_7p0x_0p15alloc,alpha_zoo_conservative_exit_carry_forward_old_split_selected,False,False,False,0.07572443448626331,0.2469799968908064,-0.0022533146249008595,42,8,1,True,train_trade_event_count_42_below_80;validation_trade_event_count_8_below_30;locked_oos_trade_event_count_1_below_20;locked_oos_return_not_positive;primary_10bps_promotion_gate_failed
32,no_promotion,shadow_only_thin_sample,fresh_tv10_filter_abs_score_ge_3_alpha_zoo_conservative_exit_7p0x_0p15alloc,alpha_zoo_conservative_exit,False,False,False,0.07572443448626331,0.2469799968908064,-0.0022533146249008595,42,8,1,True,train_trade_event_count_42_below_80;validation_trade_event_count_8_below_30;locked_oos_trade_event_count_1_below_20;locked_oos_return_not_positive;primary_10bps_promotion_gate_failed
33,no_promotion,shadow_only_thin_sample,fresh_tv10_filter_abs_score_ge_3_alpha_zoo_conservative_exit_carry_forward_old_split_selected_4p0x_0p2alloc,alpha_zoo_conservative_exit_carry_forward_old_split_selected,False,False,False,0.05772792493636425,0.3346570119376624,-0.0017168111427816601,42,8,1,True,train_trade_event_count_42_below_80;validation_trade_event_count_8_below_30;locked_oos_trade_event_count_1_below_20;locked_oos_return_not_positive;primary_10bps_promotion_gate_failed
34,no_promotion,shadow_only_thin_sample,fresh_tv10_filter_abs_score_ge_3_alpha_zoo_conservative_exit_4p0x_0p2alloc,alpha_zoo_conservative_exit,False,False,False,0.05772792493636425,0.3346570119376624,-0.0017168111427816601,42,8,1,True,train_trade_event_count_42_below_80;validation_trade_event_count_8_below_30;locked_oos_trade_event_count_1_below_20;locked_oos_return_not_positive;primary_10bps_promotion_gate_failed
35,no_promotion,shadow_only_thin_sample,fresh_tv10_filter_family_volume_vwap_pressure_abs_score_ge_2p5_alpha_zoo_conservative_exit_carry_forward_old_split_selected_5p0x_0p2alloc,alpha_zoo_conservative_exit_carry_forward_old_split_selected,False,False,False,0.04472906733555315,0.3995012250517822,-0.0035401693504053533,50,11,3,True,train_trade_event_count_50_below_80;validation_trade_event_count_11_below_30;locked_oos_trade_event_count_3_below_20;locked_oos_return_not_positive;primary_10bps_promotion_gate_failed
36,no_promotion,shadow_only_thin_sample,fresh_tv10_filter_family_volume_vwap_pressure_abs_score_ge_2p5_alpha_zoo_conservative_exit_5p0x_0p2alloc,alpha_zoo_conservative_exit,False,False,False,0.04472906733555315,0.3995012250517822,-0.0035401693504053533,50,11,3,True,train_trade_event_count_50_below_80;validation_trade_event_count_11_below_30;locked_oos_trade_event_count_3_below_20;locked_oos_return_not_positive;primary_10bps_promotion_gate_failed
37,no_promotion,shadow_only_thin_sample,fresh_tv10_filter_abs_score_ge_2p5_alpha_zoo_conservative_exit_carry_forward_old_split_selected_6p0x_0p125alloc,alpha_zoo_conservative_exit_carry_forward_old_split_selected,False,False,False,0.06357550814030288,0.2973282319302035,-0.004311157370015306,63,14,5,True,train_trade_event_count_63_below_80;validation_trade_event_count_14_below_30;locked_oos_trade_event_count_5_below_20;locked_oos_return_not_positive;primary_10bps_promotion_gate_failed
38,no_promotion,shadow_only_thin_sample,fresh_tv10_filter_abs_score_ge_2p5_alpha_zoo_conservative_exit_carry_forward_old_split_selected_5p0x_0p15alloc,alpha_zoo_conservative_exit_carry_forward_old_split_selected,False,False,False,0.06357550814030288,0.2973282319302035,-0.004311157370015306,63,14,5,True,train_trade_event_count_63_below_80;validation_trade_event_count_14_below_30;locked_oos_trade_event_count_5_below_20;locked_oos_return_not_positive;primary_10bps_promotion_gate_failed
39,no_promotion,shadow_only_thin_sample,fresh_tv10_filter_abs_score_ge_2p5_alpha_zoo_conservative_exit_6p0x_0p125alloc,alpha_zoo_conservative_exit,False,False,False,0.06357550814030288,0.2973282319302035,-0.004311157370015306,63,14,5,True,train_trade_event_count_63_below_80;validation_trade_event_count_14_below_30;locked_oos_trade_event_count_5_below_20;locked_oos_return_not_positive;primary_10bps_promotion_gate_failed
40,no_promotion,shadow_only_thin_sample,fresh_tv10_filter_abs_score_ge_2p5_alpha_zoo_conservative_exit_5p0x_0p15alloc,alpha_zoo_conservative_exit,False,False,False,0.06357550814030288,0.2973282319302035,-0.004311157370015306,63,14,5,True,train_trade_event_count_63_below_80;validation_trade_event_count_14_below_30;locked_oos_trade_event_count_5_below_20;locked_oos_return_not_positive;primary_10bps_promotion_gate_failed
41,no_promotion,reject_or_quarantine,fresh_tv10_filter_abs_score_ge_1p5_alpha_zoo_conservative_exit_carry_forward_old_split_selected_5p0x_0p175alloc,alpha_zoo_conservative_exit_carry_forward_old_split_selected,False,False,False,0.22598292080363946,0.051363965593672845,-0.03508690835760464,476,103,56,True,train_validation_return_ratio_0.2273_below_0.50;locked_oos_return_not_positive;primary_10bps_promotion_gate_failed
42,no_promotion,reject_or_quarantine,fresh_tv10_filter_abs_score_ge_1p5_alpha_zoo_conservative_exit_5p0x_0p175alloc,alpha_zoo_conservative_exit,False,False,False,0.22598292080363946,0.051363965593672845,-0.03508690835760464,476,103,56,True,train_validation_return_ratio_0.2273_below_0.50;locked_oos_return_not_positive;primary_10bps_promotion_gate_failed
43,no_promotion,shadow_only_thin_sample,fresh_tv10_filter_abs_score_ge_3_alpha_zoo_conservative_exit_carry_forward_old_split_selected_6p0x_0p125alloc,alpha_zoo_conservative_exit_carry_forward_old_split_selected,False,False,False,0.05412577669219609,0.311551607633334,-0.0016095104463577092,42,8,1,True,train_trade_event_count_42_below_80;validation_trade_event_count_8_below_30;locked_oos_trade_event_count_1_below_20;locked_oos_return_not_positive;primary_10bps_promotion_gate_failed
44,no_promotion,shadow_only_thin_sample,fresh_tv10_filter_abs_score_ge_3_alpha_zoo_conservative_exit_carry_forward_old_split_selected_5p0x_0p15alloc,alpha_zoo_conservative_exit_carry_forward_old_split_selected,False,False,False,0.05412577669219609,0.311551607633334,-0.0016095104463577092,42,8,1,True,train_trade_event_count_42_below_80;validation_trade_event_count_8_below_30;locked_oos_trade_event_count_1_below_20;locked_oos_return_not_positive;primary_10bps_promotion_gate_failed
45,no_promotion,shadow_only_thin_sample,fresh_tv10_filter_abs_score_ge_3_alpha_zoo_conservative_exit_6p0x_0p125alloc,alpha_zoo_conservative_exit,False,False,False,0.05412577669219609,0.311551607633334,-0.0016095104463577092,42,8,1,True,train_trade_event_count_42_below_80;validation_trade_event_count_8_below_30;locked_oos_trade_event_count_1_below_20;locked_oos_return_not_positive;primary_10bps_promotion_gate_failed
46,no_promotion,shadow_only_thin_sample,fresh_tv10_filter_abs_score_ge_3_alpha_zoo_conservative_exit_5p0x_0p15alloc,alpha_zoo_conservative_exit,False,False,False,0.05412577669219609,0.311551607633334,-0.0016095104463577092,42,8,1,True,train_trade_event_count_42_below_80;validation_trade_event_count_8_below_30;locked_oos_trade_event_count_1_below_20;locked_oos_return_not_positive;primary_10bps_promotion_gate_failed
47,no_promotion,shadow_only_thin_sample,fresh_tv10_filter_abs_score_ge_2p5_alpha_zoo_conservative_exit_carry_forward_old_split_selected_7p0x_0p125alloc,alpha_zoo_conservative_exit_carry_forward_old_split_selected,False,False,False,0.07416244201337707,0.19039188422311515,-0.005037803436494959,63,14,5,True,train_trade_event_count_63_below_80;validation_trade_event_count_14_below_30;locked_oos_trade_event_count_5_below_20;locked_oos_return_not_positive;primary_10bps_promotion_gate_failed
48,no_promotion,shadow_only_thin_sample,fresh_tv10_filter_abs_score_ge_2p5_alpha_zoo_conservative_exit_7p0x_0p125alloc,alpha_zoo_conservative_exit,False,False,False,0.07416244201337707,0.19039188422311515,-0.005037803436494959,63,14,5,True,train_trade_event_count_63_below_80;validation_trade_event_count_14_below_30;locked_oos_trade_event_count_5_below_20;locked_oos_return_not_positive;primary_10bps_promotion_gate_failed
49,no_promotion,shadow_only_thin_sample,fresh_tv10_filter_abs_score_ge_3_alpha_zoo_conservative_exit_carry_forward_old_split_selected_4p0x_0p175alloc,alpha_zoo_conservative_exit_carry_forward_old_split_selected,False,False,False,0.050522735702561716,0.28874924116819334,-0.0015022097499338694,42,8,1,True,train_trade_event_count_42_below_80;validation_trade_event_count_8_below_30;locked_oos_trade_event_count_1_below_20;locked_oos_return_not_positive;primary_10bps_promotion_gate_failed
50,no_promotion,shadow_only_thin_sample,fresh_tv10_filter_abs_score_ge_3_alpha_zoo_conservative_exit_4p0x_0p175alloc,alpha_zoo_conservative_exit,False,False,False,0.050522735702561716,0.28874924116819334,-0.0015022097499338694,42,8,1,True,train_trade_event_count_42_below_80;validation_trade_event_count_8_below_30;locked_oos_trade_event_count_1_below_20;locked_oos_return_not_positive;primary_10bps_promotion_gate_failed
51,no_promotion,shadow_only_thin_sample,fresh_tv10_filter_abs_score_ge_3_alpha_zoo_conservative_exit_carry_forward_old_split_selected_7p0x_0p125alloc,alpha_zoo_conservative_exit_carry_forward_old_split_selected,False,False,False,0.06312942079041761,0.20703310923796447,-0.00187776218741742,42,8,1,True,train_trade_event_count_42_below_80;validation_trade_event_count_8_below_30;locked_oos_trade_event_count_1_below_20;locked_oos_return_not_positive;primary_10bps_promotion_gate_failed
52,no_promotion,shadow_only_thin_sample,fresh_tv10_filter_abs_score_ge_3_alpha_zoo_conservative_exit_7p0x_0p125alloc,alpha_zoo_conservative_exit,False,False,False,0.06312942079041761,0.20703310923796447,-0.00187776218741742,42,8,1,True,train_trade_event_count_42_below_80;validation_trade_event_count_8_below_30;locked_oos_trade_event_count_1_below_20;locked_oos_return_not_positive;primary_10bps_promotion_gate_failed
53,no_promotion,reject_or_quarantine,fresh_tv10_filter_abs_score_ge_1p5_alpha_zoo_conservative_exit_carry_forward_old_split_selected_4p0x_0p2alloc,alpha_zoo_conservative_exit_carry_forward_old_split_selected,False,False,False,0.20572777034030243,0.05211352255596591,-0.031945237089857303,476,103,56,True,train_validation_return_ratio_0.2533_below_0.50;locked_oos_return_not_positive;primary_10bps_promotion_gate_failed
54,no_promotion,reject_or_quarantine,fresh_tv10_filter_abs_score_ge_1p5_alpha_zoo_conservative_exit_4p0x_0p2alloc,alpha_zoo_conservative_exit,False,False,False,0.20572777034030243,0.05211352255596591,-0.031945237089857303,476,103,56,True,train_validation_return_ratio_0.2533_below_0.50;locked_oos_return_not_positive;primary_10bps_promotion_gate_failed
55,no_promotion,shadow_only_thin_sample,fresh_tv10_filter_symbol_eth_usdt_abs_score_ge_2_alpha_zoo_high_confidence_single_pair_7p0x_0p2alloc,alpha_zoo_high_confidence_single_pair,False,False,False,0.03226778702039934,0.34746715685495566,0.004789959773195296,45,8,8,True,train_trade_event_count_45_below_80;validation_trade_event_count_8_below_30;locked_oos_trade_event_count_8_below_20;primary_10bps_promotion_gate_failed
56,no_promotion,shadow_only_thin_sample,fresh_tv10_filter_abs_score_ge_3_alpha_zoo_conservative_exit_carry_forward_old_split_selected_5p0x_0p125alloc,alpha_zoo_conservative_exit_carry_forward_old_split_selected,False,False,False,0.04511655305454387,0.25510870003819774,-0.0013412587052981095,42,8,1,True,train_trade_event_count_42_below_80;validation_trade_event_count_8_below_30;locked_oos_trade_event_count_1_below_20;locked_oos_return_not_positive;primary_10bps_promotion_gate_failed
57,no_promotion,shadow_only_thin_sample,fresh_tv10_filter_abs_score_ge_3_alpha_zoo_conservative_exit_5p0x_0p125alloc,alpha_zoo_conservative_exit,False,False,False,0.04511655305454387,0.25510870003819774,-0.0013412587052981095,42,8,1,True,train_trade_event_count_42_below_80;validation_trade_event_count_8_below_30;locked_oos_trade_event_count_1_below_20;locked_oos_return_not_positive;primary_10bps_promotion_gate_failed
58,no_promotion,shadow_only_thin_sample,fresh_tv10_filter_abs_score_ge_3_alpha_zoo_conservative_exit_carry_forward_old_split_selected_6p0x_0p1alloc,alpha_zoo_conservative_exit_carry_forward_old_split_selected,False,False,False,0.04331407193699399,0.24404413374990508,-0.0012876083570861896,42,8,1,True,train_trade_event_count_42_below_80;validation_trade_event_count_8_below_30;locked_oos_trade_event_count_1_below_20;locked_oos_return_not_positive;primary_10bps_promotion_gate_failed
59,no_promotion,shadow_only_thin_sample,fresh_tv10_filter_abs_score_ge_3_alpha_zoo_conservative_exit_carry_forward_old_split_selected_4p0x_0p15alloc,alpha_zoo_conservative_exit_carry_forward_old_split_selected,False,False,False,0.04331407193699399,0.24404413374990508,-0.0012876083570861896,42,8,1,True,train_trade_event_count_42_below_80;validation_trade_event_count_8_below_30;locked_oos_trade_event_count_1_below_20;locked_oos_return_not_positive;primary_10bps_promotion_gate_failed
60,no_promotion,shadow_only_thin_sample,fresh_tv10_filter_abs_score_ge_3_alpha_zoo_conservative_exit_carry_forward_old_split_selected_3p0x_0p2alloc,alpha_zoo_conservative_exit_carry_forward_old_split_selected,False,False,False,0.04331407193699399,0.24404413374990508,-0.0012876083570861896,42,8,1,True,train_trade_event_count_42_below_80;validation_trade_event_count_8_below_30;locked_oos_trade_event_count_1_below_20;locked_oos_return_not_positive;primary_10bps_promotion_gate_failed
61,no_promotion,shadow_only_thin_sample,fresh_tv10_filter_abs_score_ge_3_alpha_zoo_conservative_exit_6p0x_0p1alloc,alpha_zoo_conservative_exit,False,False,False,0.04331407193699399,0.24404413374990508,-0.0012876083570861896,42,8,1,True,train_trade_event_count_42_below_80;validation_trade_event_count_8_below_30;locked_oos_trade_event_count_1_below_20;locked_oos_return_not_positive;primary_10bps_promotion_gate_failed
62,no_promotion,shadow_only_thin_sample,fresh_tv10_filter_abs_score_ge_3_alpha_zoo_conservative_exit_4p0x_0p15alloc,alpha_zoo_conservative_exit,False,False,False,0.04331407193699399,0.24404413374990508,-0.0012876083570861896,42,8,1,True,train_trade_event_count_42_below_80;validation_trade_event_count_8_below_30;locked_oos_trade_event_count_1_below_20;locked_oos_return_not_positive;primary_10bps_promotion_gate_failed
63,no_promotion,shadow_only_thin_sample,fresh_tv10_filter_abs_score_ge_3_alpha_zoo_conservative_exit_3p0x_0p2alloc,alpha_zoo_conservative_exit,False,False,False,0.04331407193699399,0.24404413374990508,-0.0012876083570861896,42,8,1,True,train_trade_event_count_42_below_80;validation_trade_event_count_8_below_30;locked_oos_trade_event_count_1_below_20;locked_oos_return_not_positive;primary_10bps_promotion_gate_failed
64,no_promotion,reject_or_quarantine,fresh_tv10_filter_abs_score_ge_1p5_alpha_zoo_conservative_exit_carry_forward_old_split_selected_6p0x_0p125alloc,alpha_zoo_conservative_exit_carry_forward_old_split_selected,False,False,False,0.19231194941198448,0.05206904998058137,-0.029863887006076006,476,103,56,True,train_validation_return_ratio_0.2708_below_0.50;locked_oos_return_not_positive;primary_10bps_promotion_gate_failed
65,no_promotion,reject_or_quarantine,fresh_tv10_filter_abs_score_ge_1p5_alpha_zoo_conservative_exit_carry_forward_old_split_selected_5p0x_0p15alloc,alpha_zoo_conservative_exit_carry_forward_old_split_selected,False,False,False,0.19231194941198448,0.05206904998058137,-0.029863887006076006,476,103,56,True,train_validation_return_ratio_0.2708_below_0.50;locked_oos_return_not_positive;primary_10bps_promotion_gate_failed
66,no_promotion,reject_or_quarantine,fresh_tv10_filter_abs_score_ge_1p5_alpha_zoo_conservative_exit_6p0x_0p125alloc,alpha_zoo_conservative_exit,False,False,False,0.19231194941198448,0.05206904998058137,-0.029863887006076006,476,103,56,True,train_validation_return_ratio_0.2708_below_0.50;locked_oos_return_not_positive;primary_10bps_promotion_gate_failed
67,no_promotion,reject_or_quarantine,fresh_tv10_filter_abs_score_ge_1p5_alpha_zoo_conservative_exit_5p0x_0p15alloc,alpha_zoo_conservative_exit,False,False,False,0.19231194941198448,0.05206904998058137,-0.029863887006076006,476,103,56,True,train_validation_return_ratio_0.2708_below_0.50;locked_oos_return_not_positive;primary_10bps_promotion_gate_failed
68,no_promotion,shadow_only_thin_sample,fresh_tv10_filter_symbol_eth_usdt_abs_score_ge_2_alpha_zoo_high_confidence_single_pair_7p0x_0p175alloc,alpha_zoo_high_confidence_single_pair,False,False,False,0.02822648245563686,0.3032189806936567,0.0043030058754987,45,8,8,True,train_trade_event_count_45_below_80;validation_trade_event_count_8_below_30;locked_oos_trade_event_count_8_below_20;primary_10bps_promotion_gate_failed
69,no_promotion,shadow_only_thin_sample,fresh_tv10_filter_symbol_eth_usdt_abs_score_ge_2_alpha_zoo_high_confidence_single_pair_6p0x_0p2alloc,alpha_zoo_high_confidence_single_pair,False,False,False,0.02764932414212562,0.2968986936396605,0.004230841467078861,45,8,8,True,train_trade_event_count_45_below_80;validation_trade_event_count_8_below_30;locked_oos_trade_event_count_8_below_20;primary_10bps_promotion_gate_failed
70,no_promotion,shadow_only_thin_sample,fresh_tv10_filter_abs_score_ge_3_alpha_zoo_conservative_exit_carry_forward_old_split_selected_7p0x_0p1alloc,alpha_zoo_conservative_exit_carry_forward_old_split_selected,False,False,False,0.050522735702561716,0.1663529027542454,-0.0015022097499338694,42,8,1,True,train_trade_event_count_42_below_80;validation_trade_event_count_8_below_30;locked_oos_trade_event_count_1_below_20;locked_oos_return_not_positive;primary_10bps_promotion_gate_failed
71,no_promotion,shadow_only_thin_sample,fresh_tv10_filter_abs_score_ge_3_alpha_zoo_conservative_exit_7p0x_0p1alloc,alpha_zoo_conservative_exit,False,False,False,0.050522735702561716,0.1663529027542454,-0.0015022097499338694,42,8,1,True,train_trade_event_count_42_below_80;validation_trade_event_count_8_below_30;locked_oos_trade_event_count_1_below_20;locked_oos_return_not_positive;primary_10bps_promotion_gate_failed
72,no_promotion,shadow_only_thin_sample,fresh_tv10_filter_abs_score_ge_3_alpha_zoo_conservative_exit_carry_forward_old_split_selected_3p0x_0p175alloc,alpha_zoo_conservative_exit_carry_forward_old_split_selected,False,False,False,0.03790541022974048,0.2112931094561492,-0.0011266573124504298,42,8,1,True,train_trade_event_count_42_below_80;validation_trade_event_count_8_below_30;locked_oos_trade_event_count_1_below_20;locked_oos_return_not_positive;primary_10bps_promotion_gate_failed
73,no_promotion,shadow_only_thin_sample,fresh_tv10_filter_abs_score_ge_3_alpha_zoo_conservative_exit_3p0x_0p175alloc,alpha_zoo_conservative_exit,False,False,False,0.03790541022974048,0.2112931094561492,-0.0011266573124504298,42,8,1,True,train_trade_event_count_42_below_80;validation_trade_event_count_8_below_30;locked_oos_trade_event_count_1_below_20;locked_oos_return_not_positive;primary_10bps_promotion_gate_failed
74,no_promotion,reject_or_quarantine,fresh_tv10_filter_abs_score_ge_1p5_alpha_zoo_conservative_exit_carry_forward_old_split_selected_4p0x_0p175alloc,alpha_zoo_conservative_exit_carry_forward_old_split_selected,False,False,False,0.17896715133639396,0.05158851245410512,-0.02779317719932939,476,103,56,True,train_validation_return_ratio_0.2883_below_0.50;locked_oos_return_not_positive;primary_10bps_promotion_gate_failed
75,no_promotion,reject_or_quarantine,fresh_tv10_filter_abs_score_ge_1p5_alpha_zoo_conservative_exit_4p0x_0p175alloc,alpha_zoo_conservative_exit,False,False,False,0.17896715133639396,0.05158851245410512,-0.02779317719932939,476,103,56,True,train_validation_return_ratio_0.2883_below_0.50;locked_oos_return_not_positive;primary_10bps_promotion_gate_failed
76,no_promotion,shadow_only_thin_sample,fresh_tv10_filter_abs_score_ge_3_alpha_zoo_conservative_exit_carry_forward_old_split_selected_5p0x_0p1alloc,alpha_zoo_conservative_exit_carry_forward_old_split_selected,False,False,False,0.03610212697733961,0.20052266550095488,-0.0010730069642385098,42,8,1,True,train_trade_event_count_42_below_80;validation_trade_event_count_8_below_30;locked_oos_trade_event_count_1_below_20;locked_oos_return_not_positive;primary_10bps_promotion_gate_failed
77,no_promotion,shadow_only_thin_sample,fresh_tv10_filter_abs_score_ge_3_alpha_zoo_conservative_exit_carry_forward_old_split_selected_4p0x_0p125alloc,alpha_zoo_conservative_exit_carry_forward_old_split_selected,False,False,False,0.03610212697733961,0.20052266550095488,-0.0010730069642385098,42,8,1,True,train_trade_event_count_42_below_80;validation_trade_event_count_8_below_30;locked_oos_trade_event_count_1_below_20;locked_oos_return_not_positive;primary_10bps_promotion_gate_failed
78,no_promotion,shadow_only_thin_sample,fresh_tv10_filter_abs_score_ge_3_alpha_zoo_conservative_exit_5p0x_0p1alloc,alpha_zoo_conservative_exit,False,False,False,0.03610212697733961,0.20052266550095488,-0.0010730069642385098,42,8,1,True,train_trade_event_count_42_below_80;validation_trade_event_count_8_below_30;locked_oos_trade_event_count_1_below_20;locked_oos_return_not_positive;primary_10bps_promotion_gate_failed
79,no_promotion,shadow_only_thin_sample,fresh_tv10_filter_abs_score_ge_3_alpha_zoo_conservative_exit_4p0x_0p125alloc,alpha_zoo_conservative_exit,False,False,False,0.03610212697733961,0.20052266550095488,-0.0010730069642385098,42,8,1,True,train_trade_event_count_42_below_80;validation_trade_event_count_8_below_30;locked_oos_trade_event_count_1_below_20;locked_oos_return_not_positive;primary_10bps_promotion_gate_failed
80,no_promotion,shadow_only_thin_sample,fresh_tv10_filter_symbol_bnb_usdt_abs_score_ge_2_alpha_zoo_range_sweep_blend_7p0x_0p175alloc,alpha_zoo_range_sweep_blend,False,False,False,0.13494312594029112,0.09606531924818063,-0.017993776610874646,66,14,10,True,train_trade_event_count_66_below_80;validation_trade_event_count_14_below_30;locked_oos_trade_event_count_10_below_20;locked_oos_return_not_positive;primary_10bps_promotion_gate_failed
81,no_promotion,shadow_only_thin_sample,fresh_tv10_filter_symbol_eth_usdt_abs_score_ge_2_alpha_zoo_high_confidence_single_pair_7p0x_0p15alloc,alpha_zoo_high_confidence_single_pair,False,False,False,0.024187289576493187,0.2590118893325932,0.003784194955747777,45,8,8,True,train_trade_event_count_45_below_80;validation_trade_event_count_8_below_30;locked_oos_trade_event_count_8_below_20;primary_10bps_promotion_gate_failed
82,no_promotion,shadow_only_thin_sample,fresh_tv10_filter_symbol_eth_usdt_abs_score_ge_2_alpha_zoo_high_confidence_single_pair_6p0x_0p175alloc,alpha_zoo_high_confidence_single_pair,False,False,False,0.024187289576493187,0.25901188933259256,0.003784194955747777,45,8,8,True,train_trade_event_count_45_below_80;validation_trade_event_count_8_below_30;locked_oos_trade_event_count_8_below_20;primary_10bps_promotion_gate_failed
83,no_promotion,shadow_only_thin_sample,fresh_tv10_filter_symbol_bnb_usdt_abs_score_ge_1p5_alpha_zoo_conservative_exit_carry_forward_old_split_selected_9p0x_0p125alloc,alpha_zoo_conservative_exit_carry_forward_old_split_selected,False,False,False,0.13101215359045804,0.09718857670445247,-0.03346031687530693,108,16,15,True,validation_trade_event_count_16_below_30;locked_oos_trade_event_count_15_below_20;locked_oos_return_not_positive;primary_10bps_promotion_gate_failed
84,no_promotion,shadow_only_thin_sample,fresh_tv10_filter_symbol_bnb_usdt_abs_score_ge_1p5_alpha_zoo_conservative_exit_9p0x_0p125alloc,alpha_zoo_conservative_exit,False,False,False,0.13101215359045804,0.09718857670445247,-0.03346031687530693,108,16,15,True,validation_trade_event_count_16_below_30;locked_oos_trade_event_count_15_below_20;locked_oos_return_not_positive;primary_10bps_promotion_gate_failed
85,no_promotion,shadow_only_thin_sample,fresh_tv10_filter_symbol_bnb_usdt_abs_score_ge_2_alpha_zoo_range_sweep_blend_6p0x_0p2alloc,alpha_zoo_range_sweep_blend,False,False,False,0.13205630121945044,0.09417617669980038,-0.01762451756503225,66,14,10,True,train_trade_event_count_66_below_80;validation_trade_event_count_14_below_30;locked_oos_trade_event_count_10_below_20;locked_oos_return_not_positive;primary_10bps_promotion_gate_failed
86,no_promotion,shadow_only_thin_sample,fresh_tv10_filter_symbol_eth_usdt_abs_score_ge_2_alpha_zoo_high_confidence_single_pair_5p0x_0p2alloc,alpha_zoo_high_confidence_single_pair,False,False,False,0.02303363115822865,0.2464034378701192,0.003630105966579533,45,8,8,True,train_trade_event_count_45_below_80;validation_trade_event_count_8_below_30;locked_oos_trade_event_count_8_below_20;primary_10bps_promotion_gate_failed
87,no_promotion,shadow_only_thin_sample,fresh_tv10_filter_symbol_bnb_usdt_abs_score_ge_1p5_alpha_zoo_conservative_exit_carry_forward_old_split_selected_11p0x_0p1alloc,alpha_zoo_conservative_exit_carry_forward_old_split_selected,False,False,False,0.1279896444081794,0.09523463967946122,-0.032721321388984204,108,16,15,True,validation_trade_event_count_16_below_30;locked_oos_trade_event_count_15_below_20;locked_oos_return_not_positive;primary_10bps_promotion_gate_failed
88,no_promotion,shadow_only_thin_sample,fresh_tv10_filter_symbol_bnb_usdt_abs_score_ge_1p5_alpha_zoo_conservative_exit_11p0x_0p1alloc,alpha_zoo_conservative_exit,False,False,False,0.1279896444081794,0.09523463967946122,-0.032721321388984204,108,16,15,True,validation_trade_event_count_16_below_30;locked_oos_trade_event_count_15_below_20;locked_oos_return_not_positive;primary_10bps_promotion_gate_failed
89,no_promotion,shadow_only_thin_sample,fresh_tv10_filter_abs_score_ge_3_alpha_zoo_conservative_exit_carry_forward_old_split_selected_6p0x_0p075alloc,alpha_zoo_conservative_exit_carry_forward_old_split_selected,False,False,False,0.03249498465902212,0.17919983203922518,-0.00096570626781467,42,8,1,True,train_trade_event_count_42_below_80;validation_trade_event_count_8_below_30;locked_oos_trade_event_count_1_below_20;locked_oos_return_not_positive;primary_10bps_promotion_gate_failed
90,no_promotion,shadow_only_thin_sample,fresh_tv10_filter_abs_score_ge_3_alpha_zoo_conservative_exit_carry_forward_old_split_selected_3p0x_0p15alloc,alpha_zoo_conservative_exit_carry_forward_old_split_selected,False,False,False,0.03249498465902212,0.17919983203922518,-0.00096570626781467,42,8,1,True,train_trade_event_count_42_below_80;validation_trade_event_count_8_below_30;locked_oos_trade_event_count_1_below_20;locked_oos_return_not_positive;primary_10bps_promotion_gate_failed
91,no_promotion,shadow_only_thin_sample,fresh_tv10_filter_abs_score_ge_3_alpha_zoo_conservative_exit_6p0x_0p075alloc,alpha_zoo_conservative_exit,False,False,False,0.03249498465902212,0.17919983203922518,-0.00096570626781467,42,8,1,True,train_trade_event_count_42_below_80;validation_trade_event_count_8_below_30;locked_oos_trade_event_count_1_below_20;locked_oos_return_not_positive;primary_10bps_promotion_gate_failed
92,no_promotion,shadow_only_thin_sample,fresh_tv10_filter_abs_score_ge_3_alpha_zoo_conservative_exit_3p0x_0p15alloc,alpha_zoo_conservative_exit,False,False,False,0.03249498465902212,0.17919983203922518,-0.00096570626781467,42,8,1,True,train_trade_event_count_42_below_80;validation_trade_event_count_8_below_30;locked_oos_trade_event_count_1_below_20;locked_oos_return_not_positive;primary_10bps_promotion_gate_failed
93,no_promotion,shadow_only_thin_sample,fresh_tv10_filter_symbol_eth_usdt_abs_score_ge_2_alpha_zoo_high_confidence_single_pair_6p0x_0p15alloc,alpha_zoo_high_confidence_single_pair,False,False,False,0.020726852792323447,0.22123123603023065,0.003314111846650425,45,8,8,True,train_trade_event_count_45_below_80;validation_trade_event_count_8_below_30;locked_oos_trade_event_count_8_below_20;primary_10bps_promotion_gate_failed
94,no_promotion,shadow_only_thin_sample,fresh_tv10_filter_symbol_bnb_usdt_abs_score_ge_1p5_alpha_zoo_conservative_exit_carry_forward_old_split_selected_7p0x_0p15alloc,alpha_zoo_conservative_exit_carry_forward_old_split_selected,False,False,False,0.12195989345526548,0.09129617638114174,-0.031242693501600582,108,16,15,True,validation_trade_event_count_16_below_30;locked_oos_trade_event_count_15_below_20;locked_oos_return_not_positive;primary_10bps_promotion_gate_failed
95,no_promotion,shadow_only_thin_sample,fresh_tv10_filter_symbol_bnb_usdt_abs_score_ge_1p5_alpha_zoo_conservative_exit_7p0x_0p15alloc,alpha_zoo_conservative_exit,False,False,False,0.12195989345526548,0.09129617638114174,-0.031242693501600582,108,16,15,True,validation_trade_event_count_16_below_30;locked_oos_trade_event_count_15_below_20;locked_oos_return_not_positive;primary_10bps_promotion_gate_failed
96,no_promotion,shadow_only_thin_sample,fresh_tv10_filter_symbol_bnb_usdt_abs_score_ge_1p5_alpha_zoo_conservative_exit_carry_forward_old_split_selected_6p0x_0p175alloc,alpha_zoo_conservative_exit_carry_forward_old_split_selected,False,False,False,0.12195989345526526,0.09129617638114174,-0.031242693501600582,108,16,15,True,validation_trade_event_count_16_below_30;locked_oos_trade_event_count_15_below_20;locked_oos_return_not_positive;primary_10bps_promotion_gate_failed
97,no_promotion,shadow_only_thin_sample,fresh_tv10_filter_symbol_bnb_usdt_abs_score_ge_1p5_alpha_zoo_conservative_exit_6p0x_0p175alloc,alpha_zoo_conservative_exit,False,False,False,0.12195989345526526,0.09129617638114174,-0.031242693501600582,108,16,15,True,validation_trade_event_count_16_below_30;locked_oos_trade_event_count_15_below_20;locked_oos_return_not_positive;primary_10bps_promotion_gate_failed
98,no_promotion,shadow_only_thin_sample,fresh_tv10_filter_symbol_eth_usdt_abs_score_ge_2_alpha_zoo_high_confidence_single_pair_7p0x_0p125alloc,alpha_zoo_high_confidence_single_pair,False,False,False,0.020150271452443747,0.21494914983709146,0.0032334842423042964,45,8,8,True,train_trade_event_count_45_below_80;validation_trade_event_count_8_below_30;locked_oos_trade_event_count_8_below_20;primary_10bps_promotion_gate_failed
99,no_promotion,shadow_only_thin_sample,fresh_tv10_filter_symbol_eth_usdt_abs_score_ge_2_alpha_zoo_high_confidence_single_pair_5p0x_0p175alloc,alpha_zoo_high_confidence_single_pair,False,False,False,0.020150271452443747,0.21494914983709146,0.0032334842423042964,45,8,8,True,train_trade_event_count_45_below_80;validation_trade_event_count_8_below_30;locked_oos_trade_event_count_8_below_20;primary_10bps_promotion_gate_failed
100,no_promotion,shadow_only_thin_sample,fresh_tv10_filter_abs_score_ge_3_alpha_zoo_conservative_exit_carry_forward_old_split_selected_7p0x_0p075alloc,alpha_zoo_conservative_exit_carry_forward_old_split_selected,False,False,False,0.03790541022974048,0.12513334793034403,-0.0011266573124504298,42,8,1,True,train_trade_event_count_42_below_80;validation_trade_event_count_8_below_30;locked_oos_trade_event_count_1_below_20;locked_oos_return_not_positive;primary_10bps_promotion_gate_failed
101,no_promotion,shadow_only_thin_sample,fresh_tv10_filter_abs_score_ge_3_alpha_zoo_conservative_exit_7p0x_0p075alloc,alpha_zoo_conservative_exit,False,False,False,0.03790541022974048,0.12513334793034403,-0.0011266573124504298,42,8,1,True,train_trade_event_count_42_below_80;validation_trade_event_count_8_below_30;locked_oos_trade_event_count_1_below_20;locked_oos_return_not_positive;primary_10bps_promotion_gate_failed
102,no_promotion,reject_or_quarantine,fresh_tv10_filter_abs_score_ge_1p5_alpha_zoo_quality_single_pair_7p0x_0p2alloc,alpha_zoo_quality_single_pair,False,False,False,0.004724291764729438,0.456915810382841,0.01838205310269525,405,86,53,True,validation_return_0.0047_below_0.02;validation_mdd_0.1491_above_0.12
103,no_promotion,shadow_only_thin_sample,fresh_tv10_filter_side_long_symbol_bnb_usdt_abs_score_ge_2_alpha_zoo_range_sweep_blend_7p0x_0p175alloc,alpha_zoo_range_sweep_blend,False,False,False,0.056621351924249996,0.09881665787765259,0.0005870004896633141,36,7,5,True,train_trade_event_count_36_below_80;validation_trade_event_count_7_below_30;locked_oos_trade_event_count_5_below_20;primary_10bps_promotion_gate_failed
104,no_promotion,shadow_only_thin_sample,fresh_tv10_filter_abs_score_ge_3_alpha_zoo_conservative_exit_carry_forward_old_split_selected_4p0x_0p1alloc,alpha_zoo_conservative_exit_carry_forward_old_split_selected,False,False,False,0.0288870948606903,0.15816574413773776,-0.0008584055713908301,42,8,1,True,train_trade_event_count_42_below_80;validation_trade_event_count_8_below_30;locked_oos_trade_event_count_1_below_20;locked_oos_return_not_positive;primary_10bps_promotion_gate_failed
105,no_promotion,shadow_only_thin_sample,fresh_tv10_filter_abs_score_ge_3_alpha_zoo_conservative_exit_carry_forward_old_split_selected_2p0x_0p2alloc,alpha_zoo_conservative_exit_carry_forward_old_split_selected,False,False,False,0.0288870948606903,0.15816574413773776,-0.0008584055713908301,42,8,1,True,train_trade_event_count_42_below_80;validation_trade_event_count_8_below_30;locked_oos_trade_event_count_1_below_20;locked_oos_return_not_positive;primary_10bps_promotion_gate_failed
106,no_promotion,shadow_only_thin_sample,fresh_tv10_filter_abs_score_ge_3_alpha_zoo_conservative_exit_4p0x_0p1alloc,alpha_zoo_conservative_exit,False,False,False,0.0288870948606903,0.15816574413773776,-0.0008584055713908301,42,8,1,True,train_trade_event_count_42_below_80;validation_trade_event_count_8_below_30;locked_oos_trade_event_count_1_below_20;locked_oos_return_not_positive;primary_10bps_promotion_gate_failed
107,no_promotion,shadow_only_thin_sample,fresh_tv10_filter_abs_score_ge_3_alpha_zoo_conservative_exit_2p0x_0p2alloc,alpha_zoo_conservative_exit,False,False,False,0.0288870948606903,0.15816574413773776,-0.0008584055713908301,42,8,1,True,train_trade_event_count_42_below_80;validation_trade_event_count_8_below_30;locked_oos_trade_event_count_1_below_20;locked_oos_return_not_positive;primary_10bps_promotion_gate_failed
108,no_promotion,reject_or_quarantine,fresh_tv10_filter_abs_score_ge_1p5_alpha_zoo_conservative_exit_carry_forward_old_split_selected_5p0x_0p125alloc,alpha_zoo_conservative_exit_carry_forward_old_split_selected,False,False,False,0.1590848205113926,0.05005015361318299,-0.024707369184912453,476,103,56,True,train_validation_return_ratio_0.3146_below_0.50;locked_oos_return_not_positive;primary_10bps_promotion_gate_failed
109,no_promotion,reject_or_quarantine,fresh_tv10_filter_abs_score_ge_1p5_alpha_zoo_conservative_exit_5p0x_0p125alloc,alpha_zoo_conservative_exit,False,False,False,0.1590848205113926,0.05005015361318299,-0.024707369184912453,476,103,56,True,train_validation_return_ratio_0.3146_below_0.50;locked_oos_return_not_positive;primary_10bps_promotion_gate_failed
110,no_promotion,shadow_only_thin_sample,fresh_tv10_filter_side_long_symbol_bnb_usdt_abs_score_ge_2_alpha_zoo_range_sweep_blend_6p0x_0p2alloc,alpha_zoo_range_sweep_blend,False,False,False,0.05545033619338402,0.09677798167411034,0.0005779253023820985,36,7,5,True,train_trade_event_count_36_below_80;validation_trade_event_count_7_below_30;locked_oos_trade_event_count_5_below_20;primary_10bps_promotion_gate_failed
111,no_promotion,reject_or_quarantine,fresh_tv10_filter_abs_score_ge_1p5_alpha_zoo_quality_single_pair_7p0x_0p175alloc,alpha_zoo_quality_single_pair,False,False,False,0.0055326884968947,0.4107111658372702,0.017061480665671036,405,86,53,True,validation_return_0.0055_below_0.02;validation_mdd_0.1315_above_0.12
112,no_promotion,reject_or_quarantine,fresh_tv10_filter_abs_score_ge_1p5_alpha_zoo_quality_single_pair_6p0x_0p2alloc,alpha_zoo_quality_single_pair,False,False,False,0.005615638424664615,0.403752335563754,0.016850218726474075,405,86,53,True,validation_return_0.0056_below_0.02;validation_mdd_0.1290_above_0.12
113,no_promotion,shadow_only_thin_sample,fresh_tv10_filter_symbol_eth_usdt_abs_score_ge_2_alpha_zoo_high_confidence_single_pair_4p0x_0p2alloc,alpha_zoo_high_confidence_single_pair,False,False,False,0.018420802169804462,0.19613363643990334,0.00298768971420893,45,8,8,True,train_trade_event_count_45_below_80;validation_trade_event_count_8_below_30;locked_oos_trade_event_count_8_below_20;validation_return_0.0184_below_0.02;primary_10bps_promotion_gate_failed
114,no_promotion,shadow_only_thin_sample,fresh_tv10_filter_symbol_bnb_usdt_abs_score_ge_1p5_alpha_zoo_conservative_exit_carry_forward_old_split_selected_8p0x_0p125alloc,alpha_zoo_conservative_exit_carry_forward_old_split_selected,False,False,False,0.11595048157863652,0.08731731077516924,-0.029763218602754882,108,16,15,True,validation_trade_event_count_16_below_30;locked_oos_trade_event_count_15_below_20;locked_oos_return_not_positive;primary_10bps_promotion_gate_failed
115,no_promotion,shadow_only_thin_sample,fresh_tv10_filter_symbol_bnb_usdt_abs_score_ge_1p5_alpha_zoo_conservative_exit_carry_forward_old_split_selected_5p0x_0p2alloc,alpha_zoo_conservative_exit_carry_forward_old_split_selected,False,False,False,0.11595048157863652,0.08731731077516924,-0.029763218602754882,108,16,15,True,validation_trade_event_count_16_below_30;locked_oos_trade_event_count_15_below_20;locked_oos_return_not_positive;primary_10bps_promotion_gate_failed
116,no_promotion,shadow_only_thin_sample,fresh_tv10_filter_symbol_bnb_usdt_abs_score_ge_1p5_alpha_zoo_conservative_exit_carry_forward_old_split_selected_10p0x_0p1alloc,alpha_zoo_conservative_exit_carry_forward_old_split_selected,False,False,False,0.11595048157863652,0.08731731077516924,-0.029763218602754882,108,16,15,True,validation_trade_event_count_16_below_30;locked_oos_trade_event_count_15_below_20;locked_oos_return_not_positive;primary_10bps_promotion_gate_failed
117,no_promotion,shadow_only_thin_sample,fresh_tv10_filter_symbol_bnb_usdt_abs_score_ge_1p5_alpha_zoo_conservative_exit_8p0x_0p125alloc,alpha_zoo_conservative_exit,False,False,False,0.11595048157863652,0.08731731077516924,-0.029763218602754882,108,16,15,True,validation_trade_event_count_16_below_30;locked_oos_trade_event_count_15_below_20;locked_oos_return_not_positive;primary_10bps_promotion_gate_failed
118,no_promotion,shadow_only_thin_sample,fresh_tv10_filter_symbol_bnb_usdt_abs_score_ge_1p5_alpha_zoo_conservative_exit_5p0x_0p2alloc,alpha_zoo_conservative_exit,False,False,False,0.11595048157863652,0.08731731077516924,-0.029763218602754882,108,16,15,True,validation_trade_event_count_16_below_30;locked_oos_trade_event_count_15_below_20;locked_oos_return_not_positive;primary_10bps_promotion_gate_failed
119,no_promotion,shadow_only_thin_sample,fresh_tv10_filter_symbol_bnb_usdt_abs_score_ge_1p5_alpha_zoo_conservative_exit_10p0x_0p1alloc,alpha_zoo_conservative_exit,False,False,False,0.11595048157863652,0.08731731077516924,-0.029763218602754882,108,16,15,True,validation_trade_event_count_16_below_30;locked_oos_trade_event_count_15_below_20;locked_oos_return_not_positive;primary_10bps_promotion_gate_failed
120,no_promotion,shadow_only_thin_sample,fresh_tv10_filter_abs_score_ge_3_alpha_zoo_conservative_exit_carry_forward_old_split_selected_5p0x_0p075alloc,alpha_zoo_conservative_exit_carry_forward_old_split_selected,False,False,False,0.02708287726849834,0.14775623141234684,-0.0008047552231789101,42,8,1,True,train_trade_event_count_42_below_80;validation_trade_event_count_8_below_30;locked_oos_trade_event_count_1_below_20;locked_oos_return_not_positive;primary_10bps_promotion_gate_failed
