profile_id,symbol,asset_group,family,timeframe,side,lookback_bars,threshold,exit_threshold,min_hold_bars,cooldown_bars,integer_leverage,notional_fraction,train_return,validation_return,train_mdd,validation_mdd,train_trade_event_count,validation_trade_event_count,train_return_per_turnover_proxy_bps,validation_return_per_turnover_proxy_bps,train_validation_score,profile_objective_score,dominant_anchor,dominant_anchor_abs_corr,ready_for_paper,rejection_reasons,source_profile_id,source_model_id,live_efficiency_score,efficiency_repair_reasons
balanced_mdd12_gross5_69_asset_efficiency_repair_optuna,BTCUSDT,crypto_core,cross_sectional_momentum_rank,2h,long_only,12,0.3,0.6,48,3,1,0.1,0.0007953853423159352,-0.0028639916236484764,0.03841548215684021,0.016082824069319268,125,20,0.6363082738527481,-14.319958118242383,-0.2453472935114134,,high_beta_alt_sol,0.01676825091921758,False,validation_trade_event_count_20_below_30;validation_return_-0.0029_below_0.02;train_return_per_turnover_proxy_bps_0.636_not_above_10.000;validation_return_per_turnover_proxy_bps_-14.320_not_above_10.000,balanced_mdd12_gross5_69_asset_profile_optuna,az69_balanced_mdd12_gross5_69_asset_profile_optuna_cross_sectional_momentum_rank_2h_btcusdt_lb12_th0p3_exit0p6_hold48_cool3_lev1_long_only_79e6ab7d,-15.440973026169656,validation_return_not_positive;train_rpt_0.636_not_above_10bps;validation_rpt_-14.320_not_above_10bps
balanced_mdd12_gross5_69_asset_efficiency_repair_optuna,ETHUSDT,crypto_core,volatility_adjusted_trend_persistence,30m,short_only,12,1.4,0.4,18,18,5,0.5,0.12296370506731313,0.004318476348742939,0.2167749185254797,0.05034545414792069,600,76,4.098790168910438,1.1364411444060367,-0.11357258271097077,,silver_metal_beta,0.02537803193528717,False,validation_return_0.0043_below_0.02;train_return_per_turnover_proxy_bps_4.099_not_above_10.000;validation_return_per_turnover_proxy_bps_1.136_not_above_10.000,balanced_mdd12_gross5_69_asset_profile_optuna,az69_balanced_mdd12_gross5_69_asset_profile_optuna_volatility_adjusted_trend_persistence_30m_ethusdt_lb12_th1p4_exit0p4_hold18_cool18_lev5_short_only_88a82596,-11.797181799259354,train_rpt_4.099_not_above_10bps;validation_rpt_1.136_not_above_10bps
balanced_mdd12_gross5_69_asset_efficiency_repair_optuna,SOLUSDT,crypto_core,volatility_adjusted_trend_persistence,4h,long_short,48,0.6000000000000001,0.35000000000000003,36,6,3,0.30000000000000004,0.11023611172871739,0.031876838326695855,0.14156879220796292,0.03012614662715185,78,9,47.109449456716824,118.06236417294761,1.6860152341787547,,high_beta_alt_sol,0.033978676073108775,False,train_trade_event_count_78_below_80;validation_trade_event_count_9_below_30,balanced_mdd12_gross5_69_asset_profile_optuna,az69_balanced_mdd12_gross5_69_asset_profile_optuna_volatility_adjusted_trend_persistence_4h_solusdt_lb48_th0p6_exit0p35_hold36_cool6_lev3_long_short_b9298790,1.6410356328399853,
balanced_mdd12_gross5_69_asset_efficiency_repair_optuna,BNBUSDT,crypto_core,cross_sectional_momentum_rank,1h,short_only,48,0.05,0.5,54,15,3,0.30000000000000004,0.027345045765097664,0.005788980383583109,0.036910374310431204,0.005185658574980212,39,6,23.37183398726296,32.16100213101727,0.5863624306937241,,crypto_liquidity_eth,0.013294533021782639,False,train_trade_event_count_39_below_80;validation_trade_event_count_6_below_30;validation_return_0.0058_below_0.02,balanced_mdd12_gross5_69_asset_profile_optuna,az69_balanced_mdd12_gross5_69_asset_profile_optuna_cross_sectional_momentum_rank_1h_bnbusdt_lb48_th0p05_exit0p5_hold54_cool15_lev3_short_only_3045becd,-2.6790631671101113,validation_events_6_below_8
balanced_mdd12_gross5_69_asset_efficiency_repair_optuna,TRXUSDT,crypto_core,volatility_adjusted_trend_persistence,1h,long_only,6,1.3,0.15000000000000002,30,9,6,0.6000000000000001,0.10163424914604247,0.0037737090694740516,0.12884899193131882,0.03256147721479541,395,54,4.28836494287099,1.1647250214426084,-0.04571790904811314,,crypto_liquidity_eth,0.018214731698586496,False,validation_return_0.0038_below_0.02;train_return_per_turnover_proxy_bps_4.288_not_above_10.000;validation_return_per_turnover_proxy_bps_1.165_not_above_10.000,balanced_mdd12_gross5_69_asset_profile_optuna,az69_balanced_mdd12_gross5_69_asset_profile_optuna_volatility_adjusted_trend_persistence_1h_trxusdt_lb6_th1p3_exit0p15_hold30_cool9_lev6_long_only_8b3d8711,-11.390899705818617,train_rpt_4.288_not_above_10bps;validation_rpt_1.165_not_above_10bps
balanced_mdd12_gross5_69_asset_efficiency_repair_optuna,XRPUSDT,crypto_core,trend_pullback_reclaim,30m,long_only,96,-0.75,0.0,24,15,3,0.30000000000000004,0.034099108557361424,0.0028143683197177083,0.09127168589909296,0.015289813439966826,64,4,17.759952373625737,23.4530693309809,0.37416650762411985,,high_beta_alt_sol,0.04119157497444714,False,train_trade_event_count_64_below_80;validation_trade_event_count_4_below_30;validation_return_0.0028_below_0.02,balanced_mdd12_gross5_69_asset_profile_optuna,az69_balanced_mdd12_gross5_69_asset_profile_optuna_trend_pullback_reclaim_30m_xrpusdt_lb96_th-0p75_exit0_hold24_cool15_lev3_long_only_0bc05249,-6.131711020188809,validation_events_4_below_8
balanced_mdd12_gross5_69_asset_efficiency_repair_optuna,DOGEUSDT,crypto_core,cross_sectional_momentum_rank,1h,short_only,12,0.05,0.35,12,12,2,0.2,0.17778480218217974,-0.012705089258650104,0.06666682680100156,0.018326134890692347,332,28,26.774819605749958,-22.687659390446612,-0.22296449514365807,,crypto_liquidity_eth,0.015301300714141805,False,validation_trade_event_count_28_below_30;validation_return_-0.0127_below_0.02;validation_return_per_turnover_proxy_bps_-22.688_not_above_10.000,balanced_mdd12_gross5_69_asset_profile_optuna,az69_balanced_mdd12_gross5_69_asset_profile_optuna_cross_sectional_momentum_rank_1h_dogeusdt_lb12_th0p05_exit0p35_hold12_cool12_lev2_short_only_5b714ea3,-13.576987504518534,validation_return_not_positive;validation_rpt_-22.688_not_above_10bps
balanced_mdd12_gross5_69_asset_efficiency_repair_optuna,ADAUSDT,crypto_core,cross_sectional_momentum_rank,4h,short_only,6,0.05,0.39999999999999997,42,18,3,0.30000000000000004,0.17947479293710078,0.017305400855920583,0.1307874611353096,0.030440253935924422,64,7,93.47645465473998,82.40667074247895,1.7372404227601472,,us_equity_beta_spy,0.032278410764497015,False,train_trade_event_count_64_below_80;validation_trade_event_count_7_below_30;validation_return_0.0173_below_0.02,balanced_mdd12_gross5_69_asset_profile_optuna,az69_balanced_mdd12_gross5_69_asset_profile_optuna_cross_sectional_momentum_rank_4h_adausdt_lb6_th0p05_exit0p4_hold42_cool18_lev3_short_only_ad0b8fd3,1.1190987025426082,validation_events_7_below_8
balanced_mdd12_gross5_69_asset_efficiency_repair_optuna,AVAXUSDT,crypto_core,volatility_adjusted_trend_persistence,30m,short_only,6,2.0,0.05,24,12,4,0.4,0.010291804118239156,0.01690029670353388,0.2325665074946518,0.047241204702956896,525,66,0.4900859103923408,6.401627539217378,0.0038460422007911554,,high_beta_alt_sol,0.016193759127512277,False,validation_return_0.0169_below_0.02;train_return_below_validation_return_possible_validation_spike;train_return_per_turnover_proxy_bps_0.490_not_above_10.000;validation_return_per_turnover_proxy_bps_6.402_not_above_10.000,balanced_mdd12_gross5_69_asset_profile_optuna,az69_balanced_mdd12_gross5_69_asset_profile_optuna_volatility_adjusted_trend_persistence_30m_avaxusdt_lb6_th2_exit0p05_hold24_cool12_lev4_short_only_55f288f8,-11.153006060854407,train_below_validation_spike_risk;train_rpt_0.490_not_above_10bps;validation_rpt_6.402_not_above_10bps
balanced_mdd12_gross5_69_asset_efficiency_repair_optuna,TONUSDT,crypto_core,volatility_adjusted_trend_persistence,2h,long_short,24,2.0,0.05,72,6,4,0.4,0.3114301773141095,0.3090850708968318,0.1393660261404409,0.0783030969110654,72,8,108.1354782340658,965.8908465525993,4.567540230320085,,high_beta_alt_sol,0.014848062945894538,False,train_trade_event_count_72_below_80;validation_trade_event_count_8_below_30,balanced_mdd12_gross5_69_asset_profile_optuna,az69_balanced_mdd12_gross5_69_asset_profile_optuna_volatility_adjusted_trend_persistence_2h_tonusdt_lb24_th2_exit0p05_hold72_cool6_lev4_long_short_ef3f28cf,6.236688362403058,
balanced_mdd12_gross5_69_asset_efficiency_repair_optuna,XAUUSDT,tradfi_commodity,cross_sectional_momentum_rank,2h,long_short,24,0.15000000000000002,0.55,72,3,2,0.2,0.019358561669367447,0.005089012169428031,0.023225435257937188,0.004978937610694456,16,2,60.49550521677327,127.22530423570078,1.6436701864176768,,precious_metal_gold,0.05155338919490279,False,train_trade_event_count_16_below_80;validation_trade_event_count_2_below_30;validation_return_0.0051_below_0.02,balanced_mdd12_gross5_69_asset_profile_optuna,az69_balanced_mdd12_gross5_69_asset_profile_optuna_cross_sectional_momentum_rank_2h_xauusdt_lb24_th0p15_exit0p55_hold72_cool3_lev2_long_short_aa95705b,-1.3076022639187554,train_events_16_below_20;validation_events_2_below_8
balanced_mdd12_gross5_69_asset_efficiency_repair_optuna,XAGUSDT,tradfi_commodity,volatility_adjusted_trend_persistence,1h,long_only,6,0.8,0.3,48,9,5,0.5,0.1538829362508609,0.07276002798067993,0.16469536482714142,0.05063850187291541,58,37,53.06308146581411,39.329744854421584,1.3678557689223771,,silver_metal_beta,0.030776332280309748,False,train_trade_event_count_58_below_80,balanced_mdd12_gross5_69_asset_profile_optuna,az69_balanced_mdd12_gross5_69_asset_profile_optuna_volatility_adjusted_trend_persistence_1h_xagusdt_lb6_th0p8_exit0p3_hold48_cool9_lev5_long_only_564a2219,1.5428607350523207,
balanced_mdd12_gross5_69_asset_efficiency_repair_optuna,XPTUSDT,tradfi_commodity,volatility_adjusted_trend_persistence,2h,long_short,6,0.8,0.15000000000000002,66,6,6,0.6000000000000001,0.14017114488401283,0.09250314631732937,0.07977724620146509,0.04711156565456576,20,17,116.809287403344,90.68935913463663,2.5313265066701063,,precious_metal_gold,0.03359949728957383,False,train_trade_event_count_20_below_80;validation_trade_event_count_17_below_30,balanced_mdd12_gross5_69_asset_profile_optuna,az69_balanced_mdd12_gross5_69_asset_profile_optuna_volatility_adjusted_trend_persistence_2h_xptusdt_lb6_th0p8_exit0p15_hold66_cool6_lev6_long_short_976510bf,2.623919628854612,
balanced_mdd12_gross5_69_asset_efficiency_repair_optuna,XPDUSDT,tradfi_commodity,volatility_adjusted_trend_persistence,4h,short_only,6,2.0,0.5,6,18,2,0.2,0.017496569861329414,0.0036178424973538625,0.010434020923731135,0.005893054266798203,9,10,97.20316589627451,18.089212486769313,1.0218149189796155,,tech_growth_qqq,0.03494607626866827,False,train_trade_event_count_9_below_80;validation_trade_event_count_10_below_30;validation_return_0.0036_below_0.02,balanced_mdd12_gross5_69_asset_profile_optuna,az69_balanced_mdd12_gross5_69_asset_profile_optuna_volatility_adjusted_trend_persistence_4h_xpdusdt_lb6_th2_exit0p5_hold6_cool18_lev2_short_only_18dbcc03,-4.312472607633386,train_events_9_below_20
balanced_mdd12_gross5_69_asset_efficiency_repair_optuna,COPPERUSDT,tradfi_commodity,volatility_adjusted_trend_persistence,30m,long_short,72,1.2000000000000002,0.1,72,15,5,0.5,0.004385781747489714,0.03686214403616472,0.026648907255256038,0.028573532155053427,17,35,5.1597432323408405,21.06408230637984,0.3018431040762466,,energy_crude_beta,0.023224035156881317,False,train_trade_event_count_17_below_80;train_return_below_validation_return_possible_validation_spike;train_return_per_turnover_proxy_bps_5.160_not_above_10.000,balanced_mdd12_gross5_69_asset_profile_optuna,az69_balanced_mdd12_gross5_69_asset_profile_optuna_volatility_adjusted_trend_persistence_30m_copperusdt_lb72_th1p2_exit0p1_hold72_cool15_lev5_long_short_24e9d49e,-8.244218348504678,train_below_validation_spike_risk;train_events_17_below_20;train_rpt_5.160_not_above_10bps
balanced_mdd12_gross5_69_asset_efficiency_repair_optuna,CLUSDT,tradfi_commodity,volatility_adjusted_trend_persistence,1h,long_only,6,0.4,0.1,24,3,2,0.2,0.014556467434432507,0.02247138404012361,0.00795808442815793,0.03499120902631303,3,75,242.6077905738751,14.98092269341574,1.0218543842657717,,energy_crude_beta,0.03968005075071285,False,train_trade_event_count_3_below_80;train_return_below_validation_return_possible_validation_spike,balanced_mdd12_gross5_69_asset_profile_optuna,az69_balanced_mdd12_gross5_69_asset_profile_optuna_volatility_adjusted_trend_persistence_1h_clusdt_lb6_th0p4_exit0p1_hold24_cool3_lev2_long_only_16262f55,-5.124390526593986,train_below_validation_spike_risk;train_events_3_below_20
balanced_mdd12_gross5_69_asset_efficiency_repair_optuna,BZUSDT,tradfi_commodity,volatility_adjusted_trend_persistence,4h,long_short,12,1.4,0.2,6,15,5,0.5,0.0004859377276951182,-0.020789854507252126,0.0009603868732762644,0.057029114373357115,1,22,9.718754553902365,-18.899867733865566,-0.5546289844060881,,energy_crude_beta,0.08092200543576131,False,train_trade_event_count_1_below_80;validation_trade_event_count_22_below_30;validation_return_-0.0208_below_0.02;train_return_per_turnover_proxy_bps_9.719_not_above_10.000;validation_return_per_turnover_proxy_bps_-18.900_not_above_10.000,balanced_mdd12_gross5_69_asset_profile_optuna,az69_balanced_mdd12_gross5_69_asset_profile_optuna_volatility_adjusted_trend_persistence_4h_bzusdt_lb12_th1p4_exit0p2_hold6_cool15_lev5_long_short_3d1b3ef4,-18.332666176312944,validation_return_not_positive;train_events_1_below_20;train_rpt_9.719_not_above_10bps;validation_rpt_-18.900_not_above_10bps
balanced_mdd12_gross5_69_asset_efficiency_repair_optuna,NATGASUSDT,tradfi_commodity,cross_sectional_momentum_rank,30m,long_only,48,0.25,0.39999999999999997,30,3,2,0.2,-0.00017112375533423485,0.02102039339108952,0.00017112375533423485,0.012927012771841717,1,52,-8.556187766711743,20.21191672220146,0.16351611242253644,,crypto_liquidity_eth,0.044109510142417825,False,train_trade_event_count_1_below_80;train_return_not_positive;train_return_below_validation_return_possible_validation_spike;train_return_per_turnover_proxy_bps_-8.556_not_above_10.000,balanced_mdd12_gross5_69_asset_profile_optuna,az69_balanced_mdd12_gross5_69_asset_profile_optuna_cross_sectional_momentum_rank_30m_natgasusdt_lb48_th0p25_exit0p4_hold30_cool3_lev2_long_only_1335fe64,-12.124335754582251,train_return_not_positive;train_below_validation_spike_risk;train_events_1_below_20;train_rpt_-8.556_not_above_10bps
balanced_mdd12_gross5_69_asset_efficiency_repair_optuna,EWYUSDT,tradfi_etf_index,cross_sectional_momentum_rank,4h,long_short,24,0.3,0.35,60,0,4,0.4,0.008290543451193066,0.19255961144705824,0.04629220890276742,0.054264399467663926,3,9,69.08786209327555,534.8878095751618,2.101353064125015,,precious_metal_gold,0.12345472280211724,False,train_trade_event_count_3_below_80;validation_trade_event_count_9_below_30;train_return_below_validation_return_possible_validation_spike,balanced_mdd12_gross5_69_asset_profile_optuna,az69_balanced_mdd12_gross5_69_asset_profile_optuna_cross_sectional_momentum_rank_4h_ewyusdt_lb24_th0p3_exit0p35_hold60_cool0_lev4_long_short_f91f8742,-5.982950938961646,train_below_validation_spike_risk;train_events_3_below_20
balanced_mdd12_gross5_69_asset_efficiency_repair_optuna,EWJUSDT,tradfi_etf_index,cross_sectional_momentum_rank,2h,long_only,6,0.1,0.5,54,3,5,0.5,0.0014862435974329902,-0.007029059267104176,0.023199888666883384,0.024237768713583074,3,10,9.908290649553267,-14.058118534208353,-0.2373593661923042,,energy_crude_beta,0.043367516387126354,False,train_trade_event_count_3_below_80;validation_trade_event_count_10_below_30;validation_return_-0.0070_below_0.02;train_return_per_turnover_proxy_bps_9.908_not_above_10.000;validation_return_per_turnover_proxy_bps_-14.058_not_above_10.000,balanced_mdd12_gross5_69_asset_profile_optuna,az69_balanced_mdd12_gross5_69_asset_profile_optuna_cross_sectional_momentum_rank_2h_ewjusdt_lb6_th0p1_exit0p5_hold54_cool3_lev5_long_only_b01f80c7,-16.339083860276222,validation_return_not_positive;train_events_3_below_20;train_rpt_9.908_not_above_10bps;validation_rpt_-14.058_not_above_10bps
balanced_mdd12_gross5_69_asset_efficiency_repair_optuna,TSLAUSDT,tradfi_equity,cross_sectional_momentum_rank,30m,long_only,48,0.05,0.55,48,18,3,0.30000000000000004,0.0016511549536371017,0.012574609246837953,0.0065714749310401555,0.012716192709177565,2,10,27.519249227285027,41.9153641561265,0.6926449093978921,,tech_growth_qqq,0.04044674298268112,False,train_trade_event_count_2_below_80;validation_trade_event_count_10_below_30;validation_return_0.0126_below_0.02;train_return_below_validation_return_possible_validation_spike,balanced_mdd12_gross5_69_asset_profile_optuna,az69_balanced_mdd12_gross5_69_asset_profile_optuna_cross_sectional_momentum_rank_30m_tslausdt_lb48_th0p05_exit0p55_hold48_cool18_lev3_long_only_7de52156,-3.2972554878093203,train_below_validation_spike_risk;train_events_2_below_20
balanced_mdd12_gross5_69_asset_efficiency_repair_optuna,INTCUSDT,tradfi_equity,volatility_adjusted_trend_persistence,30m,long_short,24,1.3,0.1,24,12,2,0.2,-0.012285294724352691,0.059901946880028145,0.027252298659078633,0.022634355240174986,89,79,-6.901850968737467,37.91262460761275,0.3730499637606436,,tech_growth_qqq,0.012752858073566294,False,train_return_not_positive;train_return_below_validation_return_possible_validation_spike;train_return_per_turnover_proxy_bps_-6.902_not_above_10.000,balanced_mdd12_gross5_69_asset_profile_optuna,az69_balanced_mdd12_gross5_69_asset_profile_optuna_volatility_adjusted_trend_persistence_30m_intcusdt_lb24_th1p3_exit0p1_hold24_cool12_lev2_long_short_fe75997e,-8.358780549602235,train_return_not_positive;train_below_validation_spike_risk;train_rpt_-6.902_not_above_10bps
balanced_mdd12_gross5_69_asset_efficiency_repair_optuna,HOODUSDT,tradfi_equity,trend_pullback_reclaim,1h,short_only,36,-0.25,0.0,30,6,3,0.30000000000000004,0.049379756213416615,0.013213867100697163,0.03143199753495174,0.03211273700606476,16,8,102.8744921112846,55.057779586238176,1.442167229279455,,crypto_liquidity_eth,0.06923267705257151,False,train_trade_event_count_16_below_80;validation_trade_event_count_8_below_30;validation_return_0.0132_below_0.02,balanced_mdd12_gross5_69_asset_profile_optuna,az69_balanced_mdd12_gross5_69_asset_profile_optuna_trend_pullback_reclaim_1h_hoodusdt_lb36_th-0p25_exit0_hold30_cool6_lev3_short_only_b0ba9665,0.5497181537025199,train_events_16_below_20
balanced_mdd12_gross5_69_asset_efficiency_repair_optuna,MSTRUSDT,tradfi_equity,cross_sectional_momentum_rank,1h,long_only,48,0.05,0.55,12,12,3,0.30000000000000004,0.0009817734730579453,0.02768268011194941,0.0010118158310586933,0.026215516294694097,2,10,16.36289121763242,92.27560037316469,1.146209378136271,,energy_crude_beta,0.12638820505927234,False,train_trade_event_count_2_below_80;validation_trade_event_count_10_below_30;train_return_below_validation_return_possible_validation_spike,balanced_mdd12_gross5_69_asset_profile_optuna,az69_balanced_mdd12_gross5_69_asset_profile_optuna_cross_sectional_momentum_rank_1h_mstrusdt_lb48_th0p05_exit0p55_hold12_cool12_lev3_long_only_b2b0034e,-4.924643971949863,train_below_validation_spike_risk;train_events_2_below_20
balanced_mdd12_gross5_69_asset_efficiency_repair_optuna,AMZNUSDT,tradfi_equity,volatility_adjusted_trend_persistence,2h,long_only,6,0.4,0.6,72,0,1,0.1,0.003478296864790398,0.02456977734618171,0.009059252303687981,0.007471565094355759,16,17,21.739355404939985,144.52810203636298,1.3587044074345374,,silver_metal_beta,0.03883566425895179,False,train_trade_event_count_16_below_80;validation_trade_event_count_17_below_30;train_return_below_validation_return_possible_validation_spike,balanced_mdd12_gross5_69_asset_profile_optuna,az69_balanced_mdd12_gross5_69_asset_profile_optuna_volatility_adjusted_trend_persistence_2h_amznusdt_lb6_th0p4_exit0p6_hold72_cool0_lev1_long_only_537966e8,-1.6955198263300544,train_below_validation_spike_risk;train_events_16_below_20
balanced_mdd12_gross5_69_asset_efficiency_repair_optuna,CRCLUSDT,tradfi_equity,cross_sectional_momentum_rank,30m,long_only,6,0.05,0.6,54,18,4,0.4,0.14273549660626172,0.13614600030266044,0.09957804606034004,0.07802371606600444,42,40,84.96160512277483,85.09125018916278,2.634763850069522,,high_beta_alt_sol,0.04367140990893477,False,train_trade_event_count_42_below_80,balanced_mdd12_gross5_69_asset_profile_optuna,az69_balanced_mdd12_gross5_69_asset_profile_optuna_cross_sectional_momentum_rank_30m_crclusdt_lb6_th0p05_exit0p6_hold54_cool18_lev4_long_only_be290784,2.8908842658057914,
balanced_mdd12_gross5_69_asset_efficiency_repair_optuna,COINUSDT,tradfi_equity,cross_sectional_momentum_rank,4h,long_only,12,0.2,0.39999999999999997,54,12,4,0.4,0.09197936486575498,0.04535095836509617,0.04073100032348187,0.05889406757893867,7,9,328.4977316634106,125.97488434748936,2.1397022785971034,,energy_crude_beta,0.05876326666204457,False,train_trade_event_count_7_below_80;validation_trade_event_count_9_below_30,balanced_mdd12_gross5_69_asset_profile_optuna,az69_balanced_mdd12_gross5_69_asset_profile_optuna_cross_sectional_momentum_rank_4h_coinusdt_lb12_th0p2_exit0p4_hold54_cool12_lev4_long_only_ecb6327f,0.9707228506131469,train_events_7_below_20
balanced_mdd12_gross5_69_asset_efficiency_repair_optuna,PLTRUSDT,tradfi_equity,volatility_adjusted_trend_persistence,30m,long_short,12,0.4,0.6,24,12,2,0.2,0.026267730129404976,-0.00021636583272877097,0.022200320577704935,0.05701791961982128,134,141,9.801391839330215,-0.07672547259885494,-0.14930139381355503,,precious_metal_gold,0.021033039725239264,False,validation_return_-0.0002_below_0.02;train_return_per_turnover_proxy_bps_9.801_not_above_10.000;validation_return_per_turnover_proxy_bps_-0.077_not_above_10.000,balanced_mdd12_gross5_69_asset_profile_optuna,az69_balanced_mdd12_gross5_69_asset_profile_optuna_volatility_adjusted_trend_persistence_30m_pltrusdt_lb12_th0p4_exit0p6_hold24_cool12_lev2_long_short_74ade864,-11.038740995876092,validation_return_not_positive;train_rpt_9.801_not_above_10bps;validation_rpt_-0.077_not_above_10bps
balanced_mdd12_gross5_69_asset_efficiency_repair_optuna,PAYPUSDT,tradfi_equity,cross_sectional_momentum_rank,4h,short_only,48,0.25,0.65,24,6,4,0.4,0.0031920204691224807,0.011548345718084052,0.01952587620535362,0.05069542337316291,1,6,79.80051172806202,48.11810715868354,1.0522613762078974,,tech_growth_qqq,0.0882065855432312,False,train_trade_event_count_1_below_80;validation_trade_event_count_6_below_30;validation_return_0.0115_below_0.02;train_return_below_validation_return_possible_validation_spike,balanced_mdd12_gross5_69_asset_profile_optuna,az69_balanced_mdd12_gross5_69_asset_profile_optuna_cross_sectional_momentum_rank_4h_paypusdt_lb48_th0p25_exit0p65_hold24_cool6_lev4_short_only_f0e73856,-2.6864408903522197,train_below_validation_spike_risk;train_events_1_below_20;validation_events_6_below_8
balanced_mdd12_gross5_69_asset_efficiency_repair_optuna,METAUSDT,tradfi_equity,cross_sectional_momentum_rank,2h,long_short,72,0.15000000000000002,0.44999999999999996,54,9,5,0.5,0.005886467726563316,0.04804888135404628,0.00046077930208621165,0.016535391520409504,1,7,117.72935453126632,137.28251815441794,2.060711562647607,,energy_crude_beta,0.07787293838464028,False,train_trade_event_count_1_below_80;validation_trade_event_count_7_below_30;train_return_below_validation_return_possible_validation_spike,balanced_mdd12_gross5_69_asset_profile_optuna,az69_balanced_mdd12_gross5_69_asset_profile_optuna_cross_sectional_momentum_rank_2h_metausdt_lb72_th0p15_exit0p45_hold54_cool9_lev5_long_short_85372812,-2.1703616887559636,train_below_validation_spike_risk;train_events_1_below_20;validation_events_7_below_8
balanced_mdd12_gross5_69_asset_efficiency_repair_optuna,NVDAUSDT,tradfi_equity,volatility_adjusted_trend_persistence,1h,long_short,72,0.8,0.05,18,12,2,0.2,0.0023299163550334345,-0.0023868934450612667,0.00804663585836829,0.03021614460663613,5,32,23.299163550334345,-3.729521007908229,0.009180507788068226,,crypto_liquidity_eth,0.03399052052109581,False,train_trade_event_count_5_below_80;validation_return_-0.0024_below_0.02;validation_return_per_turnover_proxy_bps_-3.730_not_above_10.000,balanced_mdd12_gross5_69_asset_profile_optuna,az69_balanced_mdd12_gross5_69_asset_profile_optuna_volatility_adjusted_trend_persistence_1h_nvdausdt_lb72_th0p8_exit0p05_hold18_cool12_lev2_long_short_ac3b46f6,-11.73478340199177,validation_return_not_positive;train_events_5_below_20;validation_rpt_-3.730_not_above_10bps
balanced_mdd12_gross5_69_asset_efficiency_repair_optuna,GOOGLUSDT,tradfi_equity,volatility_adjusted_trend_persistence,4h,long_only,6,1.1,0.4,60,18,5,0.5,0.03524810115324062,0.1192255914627458,0.01568865347442483,0.028046176811517998,1,8,704.9620230648123,298.0639786568645,2.4190491690826743,,us_equity_beta_spy,0.1389417896419326,False,train_trade_event_count_1_below_80;validation_trade_event_count_8_below_30;train_return_below_validation_return_possible_validation_spike,balanced_mdd12_gross5_69_asset_profile_optuna,az69_balanced_mdd12_gross5_69_asset_profile_optuna_volatility_adjusted_trend_persistence_4h_googlusdt_lb6_th1p1_exit0p4_hold60_cool18_lev5_long_only_a5d54c41,-2.0488939442886385,train_below_validation_spike_risk;train_events_1_below_20
growth_mdd20_gross8_69_asset_efficiency_repair_optuna,BTCUSDT,crypto_core,volatility_adjusted_trend_persistence,1h,long_only,48,1.9,0.6,18,9,3,0.30000000000000004,0.00515346324542576,-0.004031029453339663,0.03342390901756864,0.005460395577481458,70,8,2.454030116869409,-16.795956055581925,-0.22630784509365118,,high_beta_alt_sol,0.05805266543798173,False,train_trade_event_count_70_below_80;validation_trade_event_count_8_below_30;validation_return_-0.0040_below_0.02;train_return_per_turnover_proxy_bps_2.454_not_above_10.000;validation_return_per_turnover_proxy_bps_-16.796_not_above_10.000,growth_mdd20_gross8_69_asset_profile_optuna,az69_growth_mdd20_gross8_69_asset_profile_optuna_volatility_adjusted_trend_persistence_1h_btcusdt_lb48_th1p9_exit0p6_hold18_cool9_lev3_long_only_5347512d,-13.996004009756689,validation_return_not_positive;train_rpt_2.454_not_above_10bps;validation_rpt_-16.796_not_above_10bps
growth_mdd20_gross8_69_asset_efficiency_repair_optuna,ETHUSDT,crypto_core,volatility_adjusted_trend_persistence,4h,long_only,72,0.4,0.05,18,18,10,1.0,0.04596007630592225,0.07833243661559308,0.2945390328044578,0.02705681889896283,18,2,25.533375725512357,391.66218307796544,1.74939977239647,,us_equity_beta_spy,0.03340073275000889,False,train_trade_event_count_18_below_80;validation_trade_event_count_2_below_30;train_return_below_validation_return_possible_validation_spike,growth_mdd20_gross8_69_asset_profile_optuna,az69_growth_mdd20_gross8_69_asset_profile_optuna_volatility_adjusted_trend_persistence_4h_ethusdt_lb72_th0p4_exit0p05_hold18_cool18_lev10_long_only_a831545e,-0.916728935355132,train_below_validation_spike_risk;validation_events_2_below_6
growth_mdd20_gross8_69_asset_efficiency_repair_optuna,SOLUSDT,crypto_core,cross_sectional_momentum_rank,1h,short_only,12,0.1,0.55,18,18,3,0.30000000000000004,0.17256472241980236,0.012032991770708712,0.1420777235450762,0.022737973084949625,372,38,15.462788747294116,10.555255939218167,0.2694987239229204,,high_beta_alt_sol,0.010176742246560387,False,validation_return_0.0120_below_0.02,growth_mdd20_gross8_69_asset_profile_optuna,az69_growth_mdd20_gross8_69_asset_profile_optuna_cross_sectional_momentum_rank_1h_solusdt_lb12_th0p1_exit0p55_hold18_cool18_lev3_short_only_801ed849,-5.7069981918572745,
growth_mdd20_gross8_69_asset_efficiency_repair_optuna,BNBUSDT,crypto_core,volatility_adjusted_trend_persistence,30m,long_only,72,1.5,0.35000000000000003,60,6,4,0.4,0.10156475869841342,0.036940935573601674,0.09022543444588904,0.010918919324192089,119,16,21.337134180338953,57.72021183375261,1.1264083491969679,,crypto_liquidity_eth,0.023762043652567868,False,validation_trade_event_count_16_below_30,growth_mdd20_gross8_69_asset_profile_optuna,az69_growth_mdd20_gross8_69_asset_profile_optuna_volatility_adjusted_trend_persistence_30m_bnbusdt_lb72_th1p5_exit0p35_hold60_cool6_lev4_long_only_43849e2d,-0.11405787062092787,
growth_mdd20_gross8_69_asset_efficiency_repair_optuna,TRXUSDT,crypto_core,trend_pullback_reclaim,4h,long_only,96,-0.25,0.0,36,15,7,0.7000000000000001,0.12678257664827597,0.01719340358334942,0.10347452905373922,0.048916084796377435,21,4,86.2466507811401,61.40501279767649,1.3686730046733273,,crypto_liquidity_eth,0.03262824357613399,False,train_trade_event_count_21_below_80;validation_trade_event_count_4_below_30;validation_return_0.0172_below_0.02,growth_mdd20_gross8_69_asset_profile_optuna,az69_growth_mdd20_gross8_69_asset_profile_optuna_trend_pullback_reclaim_4h_trxusdt_lb96_th-0p25_exit0_hold36_cool15_lev7_long_only_55b42e66,0.4796243322866831,validation_events_4_below_6
growth_mdd20_gross8_69_asset_efficiency_repair_optuna,XRPUSDT,crypto_core,cross_sectional_momentum_rank,4h,short_only,12,0.15000000000000002,0.55,12,12,10,1.0,0.1761113558258418,0.014530627274598196,0.3973217669719711,0.061022442292408274,122,12,14.435357034905067,12.108856062165165,0.14878867703176052,,precious_metal_gold,0.02738426940100244,False,validation_trade_event_count_12_below_30;validation_return_0.0145_below_0.02,growth_mdd20_gross8_69_asset_profile_optuna,az69_growth_mdd20_gross8_69_asset_profile_optuna_cross_sectional_momentum_rank_4h_xrpusdt_lb12_th0p15_exit0p55_hold12_cool12_lev10_short_only_28df18b1,-5.691505010051812,
growth_mdd20_gross8_69_asset_efficiency_repair_optuna,DOGEUSDT,crypto_core,volatility_adjusted_trend_persistence,30m,short_only,24,0.8,0.15000000000000002,6,6,5,0.5,0.10220108363233549,0.018012218677277536,0.18785049368696638,0.060044704375569746,729,72,2.8038706071971324,5.003394077021538,0.009896115847628562,,high_beta_alt_sol,0.020673833199590236,False,validation_return_0.0180_below_0.02;train_return_per_turnover_proxy_bps_2.804_not_above_10.000;validation_return_per_turnover_proxy_bps_5.003_not_above_10.000,growth_mdd20_gross8_69_asset_profile_optuna,az69_growth_mdd20_gross8_69_asset_profile_optuna_volatility_adjusted_trend_persistence_30m_dogeusdt_lb24_th0p8_exit0p15_hold6_cool6_lev5_short_only_7280f918,-9.252427654766551,train_rpt_2.804_not_above_10bps;validation_rpt_5.003_not_above_10bps
growth_mdd20_gross8_69_asset_efficiency_repair_optuna,ADAUSDT,crypto_core,cross_sectional_momentum_rank,2h,short_only,24,0.2,0.65,24,12,8,0.8,0.22089427080739776,0.026745954793611526,0.3897529711225015,0.05912753780819813,171,16,16.14724201808463,20.895277182509002,0.38430651592954446,,crypto_beta_btc,0.029314071317840237,False,validation_trade_event_count_16_below_30,growth_mdd20_gross8_69_asset_profile_optuna,az69_growth_mdd20_gross8_69_asset_profile_optuna_cross_sectional_momentum_rank_2h_adausdt_lb24_th0p2_exit0p65_hold24_cool12_lev8_short_only_c87ef7f0,-3.287237608097107,
growth_mdd20_gross8_69_asset_efficiency_repair_optuna,AVAXUSDT,crypto_core,volatility_adjusted_trend_persistence,30m,short_only,12,0.9,0.15000000000000002,60,18,2,0.2,0.14515415147691835,0.0319925062657207,0.10923516601892702,0.017757078025148698,453,55,16.02142952283867,29.084096605200635,0.6895690390607478,,high_beta_alt_sol,0.012006394974430989,True,,growth_mdd20_gross8_69_asset_profile_optuna,az69_growth_mdd20_gross8_69_asset_profile_optuna_volatility_adjusted_trend_persistence_30m_avaxusdt_lb12_th0p9_exit0p15_hold60_cool18_lev2_short_only_364ed725,-1.4461201559479502,
growth_mdd20_gross8_69_asset_efficiency_repair_optuna,TONUSDT,crypto_core,volatility_adjusted_trend_persistence,30m,long_short,48,1.1,0.1,60,9,7,0.7000000000000001,0.5941603890259917,0.9190164830530254,0.33836323023063253,0.16880787810171494,407,44,20.855050509862814,298.38197501721595,7.228763664114464,,energy_crude_beta,0.027352967936484195,False,train_return_below_validation_return_possible_validation_spike,growth_mdd20_gross8_69_asset_profile_optuna,az69_growth_mdd20_gross8_69_asset_profile_optuna_volatility_adjusted_trend_persistence_30m_tonusdt_lb48_th1p1_exit0p1_hold60_cool9_lev7_long_short_03b58684,-1.8998451960721123,train_below_validation_spike_risk
growth_mdd20_gross8_69_asset_efficiency_repair_optuna,XAUUSDT,tradfi_commodity,volatility_adjusted_trend_persistence,2h,long_only,48,0.8,0.3,42,9,2,0.2,0.015323465839438333,0.003528957412184841,0.02772902119035725,0.0055852689061876015,26,8,29.46820353738141,22.055983826155256,0.5018188695597979,,precious_metal_gold,0.13940159198732216,False,train_trade_event_count_26_below_80;validation_trade_event_count_8_below_30;validation_return_0.0035_below_0.02,growth_mdd20_gross8_69_asset_profile_optuna,az69_growth_mdd20_gross8_69_asset_profile_optuna_volatility_adjusted_trend_persistence_2h_xauusdt_lb48_th0p8_exit0p3_hold42_cool9_lev2_long_only_9922a479,-1.5784012164306453,
growth_mdd20_gross8_69_asset_efficiency_repair_optuna,XAGUSDT,tradfi_commodity,cross_sectional_momentum_rank,30m,long_only,48,0.25,0.5,66,3,5,0.5,0.10494617463350142,0.015405975767483593,0.16279681516608557,0.0526541591454065,65,39,32.291130656461974,7.90050039358133,0.2926162263864438,,silver_metal_beta,0.024929468244222926,False,train_trade_event_count_65_below_80;validation_return_0.0154_below_0.02;validation_return_per_turnover_proxy_bps_7.901_not_above_10.000,growth_mdd20_gross8_69_asset_profile_optuna,az69_growth_mdd20_gross8_69_asset_profile_optuna_cross_sectional_momentum_rank_30m_xagusdt_lb48_th0p25_exit0p5_hold66_cool3_lev5_long_only_d79b20e5,-4.144663828557565,validation_rpt_7.901_not_above_10bps
growth_mdd20_gross8_69_asset_efficiency_repair_optuna,XPTUSDT,tradfi_commodity,cross_sectional_momentum_rank,4h,long_short,6,0.25,0.35,36,3,5,0.5,0.009868993570314677,0.07844805613589445,0.08906449750881207,0.044708810722339454,17,15,11.610580670958443,104.5974081811926,1.3285233337611357,,crypto_beta_btc,0.03664168799328749,False,train_trade_event_count_17_below_80;validation_trade_event_count_15_below_30;train_return_below_validation_return_possible_validation_spike,growth_mdd20_gross8_69_asset_profile_optuna,az69_growth_mdd20_gross8_69_asset_profile_optuna_cross_sectional_momentum_rank_4h_xptusdt_lb6_th0p25_exit0p35_hold36_cool3_lev5_long_short_24772d75,-3.828520922951358,train_below_validation_spike_risk
growth_mdd20_gross8_69_asset_efficiency_repair_optuna,XPDUSDT,tradfi_commodity,cross_sectional_momentum_rank,4h,long_short,72,0.25,0.65,42,12,10,1.0,0.12039211038331188,0.06870317772302714,0.11328920988049807,0.0651066546670237,7,5,171.988729119017,137.4063554460543,2.3366980141451075,,precious_metal_gold,0.08013911468608248,False,train_trade_event_count_7_below_80;validation_trade_event_count_5_below_30,growth_mdd20_gross8_69_asset_profile_optuna,az69_growth_mdd20_gross8_69_asset_profile_optuna_cross_sectional_momentum_rank_4h_xpdusdt_lb72_th0p25_exit0p65_hold42_cool12_lev10_long_short_7b003790,1.5936162449307896,train_events_7_below_15;validation_events_5_below_6
growth_mdd20_gross8_69_asset_efficiency_repair_optuna,COPPERUSDT,tradfi_commodity,cross_sectional_momentum_rank,4h,long_short,6,0.25,0.55,36,12,9,0.9,0.08837665582583587,0.06353795550386221,0.03846740734772791,0.05458163346452305,5,11,196.39256850185748,64.17975303420425,1.931725743808646,,crypto_liquidity_eth,0.07740944219805095,False,train_trade_event_count_5_below_80;validation_trade_event_count_11_below_30,growth_mdd20_gross8_69_asset_profile_optuna,az69_growth_mdd20_gross8_69_asset_profile_optuna_cross_sectional_momentum_rank_4h_copperusdt_lb6_th0p25_exit0p55_hold36_cool12_lev9_long_short_e8a3a95d,1.0737166457956597,train_events_5_below_15
growth_mdd20_gross8_69_asset_efficiency_repair_optuna,CLUSDT,tradfi_commodity,volatility_adjusted_trend_persistence,30m,long_only,6,1.7000000000000002,0.05,18,0,5,0.5,0.014022165929923558,-0.034581927281588265,0.02157523944082773,0.06384677320476984,6,87,46.74055309974519,-7.949868340595003,-0.2827426632806802,,crypto_beta_btc,0.061952352091168,False,train_trade_event_count_6_below_80;validation_return_-0.0346_below_0.02;validation_return_per_turnover_proxy_bps_-7.950_not_above_10.000,growth_mdd20_gross8_69_asset_profile_optuna,az69_growth_mdd20_gross8_69_asset_profile_optuna_volatility_adjusted_trend_persistence_30m_clusdt_lb6_th1p7_exit0p05_hold18_cool0_lev5_long_only_a4b194fe,-10.643484859347994,validation_return_not_positive;train_events_6_below_15;validation_rpt_-7.950_not_above_10bps
growth_mdd20_gross8_69_asset_efficiency_repair_optuna,BZUSDT,tradfi_commodity,volatility_adjusted_trend_persistence,1h,long_only,48,0.9,0.2,42,15,10,1.0,0.0012424053999910978,0.1488272991218269,0.001829156758734407,0.16759780715536732,1,18,12.424053999910978,82.68183284545938,0.8063871187927605,,high_beta_alt_sol,0.03915610365427174,False,train_trade_event_count_1_below_80;validation_trade_event_count_18_below_30;train_return_below_validation_return_possible_validation_spike,growth_mdd20_gross8_69_asset_profile_optuna,az69_growth_mdd20_gross8_69_asset_profile_optuna_volatility_adjusted_trend_persistence_1h_bzusdt_lb48_th0p9_exit0p2_hold42_cool15_lev10_long_only_0cebc054,-8.430113851144341,train_below_validation_spike_risk;train_events_1_below_15
growth_mdd20_gross8_69_asset_efficiency_repair_optuna,NATGASUSDT,tradfi_commodity,volatility_adjusted_trend_persistence,30m,short_only,72,0.8,0.5,12,3,4,0.4,0.00016770612623773218,0.003083264824889076,0.0004272084134191445,0.025753147061440385,2,46,2.0963265779716522,1.6756874048310193,-0.0565845668582184,,high_beta_alt_sol,0.03824220603032023,False,train_trade_event_count_2_below_80;validation_return_0.0031_below_0.02;train_return_below_validation_return_possible_validation_spike;train_return_per_turnover_proxy_bps_2.096_not_above_10.000;validation_return_per_turnover_proxy_bps_1.676_not_above_10.000,growth_mdd20_gross8_69_asset_profile_optuna,az69_growth_mdd20_gross8_69_asset_profile_optuna_volatility_adjusted_trend_persistence_30m_natgasusdt_lb72_th0p8_exit0p5_hold12_cool3_lev4_short_only_1791612e,-11.699906633250958,train_below_validation_spike_risk;train_events_2_below_15;train_rpt_2.096_not_above_10bps;validation_rpt_1.676_not_above_10bps
growth_mdd20_gross8_69_asset_efficiency_repair_optuna,EWYUSDT,tradfi_etf_index,cross_sectional_momentum_rank,4h,short_only,6,0.05,0.65,54,18,4,0.4,0.018127326235432673,0.03330644143172523,0.0348674952671324,0.03289503049478515,2,2,226.5915779429084,416.33051789656537,2.0306112672907917,,precious_metal_gold,0.18250942171546522,False,train_trade_event_count_2_below_80;validation_trade_event_count_2_below_30;train_return_below_validation_return_possible_validation_spike,growth_mdd20_gross8_69_asset_profile_optuna,az69_growth_mdd20_gross8_69_asset_profile_optuna_cross_sectional_momentum_rank_4h_ewyusdt_lb6_th0p05_exit0p65_hold54_cool18_lev4_short_only_a41f0619,-0.7647674361240653,train_below_validation_spike_risk;train_events_2_below_15;validation_events_2_below_6
growth_mdd20_gross8_69_asset_efficiency_repair_optuna,EWJUSDT,tradfi_etf_index,volatility_adjusted_trend_persistence,30m,long_only,6,0.7000000000000001,0.45,60,15,3,0.30000000000000004,0.013914375517563915,0.027712859227313036,0.016920223232850695,0.016277949816570048,19,61,24.41118511853318,15.143638922028979,0.4801594166234784,,energy_crude_beta,0.1404155174464466,False,train_trade_event_count_19_below_80;train_return_below_validation_return_possible_validation_spike,growth_mdd20_gross8_69_asset_profile_optuna,az69_growth_mdd20_gross8_69_asset_profile_optuna_volatility_adjusted_trend_persistence_30m_ewjusdt_lb6_th0p7_exit0p45_hold60_cool15_lev3_long_only_8d17fb34,-3.7839921415871447,train_below_validation_spike_risk
growth_mdd20_gross8_69_asset_efficiency_repair_optuna,TSLAUSDT,tradfi_equity,cross_sectional_momentum_rank,30m,long_only,6,0.05,0.55,60,12,8,0.8,0.017399584962139558,0.06047151555267227,0.026613702193013067,0.08720974156180106,14,28,15.535343716196033,26.99621230030012,0.3750919947474658,,us_equity_beta_spy,0.06439092066731275,False,train_trade_event_count_14_below_80;validation_trade_event_count_28_below_30;train_return_below_validation_return_possible_validation_spike,growth_mdd20_gross8_69_asset_profile_optuna,az69_growth_mdd20_gross8_69_asset_profile_optuna_cross_sectional_momentum_rank_30m_tslausdt_lb6_th0p05_exit0p55_hold60_cool12_lev8_long_only_69a959e7,-3.7768465027249185,train_below_validation_spike_risk;train_events_14_below_15
growth_mdd20_gross8_69_asset_efficiency_repair_optuna,INTCUSDT,tradfi_equity,cross_sectional_momentum_rank,1h,long_only,6,0.3,0.5,72,12,4,0.4,0.03887366891650634,0.34703302161616456,0.06567440042656636,0.06330837924957533,30,29,32.39472409708862,299.16639794496945,2.421611541060999,,crypto_beta_btc,0.03873936586308228,False,train_trade_event_count_30_below_80;validation_trade_event_count_29_below_30;train_return_below_validation_return_possible_validation_spike,growth_mdd20_gross8_69_asset_profile_optuna,az69_growth_mdd20_gross8_69_asset_profile_optuna_cross_sectional_momentum_rank_1h_intcusdt_lb6_th0p3_exit0p5_hold72_cool12_lev4_long_only_b3059cfe,-7.49964622025175,train_below_validation_spike_risk
growth_mdd20_gross8_69_asset_efficiency_repair_optuna,HOODUSDT,tradfi_equity,volatility_adjusted_trend_persistence,30m,long_only,24,0.6000000000000001,0.15000000000000002,48,9,3,0.30000000000000004,-0.020658362289761478,0.07539900566806135,0.07353761903799094,0.05937348753328053,67,61,-10.277792183960933,41.20164244156357,0.22657147091642194,,precious_metal_gold,0.0325580114660653,False,train_trade_event_count_67_below_80;train_return_not_positive;train_return_below_validation_return_possible_validation_spike;train_return_per_turnover_proxy_bps_-10.278_not_above_10.000,growth_mdd20_gross8_69_asset_profile_optuna,az69_growth_mdd20_gross8_69_asset_profile_optuna_volatility_adjusted_trend_persistence_30m_hoodusdt_lb24_th0p6_exit0p15_hold48_cool9_lev3_long_only_d4bcfe8f,-9.202810604374298,train_return_not_positive;train_below_validation_spike_risk;train_rpt_-10.278_not_above_10bps
growth_mdd20_gross8_69_asset_efficiency_repair_optuna,MSTRUSDT,tradfi_equity,cross_sectional_momentum_rank,4h,long_short,72,0.25,0.5,42,6,3,0.30000000000000004,0.02596900326040208,0.04972954838627475,0.0403149975667928,0.037400138295623275,7,7,123.66192028762893,236.80737326797492,2.112831057613389,,us_equity_beta_spy,0.044402390249856045,False,train_trade_event_count_7_below_80;validation_trade_event_count_7_below_30;train_return_below_validation_return_possible_validation_spike,growth_mdd20_gross8_69_asset_profile_optuna,az69_growth_mdd20_gross8_69_asset_profile_optuna_cross_sectional_momentum_rank_4h_mstrusdt_lb72_th0p25_exit0p5_hold42_cool6_lev3_long_short_2f23f336,0.7127243128698155,train_below_validation_spike_risk;train_events_7_below_15
growth_mdd20_gross8_69_asset_efficiency_repair_optuna,AMZNUSDT,tradfi_equity,volatility_adjusted_trend_persistence,30m,long_only,72,0.9,0.2,66,0,2,0.2,0.008452935637138559,0.027590523268133715,0.009636630899426568,0.013891839752965818,25,32,16.905871274277118,43.11019260645893,0.7020326931246804,,us_equity_beta_spy,0.06421485707354987,False,train_trade_event_count_25_below_80;train_return_below_validation_return_possible_validation_spike,growth_mdd20_gross8_69_asset_profile_optuna,az69_growth_mdd20_gross8_69_asset_profile_optuna_volatility_adjusted_trend_persistence_30m_amznusdt_lb72_th0p9_exit0p2_hold66_cool0_lev2_long_only_33a980cd,-1.926994262336933,train_below_validation_spike_risk
growth_mdd20_gross8_69_asset_efficiency_repair_optuna,CRCLUSDT,tradfi_equity,cross_sectional_momentum_rank,1h,long_only,72,0.2,0.5,36,9,9,0.9,0.3302773357331408,0.28667270438528947,0.0918081242220038,0.14431152709235473,14,15,262.1248696294768,212.35015139651074,4.090589027735276,,us_equity_beta_spy,0.02335154873307586,False,train_trade_event_count_14_below_80;validation_trade_event_count_15_below_30,growth_mdd20_gross8_69_asset_profile_optuna,az69_growth_mdd20_gross8_69_asset_profile_optuna_cross_sectional_momentum_rank_1h_crclusdt_lb72_th0p2_exit0p5_hold36_cool9_lev9_long_only_338f341f,6.125507725752149,train_events_14_below_15
growth_mdd20_gross8_69_asset_efficiency_repair_optuna,COINUSDT,tradfi_equity,volatility_adjusted_trend_persistence,4h,long_only,12,0.9,0.25,60,6,3,0.30000000000000004,0.029499613039241757,0.019903510637306887,0.03978964275426633,0.061767461696672354,7,9,140.47434780591308,73.71670606409957,1.5944213494243882,,energy_crude_beta,0.04857202523179792,False,train_trade_event_count_7_below_80;validation_trade_event_count_9_below_30;validation_return_0.0199_below_0.02,growth_mdd20_gross8_69_asset_profile_optuna,az69_growth_mdd20_gross8_69_asset_profile_optuna_volatility_adjusted_trend_persistence_4h_coinusdt_lb12_th0p9_exit0p25_hold60_cool6_lev3_long_only_bebc6c46,0.5273650912520449,train_events_7_below_15
growth_mdd20_gross8_69_asset_efficiency_repair_optuna,PLTRUSDT,tradfi_equity,cross_sectional_momentum_rank,30m,long_short,12,0.1,0.5,18,3,6,0.6000000000000001,0.012887205130036161,0.15362737365633428,0.0600597632165093,0.04659358876819353,104,78,2.06525723237759,32.82636189237911,0.7402224305377114,,precious_metal_gold,0.021830229684105373,False,train_return_below_validation_return_possible_validation_spike;train_return_per_turnover_proxy_bps_2.065_not_above_10.000,growth_mdd20_gross8_69_asset_profile_optuna,az69_growth_mdd20_gross8_69_asset_profile_optuna_cross_sectional_momentum_rank_30m_pltrusdt_lb12_th0p1_exit0p5_hold18_cool3_lev6_long_short_f560078b,-8.02413953585962,train_below_validation_spike_risk;train_rpt_2.065_not_above_10bps
growth_mdd20_gross8_69_asset_efficiency_repair_optuna,PAYPUSDT,tradfi_equity,cross_sectional_momentum_rank,2h,long_short,12,0.25,0.65,72,15,2,0.2,0.007500885651985811,0.03089978489774703,0.019121928895727613,0.034029054664105995,3,15,125.01476086643017,102.99928299249011,1.9497833372191695,,energy_crude_beta,0.10443655862159933,False,train_trade_event_count_3_below_80;validation_trade_event_count_15_below_30;train_return_below_validation_return_possible_validation_spike,growth_mdd20_gross8_69_asset_profile_optuna,az69_growth_mdd20_gross8_69_asset_profile_optuna_cross_sectional_momentum_rank_2h_paypusdt_lb12_th0p25_exit0p65_hold72_cool15_lev2_long_short_b6fccdcf,-0.6523365704301727,train_below_validation_spike_risk;train_events_3_below_15
growth_mdd20_gross8_69_asset_efficiency_repair_optuna,METAUSDT,tradfi_equity,cross_sectional_momentum_rank,30m,long_short,24,0.1,0.39999999999999997,24,0,8,0.8,0.0518769498362992,0.02491392529446368,0.011380073852272465,0.025657316202584712,6,14,108.07697882562333,22.24457615577114,1.2145483161067454,,tech_growth_qqq,0.0346363411773756,False,train_trade_event_count_6_below_80;validation_trade_event_count_14_below_30,growth_mdd20_gross8_69_asset_profile_optuna,az69_growth_mdd20_gross8_69_asset_profile_optuna_cross_sectional_momentum_rank_30m_metausdt_lb24_th0p1_exit0p4_hold24_cool0_lev8_long_short_089c05c4,-1.5674264120641241,train_events_6_below_15
growth_mdd20_gross8_69_asset_efficiency_repair_optuna,NVDAUSDT,tradfi_equity,cross_sectional_momentum_rank,2h,long_short,72,0.3,0.44999999999999996,18,3,3,0.30000000000000004,0.004199365600570326,0.02687677544485112,0.0018122735961291214,0.03569618856327428,1,19,139.97885335234417,47.15223762254582,1.3223885331801168,,tech_growth_qqq,0.08427666330030507,False,train_trade_event_count_1_below_80;validation_trade_event_count_19_below_30;train_return_below_validation_return_possible_validation_spike,growth_mdd20_gross8_69_asset_profile_optuna,az69_growth_mdd20_gross8_69_asset_profile_optuna_cross_sectional_momentum_rank_2h_nvdausdt_lb72_th0p3_exit0p45_hold18_cool3_lev3_long_short_4917d4dc,-1.3023920827183595,train_below_validation_spike_risk;train_events_1_below_15
growth_mdd20_gross8_69_asset_efficiency_repair_optuna,GOOGLUSDT,tradfi_equity,volatility_adjusted_trend_persistence,2h,long_only,6,0.7000000000000001,0.55,42,18,2,0.2,0.0125975083565808,0.045078046067647426,0.0048934341965483075,0.015391010711307995,2,21,314.93770891452,107.32868111344625,2.09999834411993,,crypto_liquidity_eth,0.03183027225753281,False,train_trade_event_count_2_below_80;validation_trade_event_count_21_below_30;train_return_below_validation_return_possible_validation_spike,growth_mdd20_gross8_69_asset_profile_optuna,az69_growth_mdd20_gross8_69_asset_profile_optuna_volatility_adjusted_trend_persistence_2h_googlusdt_lb6_th0p7_exit0p55_hold42_cool18_lev2_long_only_c44daa20,-0.5954026585170391,train_below_validation_spike_risk;train_events_2_below_15
aggressive_mdd30_gross10_69_asset_efficiency_repair_optuna,BTCUSDT,crypto_core,cross_sectional_momentum_rank,4h,long_only,24,0.25,0.65,12,18,7,0.7000000000000001,0.0619272282147203,0.037525872118689074,0.09478568615433591,0.02777590697255483,36,6,24.57429691060329,89.34731456830731,1.4429259044735465,,crypto_beta_btc,0.018392902375531903,False,train_trade_event_count_36_below_80;validation_trade_event_count_6_below_30,aggressive_mdd30_gross10_69_asset_profile_optuna,az69_aggressive_mdd30_gross10_69_asset_profile_optuna_cross_sectional_momentum_rank_4h_btcusdt_lb24_th0p25_exit0p65_hold12_cool18_lev7_long_only_9c818112,0.835869275201767,
aggressive_mdd30_gross10_69_asset_efficiency_repair_optuna,ETHUSDT,crypto_core,cross_sectional_momentum_rank,1h,short_only,6,0.25,0.39999999999999997,18,15,7,0.7000000000000001,-0.19286299387756423,0.014166193258726034,0.4719015411388481,0.08807876230010891,491,71,-5.611376022041438,2.850340695920731,-1.5785169443018734,,us_equity_beta_spy,0.013732332958323504,False,validation_return_0.0142_below_0.02;train_return_not_positive;train_return_below_validation_return_possible_validation_spike;train_return_per_turnover_proxy_bps_-5.611_not_above_10.000;validation_return_per_turnover_proxy_bps_2.850_not_above_10.000,aggressive_mdd30_gross10_69_asset_profile_optuna,az69_aggressive_mdd30_gross10_69_asset_profile_optuna_cross_sectional_momentum_rank_1h_ethusdt_lb6_th0p25_exit0p4_hold18_cool15_lev7_short_only_fc65fb38,-22.437542430581455,train_return_not_positive;train_below_validation_spike_risk;train_rpt_-5.611_not_above_10bps;validation_rpt_2.850_not_above_10bps
aggressive_mdd30_gross10_69_asset_efficiency_repair_optuna,SOLUSDT,crypto_core,volatility_adjusted_trend_persistence,30m,short_only,24,0.9,0.05,66,18,3,0.30000000000000004,0.09217029157525247,0.014525375811144992,0.12424268188090537,0.038231750785350904,350,41,8.7781230071669,11.809248626947145,0.189428965756944,,crypto_beta_btc,0.019451956497518613,False,validation_return_0.0145_below_0.02;train_return_per_turnover_proxy_bps_8.778_not_above_10.000,aggressive_mdd30_gross10_69_asset_profile_optuna,az69_aggressive_mdd30_gross10_69_asset_profile_optuna_volatility_adjusted_trend_persistence_30m_solusdt_lb24_th0p9_exit0p05_hold66_cool18_lev3_short_only_93739a8c,-5.794719407714298,train_rpt_8.778_not_above_10bps
aggressive_mdd30_gross10_69_asset_efficiency_repair_optuna,BNBUSDT,crypto_core,cross_sectional_momentum_rank,2h,long_only,24,0.25,0.39999999999999997,42,12,3,0.30000000000000004,0.02721159077766777,0.020097233366703326,0.1188721322252384,0.02103659541851932,70,10,12.957900370317985,66.99077788901108,0.9591018149401551,,silver_metal_beta,0.014042420177990397,False,train_trade_event_count_70_below_80;validation_trade_event_count_10_below_30,aggressive_mdd30_gross10_69_asset_profile_optuna,az69_aggressive_mdd30_gross10_69_asset_profile_optuna_cross_sectional_momentum_rank_2h_bnbusdt_lb24_th0p25_exit0p4_hold42_cool12_lev3_long_only_f069edb3,-1.3423124044253192,
aggressive_mdd30_gross10_69_asset_efficiency_repair_optuna,TRXUSDT,crypto_core,volatility_adjusted_trend_persistence,1h,long_short,24,1.5,0.35000000000000003,24,9,6,0.6000000000000001,-0.06714318628937921,0.043747915997803144,0.2085586895842173,0.028377107053193518,358,40,-3.1258466615167224,18.228298332417975,-0.24220746514165803,,crypto_beta_btc,0.02361857486481662,False,train_return_not_positive;train_return_below_validation_return_possible_validation_spike;train_return_per_turnover_proxy_bps_-3.126_not_above_10.000,aggressive_mdd30_gross10_69_asset_profile_optuna,az69_aggressive_mdd30_gross10_69_asset_profile_optuna_volatility_adjusted_trend_persistence_1h_trxusdt_lb24_th1p5_exit0p35_hold24_cool9_lev6_long_short_02ebcdd6,-11.784980058803647,train_return_not_positive;train_below_validation_spike_risk;train_rpt_-3.126_not_above_10bps
aggressive_mdd30_gross10_69_asset_efficiency_repair_optuna,XRPUSDT,crypto_core,cross_sectional_momentum_rank,30m,short_only,24,0.3,0.35,48,15,4,0.4,0.08220061575144189,-0.04916617580548621,0.33021598862119084,0.07135393222894781,517,71,3.974884707516532,-17.31203373432613,-0.9117262902200073,,crypto_liquidity_eth,0.025622198032629318,False,validation_return_-0.0492_below_0.02;train_return_per_turnover_proxy_bps_3.975_not_above_10.000;validation_return_per_turnover_proxy_bps_-17.312_not_above_10.000,aggressive_mdd30_gross10_69_asset_profile_optuna,az69_aggressive_mdd30_gross10_69_asset_profile_optuna_cross_sectional_momentum_rank_30m_xrpusdt_lb24_th0p3_exit0p35_hold48_cool15_lev4_short_only_b6063b03,-15.741170954504758,validation_return_not_positive;train_rpt_3.975_not_above_10bps;validation_rpt_-17.312_not_above_10bps
aggressive_mdd30_gross10_69_asset_efficiency_repair_optuna,DOGEUSDT,crypto_core,volatility_adjusted_trend_persistence,4h,long_only,48,0.7000000000000001,0.25,24,3,4,0.4,0.1083971968331634,0.026084054404087675,0.13339891654125202,0.03696054144481431,38,6,71.31394528497593,108.68356001703197,1.8053503395454862,,crypto_liquidity_eth,0.022509446904884024,False,train_trade_event_count_38_below_80;validation_trade_event_count_6_below_30,aggressive_mdd30_gross10_69_asset_profile_optuna,az69_aggressive_mdd30_gross10_69_asset_profile_optuna_volatility_adjusted_trend_persistence_4h_dogeusdt_lb48_th0p7_exit0p25_hold24_cool3_lev4_long_only_326457f4,1.6097017207413926,
aggressive_mdd30_gross10_69_asset_efficiency_repair_optuna,ADAUSDT,crypto_core,cross_sectional_momentum_rank,30m,short_only,6,0.2,0.44999999999999996,72,18,8,0.8,0.925073581560059,0.06943028874900703,0.3824338723992907,0.1502744903162908,446,53,25.92695015583125,16.3750681011809,0.45649290093989614,,crypto_liquidity_eth,0.018821251590434483,True,,aggressive_mdd30_gross10_69_asset_profile_optuna,az69_aggressive_mdd30_gross10_69_asset_profile_optuna_cross_sectional_momentum_rank_30m_adausdt_lb6_th0p2_exit0p45_hold72_cool18_lev8_short_only_dc771698,-0.9580209952084502,
aggressive_mdd30_gross10_69_asset_efficiency_repair_optuna,AVAXUSDT,crypto_core,volatility_adjusted_trend_persistence,1h,short_only,6,1.6,0.15000000000000002,12,15,2,0.2,0.11375024527103661,0.010122396566048852,0.06227305401674865,0.014725482702167114,399,56,14.25441670063115,9.037854076829332,0.2564682432610478,,crypto_liquidity_eth,0.023812660493260654,False,validation_return_0.0101_below_0.02;validation_return_per_turnover_proxy_bps_9.038_not_above_10.000,aggressive_mdd30_gross10_69_asset_profile_optuna,az69_aggressive_mdd30_gross10_69_asset_profile_optuna_volatility_adjusted_trend_persistence_1h_avaxusdt_lb6_th1p6_exit0p15_hold12_cool15_lev2_short_only_77b1a148,-5.588185450779102,validation_rpt_9.038_not_above_10bps
aggressive_mdd30_gross10_69_asset_efficiency_repair_optuna,TONUSDT,crypto_core,volatility_adjusted_trend_persistence,30m,long_only,72,1.7000000000000002,0.55,12,0,9,0.9,0.25639935329271535,0.8335093181293021,0.09931305404557023,0.1625842477511139,100,8,28.488817032523926,1157.6518307351419,4.865304679501577,,tech_growth_qqq,0.010917624787882635,False,validation_trade_event_count_8_below_30;train_return_below_validation_return_possible_validation_spike,aggressive_mdd30_gross10_69_asset_profile_optuna,az69_aggressive_mdd30_gross10_69_asset_profile_optuna_volatility_adjusted_trend_persistence_30m_tonusdt_lb72_th1p7_exit0p55_hold12_cool0_lev9_long_only_2a928fa4,-13.008540064921178,train_below_validation_spike_risk
aggressive_mdd30_gross10_69_asset_efficiency_repair_optuna,XAUUSDT,tradfi_commodity,volatility_adjusted_trend_persistence,2h,long_only,6,0.5,0.1,66,0,1,0.1,0.007240363330529576,0.0004104681977230573,0.024314416390855298,0.007916958305459576,35,18,20.686752372941644,2.280378876239207,0.16995876083370232,,silver_metal_beta,0.043796129793187005,False,train_trade_event_count_35_below_80;validation_trade_event_count_18_below_30;validation_return_0.0004_below_0.02;validation_return_per_turnover_proxy_bps_2.280_not_above_10.000,aggressive_mdd30_gross10_69_asset_profile_optuna,az69_aggressive_mdd30_gross10_69_asset_profile_optuna_volatility_adjusted_trend_persistence_2h_xauusdt_lb6_th0p5_exit0p1_hold66_cool0_lev1_long_only_e8d7d9d2,-6.425337334367078,validation_rpt_2.280_not_above_10bps
aggressive_mdd30_gross10_69_asset_efficiency_repair_optuna,XAGUSDT,tradfi_commodity,volatility_adjusted_trend_persistence,30m,long_short,24,1.8000000000000003,0.6,66,18,7,0.7000000000000001,0.23950623449313646,0.10600547799261495,0.1622483360810243,0.06604886686921485,62,37,55.185768316390885,40.928755981704604,1.6575019314418467,,high_beta_alt_sol,0.019067451865059513,False,train_trade_event_count_62_below_80,aggressive_mdd30_gross10_69_asset_profile_optuna,az69_aggressive_mdd30_gross10_69_asset_profile_optuna_volatility_adjusted_trend_persistence_30m_xagusdt_lb24_th1p8_exit0p6_hold66_cool18_lev7_long_short_c8fa59c9,2.0704827548068034,
aggressive_mdd30_gross10_69_asset_efficiency_repair_optuna,XPTUSDT,tradfi_commodity,cross_sectional_momentum_rank,4h,long_only,24,0.25,0.65,54,3,2,0.2,0.014866032184249534,0.00524047094511948,0.021108620887232532,0.012372946466305712,7,6,106.18594417321094,43.67059120932899,1.318854812661512,,precious_metal_gold,0.07658758414813091,False,train_trade_event_count_7_below_80;validation_trade_event_count_6_below_30;validation_return_0.0052_below_0.02,aggressive_mdd30_gross10_69_asset_profile_optuna,az69_aggressive_mdd30_gross10_69_asset_profile_optuna_cross_sectional_momentum_rank_4h_xptusdt_lb24_th0p25_exit0p65_hold54_cool3_lev2_long_only_8ee6775d,0.3592516886460604,train_events_7_below_10
aggressive_mdd30_gross10_69_asset_efficiency_repair_optuna,XPDUSDT,tradfi_commodity,cross_sectional_momentum_rank,4h,short_only,72,0.25,0.5,60,0,6,0.6000000000000001,0.07867797382215502,0.007636170161078093,0.045498695102081044,0.048527996046304755,2,3,655.6497818512918,42.42316756154495,1.1831334941399667,,precious_metal_gold,0.08715549771654457,False,train_trade_event_count_2_below_80;validation_trade_event_count_3_below_30;validation_return_0.0076_below_0.02,aggressive_mdd30_gross10_69_asset_profile_optuna,az69_aggressive_mdd30_gross10_69_asset_profile_optuna_cross_sectional_momentum_rank_4h_xpdusdt_lb72_th0p25_exit0p5_hold60_cool0_lev6_short_only_2131a29b,-0.4760662351035714,train_events_2_below_10;validation_events_3_below_5
aggressive_mdd30_gross10_69_asset_efficiency_repair_optuna,COPPERUSDT,tradfi_commodity,cross_sectional_momentum_rank,4h,long_short,6,0.25,0.44999999999999996,18,3,1,0.1,0.010876821512972645,0.0061876674411536214,0.003916697611218489,0.004446622944782819,11,22,98.88019557247858,28.12576109615282,1.177506435306403,,tech_growth_qqq,0.11722967513712794,False,train_trade_event_count_11_below_80;validation_trade_event_count_22_below_30;validation_return_0.0062_below_0.02,aggressive_mdd30_gross10_69_asset_profile_optuna,az69_aggressive_mdd30_gross10_69_asset_profile_optuna_cross_sectional_momentum_rank_4h_copperusdt_lb6_th0p25_exit0p45_hold18_cool3_lev1_long_short_e535bd67,0.6164530497611197,
aggressive_mdd30_gross10_69_asset_efficiency_repair_optuna,CLUSDT,tradfi_commodity,cross_sectional_momentum_rank,30m,long_short,12,0.15000000000000002,0.65,54,3,4,0.4,0.015160199414264941,0.13974094034389184,0.015902103435194603,0.051122584273429084,3,66,126.33499511887449,52.9321743726863,1.73474238427164,,us_equity_beta_spy,0.09079922244861699,False,train_trade_event_count_3_below_80;train_return_below_validation_return_possible_validation_spike,aggressive_mdd30_gross10_69_asset_profile_optuna,az69_aggressive_mdd30_gross10_69_asset_profile_optuna_cross_sectional_momentum_rank_30m_clusdt_lb12_th0p15_exit0p65_hold54_cool3_lev4_long_short_0ef22a12,-3.500776547499066,train_below_validation_spike_risk;train_events_3_below_10
aggressive_mdd30_gross10_69_asset_efficiency_repair_optuna,BZUSDT,tradfi_commodity,volatility_adjusted_trend_persistence,2h,long_short,12,1.2000000000000002,0.4,36,9,1,0.1,0.0007569156021189904,0.002316329314785648,0.0006408965007848044,0.02389958091855693,1,25,75.69156021189904,9.265317259142591,0.6499815869957568,,tech_growth_qqq,0.05985616459091191,False,train_trade_event_count_1_below_80;validation_trade_event_count_25_below_30;validation_return_0.0023_below_0.02;train_return_below_validation_return_possible_validation_spike;validation_return_per_turnover_proxy_bps_9.265_not_above_10.000,aggressive_mdd30_gross10_69_asset_profile_optuna,az69_aggressive_mdd30_gross10_69_asset_profile_optuna_volatility_adjusted_trend_persistence_2h_bzusdt_lb12_th1p2_exit0p4_hold36_cool9_lev1_long_short_432e91b9,-4.783080214965808,train_below_validation_spike_risk;train_events_1_below_10;validation_rpt_9.265_not_above_10bps
aggressive_mdd30_gross10_69_asset_efficiency_repair_optuna,NATGASUSDT,tradfi_commodity,cross_sectional_momentum_rank,30m,long_short,6,0.15000000000000002,0.44999999999999996,54,12,2,0.2,0.0018054268912337523,-0.01287533147376041,0.0053176680417950095,0.029606467072681997,4,68,22.567836140421903,-9.467155495412063,-0.15786683273695895,,crypto_liquidity_eth,0.05840023081913474,False,train_trade_event_count_4_below_80;validation_return_-0.0129_below_0.02;validation_return_per_turnover_proxy_bps_-9.467_not_above_10.000,aggressive_mdd30_gross10_69_asset_profile_optuna,az69_aggressive_mdd30_gross10_69_asset_profile_optuna_cross_sectional_momentum_rank_30m_natgasusdt_lb6_th0p15_exit0p45_hold54_cool12_lev2_long_short_0c495084,-10.004269497990785,validation_return_not_positive;train_events_4_below_10;validation_rpt_-9.467_not_above_10bps
aggressive_mdd30_gross10_69_asset_efficiency_repair_optuna,EWYUSDT,tradfi_etf_index,volatility_adjusted_trend_persistence,30m,short_only,6,1.0,0.1,18,3,5,0.5,0.029701442342343398,-0.047400159984521295,0.03798859438907254,0.10154217584833503,48,128,12.375600975976417,-7.406274997581452,-0.8356321595307273,,crypto_beta_btc,0.037532060923354746,False,train_trade_event_count_48_below_80;validation_return_-0.0474_below_0.02;validation_return_per_turnover_proxy_bps_-7.406_not_above_10.000,aggressive_mdd30_gross10_69_asset_profile_optuna,az69_aggressive_mdd30_gross10_69_asset_profile_optuna_volatility_adjusted_trend_persistence_30m_ewyusdt_lb6_th1_exit0p1_hold18_cool3_lev5_short_only_7d37b806,-12.104629354467454,validation_return_not_positive;validation_rpt_-7.406_not_above_10bps
aggressive_mdd30_gross10_69_asset_efficiency_repair_optuna,EWJUSDT,tradfi_etf_index,volatility_adjusted_trend_persistence,2h,short_only,24,1.0,0.35000000000000003,30,0,3,0.30000000000000004,0.0017842228816074002,-0.0010342179643354488,0.015232400837359883,0.01221388367541587,5,14,11.894819210716,-2.4624237246082106,0.013082624453025181,,tech_growth_qqq,0.05260161953665603,False,train_trade_event_count_5_below_80;validation_trade_event_count_14_below_30;validation_return_-0.0010_below_0.02;validation_return_per_turnover_proxy_bps_-2.462_not_above_10.000,aggressive_mdd30_gross10_69_asset_profile_optuna,az69_aggressive_mdd30_gross10_69_asset_profile_optuna_volatility_adjusted_trend_persistence_2h_ewjusdt_lb24_th1_exit0p35_hold30_cool0_lev3_short_only_a08ea0df,-9.415139887887314,validation_return_not_positive;train_events_5_below_10;validation_rpt_-2.462_not_above_10bps
aggressive_mdd30_gross10_69_asset_efficiency_repair_optuna,TSLAUSDT,tradfi_equity,volatility_adjusted_trend_persistence,2h,short_only,24,1.2000000000000002,0.1,42,6,5,0.5,-0.0054188476803551655,0.015549003159685437,0.0360842143504746,0.04471707962008731,17,12,-6.3751149180649005,25.915005266142398,0.06737472638299541,,high_beta_alt_sol,0.04889882718005494,False,train_trade_event_count_17_below_80;validation_trade_event_count_12_below_30;validation_return_0.0155_below_0.02;train_return_not_positive;train_return_below_validation_return_possible_validation_spike;train_return_per_turnover_proxy_bps_-6.375_not_above_10.000,aggressive_mdd30_gross10_69_asset_profile_optuna,az69_aggressive_mdd30_gross10_69_asset_profile_optuna_volatility_adjusted_trend_persistence_2h_tslausdt_lb24_th1p2_exit0p1_hold42_cool6_lev5_short_only_e94f2e6d,-6.15014950476214,train_return_not_positive;train_below_validation_spike_risk;train_rpt_-6.375_not_above_10bps
aggressive_mdd30_gross10_69_asset_efficiency_repair_optuna,INTCUSDT,tradfi_equity,cross_sectional_momentum_rank,1h,long_only,12,0.2,0.5,54,6,7,0.7000000000000001,0.09468006062339884,0.6687150986948263,0.1002371148205552,0.13613974374599958,28,31,48.30615337928512,308.1636399515328,3.5906691044243937,,crypto_beta_btc,0.040808349815855564,False,train_trade_event_count_28_below_80;train_return_below_validation_return_possible_validation_spike,aggressive_mdd30_gross10_69_asset_profile_optuna,az69_aggressive_mdd30_gross10_69_asset_profile_optuna_cross_sectional_momentum_rank_1h_intcusdt_lb12_th0p2_exit0p5_hold54_cool6_lev7_long_only_289c9961,-15.041911505721714,train_below_validation_spike_risk
aggressive_mdd30_gross10_69_asset_efficiency_repair_optuna,HOODUSDT,tradfi_equity,cross_sectional_momentum_rank,30m,long_only,12,0.3,0.6,48,15,11,1.1,0.042532690493775505,0.715842237697494,0.19679086793395795,0.16538601097204253,69,64,5.6037800387056,101.68213603657584,2.9202544355141775,,crypto_beta_btc,0.03666324599961643,False,train_trade_event_count_69_below_80;train_return_below_validation_return_possible_validation_spike;train_return_per_turnover_proxy_bps_5.604_not_above_10.000,aggressive_mdd30_gross10_69_asset_profile_optuna,az69_aggressive_mdd30_gross10_69_asset_profile_optuna_cross_sectional_momentum_rank_30m_hoodusdt_lb12_th0p3_exit0p6_hold48_cool15_lev11_long_only_d0752562,-23.071532252708884,train_below_validation_spike_risk;train_rpt_5.604_not_above_10bps
aggressive_mdd30_gross10_69_asset_efficiency_repair_optuna,MSTRUSDT,tradfi_equity,volatility_adjusted_trend_persistence,30m,long_only,72,0.8,0.05,72,18,3,0.30000000000000004,-0.00220481791528937,0.08951022706433753,0.03757676180831082,0.026950465671868207,23,25,-3.1953882830280715,119.34696941911669,1.2308803774753694,,crypto_liquidity_eth,0.02677947780571454,False,train_trade_event_count_23_below_80;validation_trade_event_count_25_below_30;train_return_not_positive;train_return_below_validation_return_possible_validation_spike;train_return_per_turnover_proxy_bps_-3.195_not_above_10.000,aggressive_mdd30_gross10_69_asset_profile_optuna,az69_aggressive_mdd30_gross10_69_asset_profile_optuna_volatility_adjusted_trend_persistence_30m_mstrusdt_lb72_th0p8_exit0p05_hold72_cool18_lev3_long_only_5eb99329,-6.4668574602105675,train_return_not_positive;train_below_validation_spike_risk;train_rpt_-3.195_not_above_10bps
aggressive_mdd30_gross10_69_asset_efficiency_repair_optuna,AMZNUSDT,tradfi_equity,cross_sectional_momentum_rank,4h,long_only,6,0.3,0.5,30,3,9,0.9,0.007448487776891,0.10988149068821951,0.0829080612056603,0.0632150224089123,9,17,9.195663922087654,71.81796777007811,0.999807505330399,,silver_metal_beta,0.07876203358187098,False,train_trade_event_count_9_below_80;validation_trade_event_count_17_below_30;train_return_below_validation_return_possible_validation_spike;train_return_per_turnover_proxy_bps_9.196_not_above_10.000,aggressive_mdd30_gross10_69_asset_profile_optuna,az69_aggressive_mdd30_gross10_69_asset_profile_optuna_cross_sectional_momentum_rank_4h_amznusdt_lb6_th0p3_exit0p5_hold30_cool3_lev9_long_only_f2288761,-5.420236088718357,train_below_validation_spike_risk;train_events_9_below_10;train_rpt_9.196_not_above_10bps
aggressive_mdd30_gross10_69_asset_efficiency_repair_optuna,CRCLUSDT,tradfi_equity,cross_sectional_momentum_rank,2h,long_only,24,0.1,0.6,42,9,8,0.8,0.4400571445677077,0.3161317420712033,0.09685576256550676,0.10056935595514871,12,11,458.3928589246955,359.24061599000373,4.545418570300281,,precious_metal_gold,0.042003278793365476,False,train_trade_event_count_12_below_80;validation_trade_event_count_11_below_30,aggressive_mdd30_gross10_69_asset_profile_optuna,az69_aggressive_mdd30_gross10_69_asset_profile_optuna_cross_sectional_momentum_rank_2h_crclusdt_lb24_th0p1_exit0p6_hold42_cool9_lev8_long_only_21fb7a93,6.858415179766261,
aggressive_mdd30_gross10_69_asset_efficiency_repair_optuna,COINUSDT,tradfi_equity,cross_sectional_momentum_rank,1h,long_only,12,0.3,0.6,18,0,4,0.4,0.10668857276316879,0.1092449903407331,0.09897986413556259,0.04262196762589421,47,69,56.749240831472754,39.58151823939605,1.7634278108458932,,crypto_liquidity_eth,0.050172857564656385,False,train_trade_event_count_47_below_80;train_return_below_validation_return_possible_validation_spike,aggressive_mdd30_gross10_69_asset_profile_optuna,az69_aggressive_mdd30_gross10_69_asset_profile_optuna_cross_sectional_momentum_rank_1h_coinusdt_lb12_th0p3_exit0p6_hold18_cool0_lev4_long_only_6a5598a3,1.927692086577347,train_below_validation_spike_risk
aggressive_mdd30_gross10_69_asset_efficiency_repair_optuna,PLTRUSDT,tradfi_equity,cross_sectional_momentum_rank,4h,long_only,24,0.25,0.5,66,0,10,1.0,0.07002369246427165,0.06278255382770492,0.18968325420138987,0.1805028615523122,3,7,233.41230821423883,89.68936261100703,1.704304621942915,,tech_growth_qqq,0.042434636256345824,False,train_trade_event_count_3_below_80;validation_trade_event_count_7_below_30,aggressive_mdd30_gross10_69_asset_profile_optuna,az69_aggressive_mdd30_gross10_69_asset_profile_optuna_cross_sectional_momentum_rank_4h_pltrusdt_lb24_th0p25_exit0p5_hold66_cool0_lev10_long_only_bff8f33f,1.2616967378730943,train_events_3_below_10
aggressive_mdd30_gross10_69_asset_efficiency_repair_optuna,PAYPUSDT,tradfi_equity,volatility_adjusted_trend_persistence,2h,short_only,48,1.7000000000000002,0.35000000000000003,18,15,5,0.5,0.03585342700425609,0.011297962327466049,0.03704541836144948,0.04919656263193872,2,6,358.5342700425609,37.65987442488683,1.1623207740819153,,precious_metal_gold,0.029343184728429204,False,train_trade_event_count_2_below_80;validation_trade_event_count_6_below_30;validation_return_0.0113_below_0.02,aggressive_mdd30_gross10_69_asset_profile_optuna,az69_aggressive_mdd30_gross10_69_asset_profile_optuna_volatility_adjusted_trend_persistence_2h_paypusdt_lb48_th1p7_exit0p35_hold18_cool15_lev5_short_only_8bfa43b4,0.21663354262347667,train_events_2_below_10
aggressive_mdd30_gross10_69_asset_efficiency_repair_optuna,METAUSDT,tradfi_equity,cross_sectional_momentum_rank,30m,short_only,12,0.05,0.35,24,6,12,1.2000000000000002,0.038205975152355576,0.04754351047733141,0.011249856633180677,0.02573273482988392,4,6,79.59578156740744,66.03265344073806,1.685032759672699,,us_equity_beta_spy,0.0234671914959056,False,train_trade_event_count_4_below_80;validation_trade_event_count_6_below_30;train_return_below_validation_return_possible_validation_spike,aggressive_mdd30_gross10_69_asset_profile_optuna,az69_aggressive_mdd30_gross10_69_asset_profile_optuna_cross_sectional_momentum_rank_30m_metausdt_lb12_th0p05_exit0p35_hold24_cool6_lev12_short_only_302ce3af,0.4321702199752928,train_below_validation_spike_risk;train_events_4_below_10
aggressive_mdd30_gross10_69_asset_efficiency_repair_optuna,NVDAUSDT,tradfi_equity,volatility_adjusted_trend_persistence,30m,long_only,6,1.5,0.45,24,15,5,0.5,0.01811687845191856,0.04843861187467291,0.016583666192592883,0.07792020737440264,14,91,25.88125493131223,10.645848763664375,0.28535904897664044,,energy_crude_beta,0.03319724472778424,False,train_trade_event_count_14_below_80;train_return_below_validation_return_possible_validation_spike,aggressive_mdd30_gross10_69_asset_profile_optuna,az69_aggressive_mdd30_gross10_69_asset_profile_optuna_volatility_adjusted_trend_persistence_30m_nvdausdt_lb6_th1p5_exit0p45_hold24_cool15_lev5_long_only_8ddb0442,-4.4050966762676325,train_below_validation_spike_risk
aggressive_mdd30_gross10_69_asset_efficiency_repair_optuna,GOOGLUSDT,tradfi_equity,cross_sectional_momentum_rank,30m,long_short,72,0.3,0.35,48,6,8,0.8,0.030632030971421864,0.04777803923934276,0.030792816218701335,0.048716274027167605,6,48,63.81673119046221,12.442197718578843,0.8176299574949943,,silver_metal_beta,0.061101171630169065,False,train_trade_event_count_6_below_80;train_return_below_validation_return_possible_validation_spike,aggressive_mdd30_gross10_69_asset_profile_optuna,az69_aggressive_mdd30_gross10_69_asset_profile_optuna_cross_sectional_momentum_rank_30m_googlusdt_lb72_th0p3_exit0p35_hold48_cool6_lev8_long_short_cbaec2f7,-3.3755409888958536,train_below_validation_spike_risk;train_events_6_below_10
