hybrid_version,trial_number,value,state,params,train_return,validation_return,train_mdd,validation_mdd,train_rpt_bps,validation_rpt_bps,selection_reasons
v3_5,239,3.9885516491451156,COMPLETE,"{""bias_alpha"": 0.9967034416258701, ""bias_combine_ratio"": 0.479066919399783, ""bias_window"": 6, ""default_weight_ratio_ceiling"": 0.892421673195961, ""default_weight_ratio_floor"": 0.4830721534663079, ""default_weight_ratio_steps"": 7, ""high_vol_boost_base"": 0.01214539311989684, ""high_vol_boost_scale"": 0.18784553470218612, ""high_vol_threshold_quantile"": 81.12182606532174, ""mape_window"": 25, ""max_boost"": 0.3245291321829881, ""max_weight"": 0.914203604671838, ""min_boost"": 0.13519249066054015, ""short_vol_window"": 14, ""warmup_ratio"": 0.6208276771313106}",34.474698937578815,0.38071745670312374,0.404163621922222,0.07478878649336307,368.2224518864362,36.77294736884808,
v3_5,237,3.982057252130379,COMPLETE,"{""bias_alpha"": 0.9888340063558441, ""bias_combine_ratio"": 0.4874273768843313, ""bias_window"": 6, ""default_weight_ratio_ceiling"": 0.8812244075588808, ""default_weight_ratio_floor"": 0.48040810732632433, ""default_weight_ratio_steps"": 7, ""high_vol_boost_base"": 0.016543218719911736, ""high_vol_boost_scale"": 0.2043429931391153, ""high_vol_threshold_quantile"": 82.85420959451439, ""mape_window"": 27, ""max_boost"": 0.34184075642104156, ""max_weight"": 0.9126821529525334, ""min_boost"": 0.14251795260136807, ""short_vol_window"": 14, ""warmup_ratio"": 0.6075161666196814}",34.13293391490604,0.380382592780971,0.40543882168697365,0.07530056404045748,363.2604740588759,36.60123279481503,
v3_5,232,3.9634724979868095,COMPLETE,"{""bias_alpha"": 0.9923654404589294, ""bias_combine_ratio"": 0.48146141513546853, ""bias_window"": 6, ""default_weight_ratio_ceiling"": 0.8833150312566361, ""default_weight_ratio_floor"": 0.48367801753136785, ""default_weight_ratio_steps"": 7, ""high_vol_boost_base"": 0.017198279037941692, ""high_vol_boost_scale"": 0.18313727254211848, ""high_vol_threshold_quantile"": 82.86320311154402, ""mape_window"": 25, ""max_boost"": 0.3302104138581858, ""max_weight"": 0.9025473146680454, ""min_boost"": 0.13318787991685915, ""short_vol_window"": 14, ""warmup_ratio"": 0.6074048149658735}",33.6550509826138,0.3781769659189249,0.40235378570979563,0.07465158043268783,361.04387855362734,36.67601586905224,
v3_5,230,3.9627473779398543,COMPLETE,"{""bias_alpha"": 0.9900843334436209, ""bias_combine_ratio"": 0.4824683850385282, ""bias_window"": 6, ""default_weight_ratio_ceiling"": 0.8810112562613359, ""default_weight_ratio_floor"": 0.4865813112669877, ""default_weight_ratio_steps"": 7, ""high_vol_boost_base"": 0.01719663210255718, ""high_vol_boost_scale"": 0.18514706449127574, ""high_vol_threshold_quantile"": 82.74538429897504, ""mape_window"": 22, ""max_boost"": 0.3388179836726389, ""max_weight"": 0.9032770726538548, ""min_boost"": 0.13302040225956965, ""short_vol_window"": 14, ""warmup_ratio"": 0.6081434553874118}",33.635925747249765,0.37822925551939646,0.40301220105193314,0.07484478046846321,360.22101000763263,36.61871494864044,
v3_5,233,3.9615404811988006,COMPLETE,"{""bias_alpha"": 0.9883921824692481, ""bias_combine_ratio"": 0.4841591661784205, ""bias_window"": 6, ""default_weight_ratio_ceiling"": 0.8843802089326247, ""default_weight_ratio_floor"": 0.4744659343379722, ""default_weight_ratio_steps"": 7, ""high_vol_boost_base"": 0.017600396180281218, ""high_vol_boost_scale"": 0.18323043190501434, ""high_vol_threshold_quantile"": 82.85696446709463, ""mape_window"": 25, ""max_boost"": 0.3475186617671574, ""max_weight"": 0.9030393127657986, ""min_boost"": 0.13382188402896114, ""short_vol_window"": 14, ""warmup_ratio"": 0.6079033780478115}",33.56570790914788,0.37817865499912595,0.40331084788921234,0.07496009172177953,359.1718243451346,36.58146621725996,
v3_5,231,3.9584011617318353,COMPLETE,"{""bias_alpha"": 0.9875584453784392, ""bias_combine_ratio"": 0.4838167070574357, ""bias_window"": 6, ""default_weight_ratio_ceiling"": 0.8825026752799303, ""default_weight_ratio_floor"": 0.48582522843219694, ""default_weight_ratio_steps"": 7, ""high_vol_boost_base"": 0.017908632932380906, ""high_vol_boost_scale"": 0.1873777294169134, ""high_vol_threshold_quantile"": 82.71697497131933, ""mape_window"": 22, ""max_boost"": 0.3401846635075156, ""max_weight"": 0.9021224733881762, ""min_boost"": 0.13723804861062222, ""short_vol_window"": 14, ""warmup_ratio"": 0.6073991209639893}",33.4929764820958,0.37789323626712923,0.40328675498709554,0.07498574502571265,358.42390099503706,36.55684960359833,
v3_5,234,3.9542246258493634,COMPLETE,"{""bias_alpha"": 0.9897875736943079, ""bias_combine_ratio"": 0.47564884087943293, ""bias_window"": 6, ""default_weight_ratio_ceiling"": 0.8794210871409475, ""default_weight_ratio_floor"": 0.47417676465271724, ""default_weight_ratio_steps"": 7, ""high_vol_boost_base"": 0.016992631389969513, ""high_vol_boost_scale"": 0.18700719587549855, ""high_vol_threshold_quantile"": 82.84837058672227, ""mape_window"": 25, ""max_boost"": 0.3290295888983318, ""max_weight"": 0.9013369001282051, ""min_boost"": 0.13529093930794384, ""short_vol_window"": 14, ""warmup_ratio"": 0.6200127649441968}",33.51156804909784,0.3774182269642805,0.402696509878153,0.0748914140425514,359.25475652665625,36.579457037785524,
v3_5,201,3.9500865832255294,COMPLETE,"{""bias_alpha"": 0.9809329514589901, ""bias_combine_ratio"": 0.4619887622106835, ""bias_window"": 6, ""default_weight_ratio_ceiling"": 0.8900711725371772, ""default_weight_ratio_floor"": 0.49983498171125607, ""default_weight_ratio_steps"": 7, ""high_vol_boost_base"": 0.0260647455276935, ""high_vol_boost_scale"": 0.18731737506888094, ""high_vol_threshold_quantile"": 81.99228480646057, ""mape_window"": 23, ""max_boost"": 0.36820685457931474, ""max_weight"": 0.9114374295177972, ""min_boost"": 0.13776074909702893, ""short_vol_window"": 14, ""warmup_ratio"": 0.610747902799592}",33.764982974348854,0.3778290767298069,0.40709319815280653,0.0761613216524405,358.0959901006186,36.240206592556255,
v3_5,200,3.943186113441918,COMPLETE,"{""bias_alpha"": 0.9741002709646767, ""bias_combine_ratio"": 0.4602468218114848, ""bias_window"": 6, ""default_weight_ratio_ceiling"": 0.8907485819049176, ""default_weight_ratio_floor"": 0.4993213507128435, ""default_weight_ratio_steps"": 7, ""high_vol_boost_base"": 0.02551196431958675, ""high_vol_boost_scale"": 0.18234452586855207, ""high_vol_threshold_quantile"": 82.13080257860766, ""mape_window"": 23, ""max_boost"": 0.3714377733153625, ""max_weight"": 0.9137260036938679, ""min_boost"": 0.13330336948023155, ""short_vol_window"": 14, ""warmup_ratio"": 0.613176176874793}",33.65598603321277,0.37756938326678346,0.40909706637709276,0.07679137869423203,355.1275501250284,36.03240466374693,
v3_5,228,3.9389949856541864,COMPLETE,"{""bias_alpha"": 0.9799430616074956, ""bias_combine_ratio"": 0.4743688596278547, ""bias_window"": 6, ""default_weight_ratio_ceiling"": 0.8785200365181682, ""default_weight_ratio_floor"": 0.47466511515438353, ""default_weight_ratio_steps"": 7, ""high_vol_boost_base"": 0.010278616112193354, ""high_vol_boost_scale"": 0.1878722630864971, ""high_vol_threshold_quantile"": 82.6002522359544, ""mape_window"": 21, ""max_boost"": 0.3825824533855432, ""max_weight"": 0.9012497312359541, ""min_boost"": 0.1396887610200196, ""short_vol_window"": 15, ""warmup_ratio"": 0.6225898681375456}",33.18978072347217,0.3764490718500926,0.40491585422794474,0.07567591756295944,353.8812811480833,36.287642875454345,
v3_5,225,3.929959554860267,COMPLETE,"{""bias_alpha"": 0.9842896827169744, ""bias_combine_ratio"": 0.46788315897832183, ""bias_window"": 6, ""default_weight_ratio_ceiling"": 0.8907534569210598, ""default_weight_ratio_floor"": 0.4847640017080266, ""default_weight_ratio_steps"": 7, ""high_vol_boost_base"": 0.0015495905901734969, ""high_vol_boost_scale"": 0.16635652617979146, ""high_vol_threshold_quantile"": 80.66394128829332, ""mape_window"": 20, ""max_boost"": 0.3592734378735179, ""max_weight"": 0.8956073092470869, ""min_boost"": 0.13622173141095134, ""short_vol_window"": 14, ""warmup_ratio"": 0.6022039027825246}",33.00482244208489,0.37525946051939685,0.4026932238499068,0.07521209310683674,353.9483022348126,36.38129447982441,
v3_5,213,3.9258939725501167,COMPLETE,"{""bias_alpha"": 0.9756746199944442, ""bias_combine_ratio"": 0.4691358926744214, ""bias_window"": 6, ""default_weight_ratio_ceiling"": 0.89304827168972, ""default_weight_ratio_floor"": 0.49965525808249767, ""default_weight_ratio_steps"": 7, ""high_vol_boost_base"": 0.020111249949797676, ""high_vol_boost_scale"": 0.18953753764346945, ""high_vol_threshold_quantile"": 82.51394920226205, ""mape_window"": 23, ""max_boost"": 0.38284919956601293, ""max_weight"": 0.8987301670561648, ""min_boost"": 0.15225223806942637, ""short_vol_window"": 14, ""warmup_ratio"": 0.6153489861019474}",32.890051287222015,0.37534487140537776,0.40515704794271723,0.07596821650752339,350.3952449396673,36.149288994534515,
v3_5,202,3.917814192935241,COMPLETE,"{""bias_alpha"": 0.9762238205848355, ""bias_combine_ratio"": 0.4609061740554393, ""bias_window"": 6, ""default_weight_ratio_ceiling"": 0.8897255015821757, ""default_weight_ratio_floor"": 0.48406870167212446, ""default_weight_ratio_steps"": 7, ""high_vol_boost_base"": 0.027646798397509064, ""high_vol_boost_scale"": 0.17826241731947057, ""high_vol_threshold_quantile"": 81.8797266959217, ""mape_window"": 24, ""max_boost"": 0.3771061537132608, ""max_weight"": 0.8975295678786865, ""min_boost"": 0.12840692096933004, ""short_vol_window"": 14, ""warmup_ratio"": 0.6161435087419654}",32.82709593355347,0.3745775983536268,0.40490607994222483,0.07600063849126915,350.0887984127919,36.11642491934356,
v3_5,198,3.9173255437124093,COMPLETE,"{""bias_alpha"": 0.9748744564165273, ""bias_combine_ratio"": 0.4734525113913981, ""bias_window"": 6, ""default_weight_ratio_ceiling"": 0.889759047089357, ""default_weight_ratio_floor"": 0.4837979792851155, ""default_weight_ratio_steps"": 7, ""high_vol_boost_base"": 0.02551207637616542, ""high_vol_boost_scale"": 0.1751059508581247, ""high_vol_threshold_quantile"": 86.70834768059325, ""mape_window"": 24, ""max_boost"": 0.37511372705227886, ""max_weight"": 0.8929913160754611, ""min_boost"": 0.14726201725141644, ""short_vol_window"": 14, ""warmup_ratio"": 0.628786169210028}",32.559285521362185,0.37437766423659125,0.4039949104407975,0.07576336639272874,347.8841387954696,36.15331851041747,
v3_5,188,3.9169444643040965,COMPLETE,"{""bias_alpha"": 0.9661734984467285, ""bias_combine_ratio"": 0.4600219119588487, ""bias_window"": 6, ""default_weight_ratio_ceiling"": 0.8907436098281203, ""default_weight_ratio_floor"": 0.48457441894639575, ""default_weight_ratio_steps"": 7, ""high_vol_boost_base"": 0.014234546688860407, ""high_vol_boost_scale"": 0.21440211404402384, ""high_vol_threshold_quantile"": 86.58354903837149, ""mape_window"": 23, ""max_boost"": 0.4475658805297422, ""max_weight"": 0.9048421175974851, ""min_boost"": 0.16800630711180145, ""short_vol_window"": 15, ""warmup_ratio"": 0.6455622506086228}",32.898891316248644,0.37516804585127006,0.40870224502256547,0.07702604308032834,347.43427271330773,35.826201052968564,
v3_5,216,3.9165628834117805,COMPLETE,"{""bias_alpha"": 0.9727143247783473, ""bias_combine_ratio"": 0.4611119618367851, ""bias_window"": 6, ""default_weight_ratio_ceiling"": 0.8916915933014236, ""default_weight_ratio_floor"": 0.49962597086989924, ""default_weight_ratio_steps"": 7, ""high_vol_boost_base"": 0.019886125292746668, ""high_vol_boost_scale"": 0.2041021381265843, ""high_vol_threshold_quantile"": 82.25232845714474, ""mape_window"": 20, ""max_boost"": 0.38140933853728654, ""max_weight"": 0.8997778303035253, ""min_boost"": 0.13705540357951412, ""short_vol_window"": 14, ""warmup_ratio"": 0.6248046943494951}",32.8287333575642,0.37469386448289477,0.4062483121392897,0.07634853108077877,348.9697000903911,36.01094111472001,
v3_5,211,3.915982146304374,COMPLETE,"{""bias_alpha"": 0.9698538880148381, ""bias_combine_ratio"": 0.4610303263356181, ""bias_window"": 6, ""default_weight_ratio_ceiling"": 0.8812949406226555, ""default_weight_ratio_floor"": 0.4999294643003469, ""default_weight_ratio_steps"": 7, ""high_vol_boost_base"": 0.019495766193682634, ""high_vol_boost_scale"": 0.1881662155547187, ""high_vol_threshold_quantile"": 83.32659204108178, ""mape_window"": 23, ""max_boost"": 0.38645142627090096, ""max_weight"": 0.9009888600778682, ""min_boost"": 0.14944378027617608, ""short_vol_window"": 13, ""warmup_ratio"": 0.6104582995009213}",32.806488413476465,0.3747893075969415,0.4070290488399627,0.07659350726150094,347.9404483079842,35.93916983809029,
v3_5,187,3.915672412717559,COMPLETE,"{""bias_alpha"": 0.9555350054497064, ""bias_combine_ratio"": 0.4607339737577282, ""bias_window"": 6, ""default_weight_ratio_ceiling"": 0.8871304228726553, ""default_weight_ratio_floor"": 0.4841879796554002, ""default_weight_ratio_steps"": 7, ""high_vol_boost_base"": 0.013599249842971629, ""high_vol_boost_scale"": 0.17523449390081267, ""high_vol_threshold_quantile"": 84.15536677468343, ""mape_window"": 53, ""max_boost"": 0.44826326698339514, ""max_weight"": 0.911143189979268, ""min_boost"": 0.14973470051121515, ""short_vol_window"": 15, ""warmup_ratio"": 0.6622137189577987}",32.859803536884684,0.3756847022784886,0.41228454165674944,0.0779940559154012,343.77272160132276,35.54324543798996,
v3_5,176,3.9134049213398283,COMPLETE,"{""bias_alpha"": 0.9473850129222695, ""bias_combine_ratio"": 0.44380372439319493, ""bias_window"": 6, ""default_weight_ratio_ceiling"": 0.8879487170316565, ""default_weight_ratio_floor"": 0.4998359239337849, ""default_weight_ratio_steps"": 7, ""high_vol_boost_base"": 0.014375874403407747, ""high_vol_boost_scale"": 0.22179862713504492, ""high_vol_threshold_quantile"": 84.88306116564712, ""mape_window"": 28, ""max_boost"": 0.45250683699154043, ""max_weight"": 0.9258691017801157, ""min_boost"": 0.1739895843325147, ""short_vol_window"": 17, ""warmup_ratio"": 0.6536999418089987}",33.36847251528531,0.37634767644059197,0.41707003684358945,0.07935101220630125,344.7385738142464,35.186403599929605,
v3_5,207,3.911962301196864,COMPLETE,"{""bias_alpha"": 0.9767115583911107, ""bias_combine_ratio"": 0.47510176219070416, ""bias_window"": 6, ""default_weight_ratio_ceiling"": 0.8640144814295966, ""default_weight_ratio_floor"": 0.4996186842291007, ""default_weight_ratio_steps"": 7, ""high_vol_boost_base"": 0.029711616676066643, ""high_vol_boost_scale"": 0.1626958634790674, ""high_vol_threshold_quantile"": 82.69843379294122, ""mape_window"": 23, ""max_boost"": 0.36188298967495536, ""max_weight"": 0.8875870760004627, ""min_boost"": 0.13694273187595027, ""short_vol_window"": 13, ""warmup_ratio"": 0.6163078641226682}",32.32402834940006,0.3735998068976374,0.4022485209754454,0.07537011667120652,346.8239791329193,36.22432003139739,
v3_5,221,3.9042600012935575,COMPLETE,"{""bias_alpha"": 0.9672298764523897, ""bias_combine_ratio"": 0.46987597609170545, ""bias_window"": 6, ""default_weight_ratio_ceiling"": 0.8993369025094379, ""default_weight_ratio_floor"": 0.4838571018517264, ""default_weight_ratio_steps"": 7, ""high_vol_boost_base"": 0.010011411653166614, ""high_vol_boost_scale"": 0.20319183804360688, ""high_vol_threshold_quantile"": 83.38178398666437, ""mape_window"": 22, ""max_boost"": 0.36820700446151133, ""max_weight"": 0.8928092648257555, ""min_boost"": 0.13394292118481882, ""short_vol_window"": 14, ""warmup_ratio"": 0.6153767193125641}",32.29352663095345,0.3734985204915855,0.4056271328847386,0.07635273236429163,343.6494107031305,35.92284266415593,
v3_5,220,3.9041270261944914,COMPLETE,"{""bias_alpha"": 0.9683294646530878, ""bias_combine_ratio"": 0.470215371808035, ""bias_window"": 6, ""default_weight_ratio_ceiling"": 0.8999550851964089, ""default_weight_ratio_floor"": 0.48434664304193437, ""default_weight_ratio_steps"": 7, ""high_vol_boost_base"": 0.006391812026704816, ""high_vol_boost_scale"": 0.20272206304051696, ""high_vol_threshold_quantile"": 83.42205487809052, ""mape_window"": 22, ""max_boost"": 0.36997454147651343, ""max_weight"": 0.8917815124188838, ""min_boost"": 0.13510916047097243, ""short_vol_window"": 14, ""warmup_ratio"": 0.6141818182495384}",32.27370780095471,0.37340332273308974,0.4051495230398061,0.07622710144679612,343.852627436933,35.955942604473265,
v3_5,222,3.903911703968354,COMPLETE,"{""bias_alpha"": 0.968131727041162, ""bias_combine_ratio"": 0.46731497393091515, ""bias_window"": 6, ""default_weight_ratio_ceiling"": 0.899719715597321, ""default_weight_ratio_floor"": 0.48153222308073235, ""default_weight_ratio_steps"": 7, ""high_vol_boost_base"": 0.006130107322043075, ""high_vol_boost_scale"": 0.2079824153651422, ""high_vol_threshold_quantile"": 83.3950483519259, ""mape_window"": 22, ""max_boost"": 0.3694016411195271, ""max_weight"": 0.8930004451920819, ""min_boost"": 0.13371453890174673, ""short_vol_window"": 14, ""warmup_ratio"": 0.6123332591882804}",32.32816364548037,0.37344593139523297,0.4055038867914371,0.07632565746593989,344.1507924057453,35.93351569593422,
v3_5,192,3.9038915668426006,COMPLETE,"{""bias_alpha"": 0.9564596826183561, ""bias_combine_ratio"": 0.4704343694803501, ""bias_window"": 6, ""default_weight_ratio_ceiling"": 0.8803389914880266, ""default_weight_ratio_floor"": 0.4885168820933534, ""default_weight_ratio_steps"": 7, ""high_vol_boost_base"": 0.01634528302234763, ""high_vol_boost_scale"": 0.21451540004981046, ""high_vol_threshold_quantile"": 86.47448263890094, ""mape_window"": 25, ""max_boost"": 0.3683077993413001, ""max_weight"": 0.9003468014887767, ""min_boost"": 0.14876955347208792, ""short_vol_window"": 14, ""warmup_ratio"": 0.6476456995043588}",32.344474632887156,0.3741678801943038,0.40966453580884754,0.0774209490325406,340.67744919802016,35.62461879785169,
v3_5,197,3.9036222905430167,COMPLETE,"{""bias_alpha"": 0.9722765471178304, ""bias_combine_ratio"": 0.47163895021585944, ""bias_window"": 6, ""default_weight_ratio_ceiling"": 0.8900127962012966, ""default_weight_ratio_floor"": 0.48451688375988144, ""default_weight_ratio_steps"": 7, ""high_vol_boost_base"": 0.025833313819503514, ""high_vol_boost_scale"": 0.17845687533721788, ""high_vol_threshold_quantile"": 83.56583699324176, ""mape_window"": 21, ""max_boost"": 0.3698570105361873, ""max_weight"": 0.8884648946445293, ""min_boost"": 0.14860373410818117, ""short_vol_window"": 14, ""warmup_ratio"": 0.6326459336393832}",32.21992157730826,0.3730761680732242,0.4035787206329322,0.07578646108944587,344.6899820893863,36.069398730234795,
v3_5,218,3.9033860614879443,COMPLETE,"{""bias_alpha"": 0.9616755443348874, ""bias_combine_ratio"": 0.46738479868737076, ""bias_window"": 6, ""default_weight_ratio_ceiling"": 0.8729915247205545, ""default_weight_ratio_floor"": 0.49950669130171926, ""default_weight_ratio_steps"": 7, ""high_vol_boost_base"": 0.0057628890629725475, ""high_vol_boost_scale"": 0.16360843558605692, ""high_vol_threshold_quantile"": 82.34997964947766, ""mape_window"": 22, ""max_boost"": 0.346340576240475, ""max_weight"": 0.8975599335303093, ""min_boost"": 0.13865976996639898, ""short_vol_window"": 15, ""warmup_ratio"": 0.608483738439707}",32.37083287746821,0.3738230427423854,0.4079463577374478,0.07697189684537598,342.4776626984365,35.75142671599406,
v3_5,190,3.9019976645279564,COMPLETE,"{""bias_alpha"": 0.9558510743369536, ""bias_combine_ratio"": 0.46272168056876245, ""bias_window"": 6, ""default_weight_ratio_ceiling"": 0.8736531304551738, ""default_weight_ratio_floor"": 0.4887214333914046, ""default_weight_ratio_steps"": 7, ""high_vol_boost_base"": 0.017700829752373345, ""high_vol_boost_scale"": 0.21598085731052746, ""high_vol_threshold_quantile"": 86.51242291396645, ""mape_window"": 25, ""max_boost"": 0.45445154234091156, ""max_weight"": 0.9029256136883181, ""min_boost"": 0.1492494862474413, ""short_vol_window"": 16, ""warmup_ratio"": 0.6478867408520321}",32.45184454896697,0.37413541075543133,0.41044454486654913,0.0776512303282949,341.18741128018735,35.56363203290833,
v3_5,204,3.900985023550842,COMPLETE,"{""bias_alpha"": 0.9784609820911002, ""bias_combine_ratio"": 0.46372478861113897, ""bias_window"": 6, ""default_weight_ratio_ceiling"": 0.8903560606659369, ""default_weight_ratio_floor"": 0.4829627833531754, ""default_weight_ratio_steps"": 7, ""high_vol_boost_base"": 0.02618246765966844, ""high_vol_boost_scale"": 0.17566588544607442, ""high_vol_threshold_quantile"": 81.92041868162431, ""mape_window"": 23, ""max_boost"": 0.38072819086091236, ""max_weight"": 0.8848941463399227, ""min_boost"": 0.13196011072786246, ""short_vol_window"": 14, ""warmup_ratio"": 0.6085324991835066}",32.2077340451213,0.3724686379071185,0.4013690334070872,0.07527827520056496,346.47821730047656,36.21236521660518,
v3_5,174,3.8975201307332066,COMPLETE,"{""bias_alpha"": 0.9453789547680163, ""bias_combine_ratio"": 0.4517756208654097, ""bias_window"": 6, ""default_weight_ratio_ceiling"": 0.8693327614472776, ""default_weight_ratio_floor"": 0.49175040969096007, ""default_weight_ratio_steps"": 7, ""high_vol_boost_base"": 0.021630239357768904, ""high_vol_boost_scale"": 0.2472462316851773, ""high_vol_threshold_quantile"": 85.6003448577849, ""mape_window"": 54, ""max_boost"": 0.47538699778488114, ""max_weight"": 0.9243081042653635, ""min_boost"": 0.16652155598729845, ""short_vol_window"": 17, ""warmup_ratio"": 0.6534819177088237}",32.87838112679418,0.37460658464769914,0.41630978320349754,0.07882661629679155,341.4977637925024,35.21936815343914,
v3_5,181,3.897462749292647,COMPLETE,"{""bias_alpha"": 0.9555083182272737, ""bias_combine_ratio"": 0.45501396327487936, ""bias_window"": 6, ""default_weight_ratio_ceiling"": 0.8585184833543482, ""default_weight_ratio_floor"": 0.49325575072007416, ""default_weight_ratio_steps"": 7, ""high_vol_boost_base"": 0.018565031102569962, ""high_vol_boost_scale"": 0.19171513143168117, ""high_vol_threshold_quantile"": 85.61306159647265, ""mape_window"": 22, ""max_boost"": 0.43750999401628554, ""max_weight"": 0.9100529674781028, ""min_boost"": 0.16657427909359102, ""short_vol_window"": 17, ""warmup_ratio"": 0.6610115436030484}",32.66290337554311,0.3739095736026763,0.4118923223181853,0.07787587540552987,342.68689460807235,35.48715522713786,
v3_6,233,2.6815949415357143,COMPLETE,"{""bias_alpha"": 0.8893897118280154, ""bias_combine_ratio"": 0.1946831608768226, ""bias_window"": 6, ""default_weight_ratio_ceiling"": 0.5757059530167724, ""default_weight_ratio_floor"": 0.2752032310895767, ""default_weight_ratio_steps"": 3, ""high_vol_boost_base"": 0.005879064208410906, ""high_vol_boost_scale"": 0.3250029384844835, ""high_vol_threshold_quantile"": 73.11695386672358, ""mape_window"": 57, ""max_boost"": 0.4893580579747659, ""max_weight"": 0.787182384632231, ""min_boost"": 0.14618735623826912, ""short_vol_window"": 5, ""warmup_ratio"": 0.7122288630342668}",5.533178844091436,0.24874983964673048,0.3603839472334418,0.057826750136289684,83.62789763459865,33.75310916440891,
v3_6,207,2.6722916872782227,COMPLETE,"{""bias_alpha"": 0.8864798287291763, ""bias_combine_ratio"": 0.23528582745973817, ""bias_window"": 6, ""default_weight_ratio_ceiling"": 0.5718561738823923, ""default_weight_ratio_floor"": 0.280819302962093, ""default_weight_ratio_steps"": 3, ""high_vol_boost_base"": 0.010150700669185433, ""high_vol_boost_scale"": 0.3086059893620722, ""high_vol_threshold_quantile"": 73.27958642937439, ""mape_window"": 57, ""max_boost"": 0.47778755219753727, ""max_weight"": 0.7794272165502854, ""min_boost"": 0.15049074165804718, ""short_vol_window"": 5, ""warmup_ratio"": 0.7140829303836983}",5.547162214815894,0.2482161775364511,0.3641237737785975,0.05762631144588981,83.51835419994015,33.54610344094514,
v3_6,235,2.6631169599365863,COMPLETE,"{""bias_alpha"": 0.8884478839740574, ""bias_combine_ratio"": 0.2549906716741879, ""bias_window"": 6, ""default_weight_ratio_ceiling"": 0.5740381940776553, ""default_weight_ratio_floor"": 0.26970248464702945, ""default_weight_ratio_steps"": 3, ""high_vol_boost_base"": 0.006099388147010812, ""high_vol_boost_scale"": 0.31829197995990577, ""high_vol_threshold_quantile"": 73.19477247438289, ""mape_window"": 57, ""max_boost"": 0.48710559943555687, ""max_weight"": 0.7732342610168689, ""min_boost"": 0.14282213155252016, ""short_vol_window"": 5, ""warmup_ratio"": 0.6996074313824683}",5.527568553313467,0.24737863406152205,0.3643944266391481,0.057425013823329873,83.29469701631241,33.44517479987356,
v3_6,186,2.601271705592881,COMPLETE,"{""bias_alpha"": 0.8590629650515245, ""bias_combine_ratio"": 0.2574368146191372, ""bias_window"": 6, ""default_weight_ratio_ceiling"": 0.5622040650480441, ""default_weight_ratio_floor"": 0.3567243173116576, ""default_weight_ratio_steps"": 7, ""high_vol_boost_base"": 0.007755475160670199, ""high_vol_boost_scale"": 0.215409615235895, ""high_vol_threshold_quantile"": 74.3707633001345, ""mape_window"": 56, ""max_boost"": 0.4910755335696483, ""max_weight"": 0.7762287957944579, ""min_boost"": 0.14570600854039276, ""short_vol_window"": 5, ""warmup_ratio"": 0.7521490562168002}",7.176990275424451,0.24407176427502408,0.3684293983194553,0.06346763165399272,104.38605445187908,31.707760778830135,
v3_6,202,2.6005129747183235,COMPLETE,"{""bias_alpha"": 0.8786531246625137, ""bias_combine_ratio"": 0.2279633737645592, ""bias_window"": 6, ""default_weight_ratio_ceiling"": 0.5638272115086032, ""default_weight_ratio_floor"": 0.28376787821657967, ""default_weight_ratio_steps"": 7, ""high_vol_boost_base"": 0.01198301371115984, ""high_vol_boost_scale"": 0.2890826145613411, ""high_vol_threshold_quantile"": 73.68179286524655, ""mape_window"": 57, ""max_boost"": 0.4740126328386996, ""max_weight"": 0.775321375631251, ""min_boost"": 0.15183420143421705, ""short_vol_window"": 5, ""warmup_ratio"": 0.7299532323644771}",8.170369011216287,0.2435128705149161,0.35807449304228134,0.06465465950028071,119.06004581218431,31.7349579445842,
v3_6,194,2.598079540106926,COMPLETE,"{""bias_alpha"": 0.8788657076215266, ""bias_combine_ratio"": 0.23453036156534998, ""bias_window"": 6, ""default_weight_ratio_ceiling"": 0.571779511863069, ""default_weight_ratio_floor"": 0.27889705375043117, ""default_weight_ratio_steps"": 7, ""high_vol_boost_base"": 0.01000788325757684, ""high_vol_boost_scale"": 0.24151186825362103, ""high_vol_threshold_quantile"": 74.51851700000792, ""mape_window"": 57, ""max_boost"": 0.47801487593107145, ""max_weight"": 0.7687763918988545, ""min_boost"": 0.14900116836088875, ""short_vol_window"": 5, ""warmup_ratio"": 0.7415107057957645}",8.286009578373857,0.24329551188364618,0.35754237020597057,0.06477884662158073,120.75463794356595,31.685798326008282,
v3_6,201,2.597832006734215,COMPLETE,"{""bias_alpha"": 0.8799412397907894, ""bias_combine_ratio"": 0.22800822877796806, ""bias_window"": 6, ""default_weight_ratio_ceiling"": 0.5601630027112776, ""default_weight_ratio_floor"": 0.27815510209116606, ""default_weight_ratio_steps"": 7, ""high_vol_boost_base"": 0.006478068334856867, ""high_vol_boost_scale"": 0.27441991210087857, ""high_vol_threshold_quantile"": 74.04712746135385, ""mape_window"": 57, ""max_boost"": 0.47679851138379714, ""max_weight"": 0.7829165836622195, ""min_boost"": 0.15093869029238857, ""short_vol_window"": 5, ""warmup_ratio"": 0.7350173293585774}",8.273516444441999,0.24326441133262455,0.35757821596456685,0.0647673505470604,120.60554686170514,31.703068577970832,
v3_6,231,2.59690826405228,COMPLETE,"{""bias_alpha"": 0.8855070733042836, ""bias_combine_ratio"": 0.19816344530893748, ""bias_window"": 6, ""default_weight_ratio_ceiling"": 0.5633971605592194, ""default_weight_ratio_floor"": 0.28171336439016426, ""default_weight_ratio_steps"": 3, ""high_vol_boost_base"": 0.010169309929472608, ""high_vol_boost_scale"": 0.26964253497366286, ""high_vol_threshold_quantile"": 73.09686882213684, ""mape_window"": 56, ""max_boost"": 0.47676159461546697, ""max_weight"": 0.7892537560434142, ""min_boost"": 0.14418929388537627, ""short_vol_window"": 4, ""warmup_ratio"": 0.7122592845875976}",5.418686219141676,0.24274519416045637,0.37323948512283234,0.060782679878806145,81.6408020466892,32.78975799635928,
v3_6,203,2.5966526222615576,COMPLETE,"{""bias_alpha"": 0.8856374456253443, ""bias_combine_ratio"": 0.22119493354377284, ""bias_window"": 6, ""default_weight_ratio_ceiling"": 0.5597236017530078, ""default_weight_ratio_floor"": 0.2836293168152773, ""default_weight_ratio_steps"": 7, ""high_vol_boost_base"": 0.010424220575321557, ""high_vol_boost_scale"": 0.27786290884561554, ""high_vol_threshold_quantile"": 73.55167825699287, ""mape_window"": 57, ""max_boost"": 0.4745920939324089, ""max_weight"": 0.7865305422530119, ""min_boost"": 0.1526875933383153, ""short_vol_window"": 5, ""warmup_ratio"": 0.7282752763687929}",8.218943867884402,0.24301731906528645,0.3569068434121513,0.06456796650550511,120.16262727216657,31.783720575318338,
v3_6,192,2.5963454780681134,COMPLETE,"{""bias_alpha"": 0.8753005621021884, ""bias_combine_ratio"": 0.2516430185483725, ""bias_window"": 6, ""default_weight_ratio_ceiling"": 0.5757187094606977, ""default_weight_ratio_floor"": 0.28896777618360464, ""default_weight_ratio_steps"": 7, ""high_vol_boost_base"": 0.009574631516171567, ""high_vol_boost_scale"": 0.23800030991117327, ""high_vol_threshold_quantile"": 74.93206852498541, ""mape_window"": 57, ""max_boost"": 0.47436451938823493, ""max_weight"": 0.646105033695006, ""min_boost"": 0.14765114197419482, ""short_vol_window"": 5, ""warmup_ratio"": 0.7417423034900535}",8.166520386196117,0.2431995570615717,0.35859523134549365,0.0646200255438869,118.90986972765555,31.631154958447038,
v3_6,205,2.5958946578442714,COMPLETE,"{""bias_alpha"": 0.8863365190166348, ""bias_combine_ratio"": 0.23064548919347413, ""bias_window"": 6, ""default_weight_ratio_ceiling"": 0.5618320167684223, ""default_weight_ratio_floor"": 0.28956633930150677, ""default_weight_ratio_steps"": 7, ""high_vol_boost_base"": 0.011126075764641643, ""high_vol_boost_scale"": 0.27392765496336013, ""high_vol_threshold_quantile"": 73.67442017984602, ""mape_window"": 57, ""max_boost"": 0.4930376015482854, ""max_weight"": 0.7844070418971311, ""min_boost"": 0.15334936855298625, ""short_vol_window"": 5, ""warmup_ratio"": 0.7163761950205219}",8.219601607210743,0.24291502217739058,0.35702363888348687,0.06438916130921268,120.23427898893897,31.784542970572218,
v3_6,181,2.5955269098867118,COMPLETE,"{""bias_alpha"": 0.8767864308767035, ""bias_combine_ratio"": 0.292480492016445, ""bias_window"": 6, ""default_weight_ratio_ceiling"": 0.5721636891201154, ""default_weight_ratio_floor"": 0.3186351597638234, ""default_weight_ratio_steps"": 7, ""high_vol_boost_base"": 0.010522142694924103, ""high_vol_boost_scale"": 0.1959071014732498, ""high_vol_threshold_quantile"": 75.23376062238918, ""mape_window"": 57, ""max_boost"": 0.4539584846948871, ""max_weight"": 0.8873738295609875, ""min_boost"": 0.15047278232487757, ""short_vol_window"": 6, ""warmup_ratio"": 0.7499592997255764}",7.798494838516827,0.24282937112446867,0.3570525165278612,0.06377468465794789,113.68694844061783,31.637431868913296,
v3_6,223,2.59550679354391,COMPLETE,"{""bias_alpha"": 0.8858321444546459, ""bias_combine_ratio"": 0.2050528670550531, ""bias_window"": 6, ""default_weight_ratio_ceiling"": 0.5521333170036278, ""default_weight_ratio_floor"": 0.2897266629611356, ""default_weight_ratio_steps"": 3, ""high_vol_boost_base"": 0.013674462372929852, ""high_vol_boost_scale"": 0.28794955901598834, ""high_vol_threshold_quantile"": 73.39380090321255, ""mape_window"": 56, ""max_boost"": 0.4939539147487461, ""max_weight"": 0.7740359165980357, ""min_boost"": 0.15266743169931715, ""short_vol_window"": 4, ""warmup_ratio"": 0.6882758859235807}",5.558429214827116,0.24276441545744132,0.374223515545942,0.060982997485362955,83.54271920914896,32.73054990253458,
v3_6,204,2.5945414565578018,COMPLETE,"{""bias_alpha"": 0.8866080826484638, ""bias_combine_ratio"": 0.22547400239615348, ""bias_window"": 6, ""default_weight_ratio_ceiling"": 0.5654556492236867, ""default_weight_ratio_floor"": 0.28301444226098593, ""default_weight_ratio_steps"": 7, ""high_vol_boost_base"": 0.01125809438139277, ""high_vol_boost_scale"": 0.28047877908316804, ""high_vol_threshold_quantile"": 73.4453341269346, ""mape_window"": 57, ""max_boost"": 0.4782510680904126, ""max_weight"": 0.7843181681564768, ""min_boost"": 0.15262784612510547, ""short_vol_window"": 5, ""warmup_ratio"": 0.724790929233529}",8.23771548886235,0.2428304872764968,0.35698254016576325,0.06455376550536307,120.45716223176193,31.764427565061727,
v3_6,212,2.5943697549618223,COMPLETE,"{""bias_alpha"": 0.8850304674887763, ""bias_combine_ratio"": 0.21390375072676499, ""bias_window"": 6, ""default_weight_ratio_ceiling"": 0.572321576513798, ""default_weight_ratio_floor"": 0.2832648592213839, ""default_weight_ratio_steps"": 3, ""high_vol_boost_base"": 0.00867553699896654, ""high_vol_boost_scale"": 0.26935434663674623, ""high_vol_threshold_quantile"": 72.39613105583321, ""mape_window"": 57, ""max_boost"": 0.47556280932617045, ""max_weight"": 0.7755056788206783, ""min_boost"": 0.14591405782834027, ""short_vol_window"": 5, ""warmup_ratio"": 0.7257569258032783}",8.165708295450559,0.24280185937006937,0.3567306071585019,0.06455020838803804,119.39827637817932,31.755063077977795,
v3_6,193,2.5932162389309332,COMPLETE,"{""bias_alpha"": 0.8775648757258796, ""bias_combine_ratio"": 0.25890980511805256, ""bias_window"": 6, ""default_weight_ratio_ceiling"": 0.5640532177004225, ""default_weight_ratio_floor"": 0.2903466571596272, ""default_weight_ratio_steps"": 7, ""high_vol_boost_base"": 0.009435342611102246, ""high_vol_boost_scale"": 0.22952222794728874, ""high_vol_threshold_quantile"": 73.59572767204709, ""mape_window"": 57, ""max_boost"": 0.47834677061695874, ""max_weight"": 0.7928293393533483, ""min_boost"": 0.14758549484250783, ""short_vol_window"": 5, ""warmup_ratio"": 0.74322682924059}",8.143396998127924,0.24296248636471773,0.35948961204700614,0.0645617691671484,118.55281313272937,31.620935833207646,
v3_6,232,2.592792280306428,COMPLETE,"{""bias_alpha"": 0.8836394254479608, ""bias_combine_ratio"": 0.19181055424943905, ""bias_window"": 6, ""default_weight_ratio_ceiling"": 0.5744689182954146, ""default_weight_ratio_floor"": 0.27258165854425287, ""default_weight_ratio_steps"": 3, ""high_vol_boost_base"": 0.006242239390207498, ""high_vol_boost_scale"": 0.27292194447240775, ""high_vol_threshold_quantile"": 87.43763769366493, ""mape_window"": 56, ""max_boost"": 0.4847532610792281, ""max_weight"": 0.7864362507220443, ""min_boost"": 0.1452392052263425, ""short_vol_window"": 4, ""warmup_ratio"": 0.7138443335361704}",4.966377879587753,0.24327811484595396,0.37096582038581516,0.05925054100488725,75.68951899324281,33.04698449675284,
v3_6,191,2.5918878434203183,COMPLETE,"{""bias_alpha"": 0.8748761047483257, ""bias_combine_ratio"": 0.2568637725159878, ""bias_window"": 6, ""default_weight_ratio_ceiling"": 0.5755841282218687, ""default_weight_ratio_floor"": 0.29060662145106436, ""default_weight_ratio_steps"": 7, ""high_vol_boost_base"": 0.009696288038328938, ""high_vol_boost_scale"": 0.21987647348851908, ""high_vol_threshold_quantile"": 72.63078895293982, ""mape_window"": 57, ""max_boost"": 0.4715754398787353, ""max_weight"": 0.7734212479568069, ""min_boost"": 0.14546056535574498, ""short_vol_window"": 5, ""warmup_ratio"": 0.7439564313204079}",8.07307741369967,0.24291651690310467,0.36033310128998275,0.06451051038725641,117.35923185460531,31.573586187645574,
v3_6,195,2.5914212550884317,COMPLETE,"{""bias_alpha"": 0.8789875851116974, ""bias_combine_ratio"": 0.2556933272505691, ""bias_window"": 6, ""default_weight_ratio_ceiling"": 0.5626799434656731, ""default_weight_ratio_floor"": 0.2873178746178292, ""default_weight_ratio_steps"": 7, ""high_vol_boost_base"": 0.01032703877795372, ""high_vol_boost_scale"": 0.2431512611253465, ""high_vol_threshold_quantile"": 74.66300774519704, ""mape_window"": 57, ""max_boost"": 0.47853520770937297, ""max_weight"": 0.7914853614583169, ""min_boost"": 0.14726703315528164, ""short_vol_window"": 5, ""warmup_ratio"": 0.7413501015215782}",8.184917577744798,0.24274052629186027,0.3585733525748306,0.06460838648167111,119.30614244403979,31.61046102669972,
v3_6,221,2.5894933650578196,COMPLETE,"{""bias_alpha"": 0.8840256606501635, ""bias_combine_ratio"": 0.1947223992990457, ""bias_window"": 6, ""default_weight_ratio_ceiling"": 0.5420496378683125, ""default_weight_ratio_floor"": 0.2821926327118051, ""default_weight_ratio_steps"": 3, ""high_vol_boost_base"": 0.010404593414926791, ""high_vol_boost_scale"": 0.31443721931614216, ""high_vol_threshold_quantile"": 72.46227186121538, ""mape_window"": 56, ""max_boost"": 0.476965254871055, ""max_weight"": 0.8126151405198159, ""min_boost"": 0.14718154711934864, ""short_vol_window"": 4, ""warmup_ratio"": 0.6840508678930077}",5.6051707290421176,0.24230537262193308,0.37218572881021095,0.0619536993072235,84.10060997561446,32.616883670501366,
v3_6,218,2.588627739160246,COMPLETE,"{""bias_alpha"": 0.8845046957890432, ""bias_combine_ratio"": 0.1927616843385248, ""bias_window"": 6, ""default_weight_ratio_ceiling"": 0.5437268630666486, ""default_weight_ratio_floor"": 0.28285771903781054, ""default_weight_ratio_steps"": 3, ""high_vol_boost_base"": 0.015685254291149538, ""high_vol_boost_scale"": 0.3016169603549916, ""high_vol_threshold_quantile"": 72.52500666794641, ""mape_window"": 56, ""max_boost"": 0.4872635881187528, ""max_weight"": 0.8198412222219856, ""min_boost"": 0.14763597323567357, ""short_vol_window"": 4, ""warmup_ratio"": 0.6998088157211029}",5.573468511602902,0.24227514093800417,0.3731326959489294,0.061923214383435066,83.67908230893288,32.630986856424045,
v3_6,216,2.584130169988508,COMPLETE,"{""bias_alpha"": 0.8861406032126992, ""bias_combine_ratio"": 0.18707692965797884, ""bias_window"": 6, ""default_weight_ratio_ceiling"": 0.5578462830496499, ""default_weight_ratio_floor"": 0.2834166161112701, ""default_weight_ratio_steps"": 3, ""high_vol_boost_base"": 0.01145720209909316, ""high_vol_boost_scale"": 0.2643024357826842, ""high_vol_threshold_quantile"": 72.19433697400216, ""mape_window"": 56, ""max_boost"": 0.49998646849848183, ""max_weight"": 0.8155314948521141, ""min_boost"": 0.14438549117928393, ""short_vol_window"": 4, ""warmup_ratio"": 0.7064054758818954}",6.641294863898297,0.24219311458006998,0.36697869234405345,0.06433536323647038,98.56832150723586,32.18573994140141,
v3_6,133,2.575595657185979,COMPLETE,"{""bias_alpha"": 0.8709862621055939, ""bias_combine_ratio"": 0.30873424538732597, ""bias_window"": 6, ""default_weight_ratio_ceiling"": 0.5528672167363865, ""default_weight_ratio_floor"": 0.3482998953965424, ""default_weight_ratio_steps"": 7, ""high_vol_boost_base"": 0.01854072932227895, ""high_vol_boost_scale"": 0.8040351459164262, ""high_vol_threshold_quantile"": 66.2344599323001, ""mape_window"": 57, ""max_boost"": 0.4437213106630175, ""max_weight"": 0.8867396401782516, ""min_boost"": 0.1267504438171735, ""short_vol_window"": 22, ""warmup_ratio"": 0.7999121847612287}",8.93104816683651,0.24146244728620592,0.3627026082519793,0.06363535361542516,125.7517951930072,31.502466485072603,
v3_6,197,2.570448893228389,COMPLETE,"{""bias_alpha"": 0.8811006237355707, ""bias_combine_ratio"": 0.25822553915769764, ""bias_window"": 6, ""default_weight_ratio_ceiling"": 0.5677714977278291, ""default_weight_ratio_floor"": 0.29048597490042877, ""default_weight_ratio_steps"": 7, ""high_vol_boost_base"": 0.013882975237097727, ""high_vol_boost_scale"": 0.2797570378895631, ""high_vol_threshold_quantile"": 74.75130609170559, ""mape_window"": 56, ""max_boost"": 0.47822203493834564, ""max_weight"": 0.7676745784959272, ""min_boost"": 0.14590847001591073, ""short_vol_window"": 5, ""warmup_ratio"": 0.7405972761623345}",8.07663382828001,0.24111806788402967,0.36219926475455333,0.06460140945712567,117.83679089499829,31.409249311442537,
v3_6,147,2.5681531198122007,COMPLETE,"{""bias_alpha"": 0.8855136750206684, ""bias_combine_ratio"": 0.3518357236372106, ""bias_window"": 6, ""default_weight_ratio_ceiling"": 0.5393540832683584, ""default_weight_ratio_floor"": 0.351741402083341, ""default_weight_ratio_steps"": 7, ""high_vol_boost_base"": 0.021022338290042616, ""high_vol_boost_scale"": 0.18842011843714046, ""high_vol_threshold_quantile"": 79.66980286389922, ""mape_window"": 57, ""max_boost"": 0.4706498977148412, ""max_weight"": 0.9343975145761888, ""min_boost"": 0.1384694653767259, ""short_vol_window"": 15, ""warmup_ratio"": 0.7932110864285653}",7.535783213261396,0.2401826560363347,0.35870999475783816,0.06301574405652699,110.83488789504831,31.581410203889508,
v3_6,226,2.5676130400111483,COMPLETE,"{""bias_alpha"": 0.8809880898942877, ""bias_combine_ratio"": 0.21669265598967813, ""bias_window"": 6, ""default_weight_ratio_ceiling"": 0.5683848855288611, ""default_weight_ratio_floor"": 0.2907513560593932, ""default_weight_ratio_steps"": 3, ""high_vol_boost_base"": 0.01358603401284765, ""high_vol_boost_scale"": 0.27366990483886683, ""high_vol_threshold_quantile"": 74.87931947029813, ""mape_window"": 56, ""max_boost"": 0.47575344801042657, ""max_weight"": 0.7949403886503772, ""min_boost"": 0.15133673510635282, ""short_vol_window"": 4, ""warmup_ratio"": 0.6864561990868943}",5.454860025784144,0.24037520149647862,0.376444857094003,0.06059756935776217,82.01620505198129,32.40025261767958,
v3_6,215,2.558881448417526,COMPLETE,"{""bias_alpha"": 0.8849018514862305, ""bias_combine_ratio"": 0.20168067356875555, ""bias_window"": 6, ""default_weight_ratio_ceiling"": 0.5614272774187485, ""default_weight_ratio_floor"": 0.28550963446186217, ""default_weight_ratio_steps"": 3, ""high_vol_boost_base"": 0.012112503555367719, ""high_vol_boost_scale"": 0.2667593238327175, ""high_vol_threshold_quantile"": 72.19050503577735, ""mape_window"": 56, ""max_boost"": 0.47938852339660004, ""max_weight"": 0.810907438573746, ""min_boost"": 0.1441192763970013, ""short_vol_window"": 4, ""warmup_ratio"": 0.7229812463132029}",8.073103283641645,0.24038594895343124,0.361049647934936,0.06701408224763683,118.10644747036761,31.44037205089354,
v3_6,214,2.557436447095053,COMPLETE,"{""bias_alpha"": 0.885814219364506, ""bias_combine_ratio"": 0.20508277874638917, ""bias_window"": 6, ""default_weight_ratio_ceiling"": 0.5598653927854154, ""default_weight_ratio_floor"": 0.28283041331166825, ""default_weight_ratio_steps"": 3, ""high_vol_boost_base"": 0.010587447640331961, ""high_vol_boost_scale"": 0.26737743425676197, ""high_vol_threshold_quantile"": 73.62488224508398, ""mape_window"": 56, ""max_boost"": 0.476512691750374, ""max_weight"": 0.807714541653776, ""min_boost"": 0.14215538479057355, ""short_vol_window"": 4, ""warmup_ratio"": 0.7227289445042612}",8.147621832120741,0.24023055723908948,0.3613830892939268,0.06679121515529163,119.31975321818106,31.433070842291922,
v3_6,219,2.5469343656306087,COMPLETE,"{""bias_alpha"": 0.8860555647228239, ""bias_combine_ratio"": 0.1934641316231157, ""bias_window"": 6, ""default_weight_ratio_ceiling"": 0.5415306425581669, ""default_weight_ratio_floor"": 0.2807939243237903, ""default_weight_ratio_steps"": 3, ""high_vol_boost_base"": 0.01542258712634598, ""high_vol_boost_scale"": 0.30612197670579044, ""high_vol_threshold_quantile"": 72.43849912343995, ""mape_window"": 56, ""max_boost"": 0.4837705199498963, ""max_weight"": 0.8128191083515411, ""min_boost"": 0.14757172839974558, ""short_vol_window"": 4, ""warmup_ratio"": 0.7179546923504311}",8.125546926611207,0.2395350798920819,0.3618474242858073,0.06789635534356109,118.9003443643122,31.342317226461397,
v3_6,213,2.5468058204840247,COMPLETE,"{""bias_alpha"": 0.8837961893718831, ""bias_combine_ratio"": 0.23397609524581506, ""bias_window"": 6, ""default_weight_ratio_ceiling"": 0.561105614797423, ""default_weight_ratio_floor"": 0.28326865273106927, ""default_weight_ratio_steps"": 3, ""high_vol_boost_base"": 0.011013052344356268, ""high_vol_boost_scale"": 0.26489285915613237, ""high_vol_threshold_quantile"": 72.2762660754296, ""mape_window"": 56, ""max_boost"": 0.4793734692567036, ""max_weight"": 0.808636278576886, ""min_boost"": 0.14538506677618876, ""short_vol_window"": 4, ""warmup_ratio"": 0.7229757020339297}",8.134109052538737,0.23950861446471028,0.3633711465557351,0.0669913018779773,118.71201310310956,31.25261998577682,
